cluster_id,SUB_LAT,SUB_LON,TOTAL_POP,LOAD_MW
0,32.854473352622065,-95.60148768245931,8295.0,16.59
1,28.097405119929796,-97.86669081864274,15384.0,30.768
2,35.09987200411522,-98.53760483950617,4860.0,9.72
3,30.797353579877853,-98.45794547412406,3111.0,6.222
4,30.725223776623377,-99.57902714545455,385.0,0.77
5,32.96810332923868,-94.5653471174118,7001.0,14.002
6,31.72219273832048,-97.30971198340853,6871.0,13.742
7,30.064065432795115,-95.33580130826834,216331.0,432.66200000000003
8,29.94822521276596,-98.95944280506038,10434.0,20.868000000000002
9,32.00956021695179,-97.12897088482806,11574.0,23.148
10,36.18346226315789,-99.31271552631578,2166.0,4.332
11,29.102630171346473,-95.44752540605937,79348.0,158.696
12,33.37439655563234,-95.78591869799585,1447.0,2.894
13,36.492383299188006,-98.49883719300436,1601.0,3.202
14,32.5389546768793,-97.15611847674636,96286.0,192.572
15,33.604135556586485,-102.39846988854087,16921.0,33.842
16,33.69865952493075,-100.72087975761774,722.0,1.444
17,29.724100698191883,-95.21649964748714,250371.0,500.742
18,33.29089366685682,-95.45038398117512,1753.0,3.5060000000000002
19,29.71784026148705,-97.21043276441104,4788.0,9.576
20,33.938791674650695,-96.74954365708584,7515.0,15.030000000000001
21,32.77939138888704,-97.09209593710247,210835.0,421.67
22,30.391482111458927,-93.93493866258774,10542.0,21.084
23,33.59756520085587,-102.02254319897361,62159.0,124.318
24,35.248486285600954,-102.1404302689409,2521.0,5.042
25,31.91869655862069,-96.90935841773398,1015.0,2.0300000000000002
26,36.42762722459235,-97.9697162059276,29253.0,58.506
27,32.86325339141104,-98.30476142730062,3260.0,6.5200000000000005
28,28.81748020835381,-96.56237489729729,2035.0,4.07
29,30.61389668838015,-96.3206694393686,202593.0,405.18600000000004
30,33.22787375409836,-101.80750111475409,4575.0,9.15
31,29.90168397958495,-95.24574508681569,183688.0,367.37600000000003
32,28.941060071937486,-98.43106559020914,17404.0,34.808
33,33.63598450969414,-96.5201107953862,38580.0,77.16
34,32.164118925771476,-101.83136150125104,4796.0,9.592
35,32.93732527371695,-95.23795065071398,14146.0,28.292
36,31.543900819906565,-102.85617483573269,10489.0,20.978
37,32.0222351024738,-102.11792529556269,139138.0,278.276
38,29.896783601633828,-94.16583382296972,41620.0,83.24
39,35.565191526253884,-97.60316028106682,154739.0,309.478
40,33.531474071349564,-97.9680531637168,10848.0,21.696
41,29.287238652950343,-94.82462198392798,52638.0,105.276
42,35.18155571716138,-101.780440545614,75262.0,150.524
43,34.5730865973031,-98.49078062587033,54433.0,108.866
44,31.66286403829787,-99.6101721361702,235.0,0.47000000000000003
45,32.797314927636016,-94.30919526056432,7407.0,14.814
46,35.05602167210807,-97.93613638221223,21318.0,42.636
47,32.86013320415879,-99.58811820604915,529.0,1.058
48,35.8832313144476,-98.23366452974504,353.0,0.706
49,29.473253330041686,-98.80478731746952,44861.0,89.72200000000001
50,32.936487281957945,-97.40934489990947,107133.0,214.266
51,31.488745205711105,-100.40433607967292,46716.0,93.432
52,29.064344753038675,-96.46583879392266,5430.0,10.86
53,26.15210546340773,-98.17938299884683,190778.0,381.556
54,35.44175596571906,-97.3113063632943,57408.0,114.816
55,31.73535181279055,-95.53088202990324,15918.0,31.836000000000002
56,31.809377135215087,-106.45536450801121,142987.0,285.974
57,35.82301173168892,-97.95480949450668,9284.0,18.568
58,34.7124696196797,-97.21108863915741,13862.0,27.724
59,30.342915008076936,-97.93116638171169,72057.0,144.114
60,31.27194652619009,-100.40021563480434,36846.0,73.69200000000001
61,31.59855717638691,-96.23724991522049,7030.0,14.06
62,32.97902867916304,-102.5764108744551,3441.0,6.882000000000001
63,34.44438754219097,-97.18205259252406,5404.0,10.808
64,35.831548999999995,-99.8473285,192.0,0.384
65,31.859223947488296,-94.46585609452107,7903.0,15.806000000000001
66,29.205116406977805,-97.07629295862635,10949.0,21.898
67,32.68977405058021,-96.81710596335304,194068.0,388.136
68,32.882334017796154,-95.791719655222,11126.0,22.252
69,33.196261212614445,-99.91247591556461,983.0,1.966
70,31.35574937164751,-100.1486169770115,261.0,0.522
71,32.03800061120902,-97.54826023440253,2837.0,5.674
72,35.69622791728526,-97.7424077712973,14145.0,28.29
73,32.21766357246377,-98.75870801449275,2346.0,4.692
74,29.165486017452004,-98.96897510296684,11460.0,22.92
75,35.55275385981308,-99.91859977570094,535.0,1.07
76,33.140323901046905,-96.65569128049358,263539.0,527.078
77,31.621276219512197,-98.75248485714285,1722.0,3.444
78,36.12697434390993,-98.89506161003071,1954.0,3.908
79,35.76438429777778,-98.95175692444445,675.0,1.35
80,29.893813701457148,-97.64165670795886,26147.0,52.294000000000004
81,29.945687184445237,-96.48198376774883,2803.0,5.606
82,29.111882003350082,-98.19984798511497,26268.0,52.536
83,34.14717535964105,-97.28972840013806,4346.0,8.692
84,32.19280171705787,-97.78786578212875,8606.0,17.212
85,31.315643931486335,-96.84527234032197,8013.0,16.026
86,36.33534275518672,-98.2985731659751,1928.0,3.856
87,30.25008727257431,-97.16675087324734,5349.0,10.698
88,33.77752407597536,-96.06619432032855,1948.0,3.896
89,30.62834058007021,-95.52354296824403,36749.0,73.498
90,26.584492383561642,-99.1112974520548,730.0,1.46
91,34.01406334090909,-102.17904447727273,132.0,0.264
92,32.55013193983166,-94.46404596276481,28038.0,56.076
93,30.03789620939018,-94.56614905612521,1853.0,3.706
94,35.676086196581196,-97.23534187037038,7020.0,14.040000000000001
95,33.77865915920413,-96.63616899193983,31513.0,63.026
96,34.377982683138136,-102.42609675052142,6233.0,12.466000000000001
97,33.39373691007371,-99.85600834791155,2035.0,4.07
98,34.53912960650128,-99.12193413857999,1169.0,2.338
99,29.616523349968052,-98.40693305278903,103298.0,206.596
100,31.67182204716636,-94.68322098980913,40919.0,81.83800000000001
101,33.06706660703834,-97.65516078067081,13327.0,26.654
102,33.05678661404703,-98.62400200967718,13227.0,26.454
103,26.05955759941234,-97.81890647502448,1021.0,2.0420000000000003
104,33.17723202981466,-98.37841935858178,1241.0,2.482
105,29.920298429747955,-95.4976145622733,233495.0,466.99
106,31.4704669284434,-97.39489118661244,14506.0,29.012
107,35.927054130134074,-102.02172047424983,18796.0,37.592
108,30.061445669358456,-99.55408230551816,2229.0,4.458
109,36.25620143478261,-98.1080562173913,1127.0,2.254
110,30.825569508946323,-95.14502034791252,7545.0,15.09
111,32.844249302717905,-97.16978149762485,186725.0,373.45
112,31.813712782622634,-94.88211041647965,3119.0,6.238
113,29.85023017302142,-97.82387284323256,6583.0,13.166
114,35.18413540253368,-97.28453145632974,22418.0,44.836
115,31.195467163528548,-97.97953596848895,46206.0,92.412
116,32.4125640972911,-100.6088316543304,2621.0,5.242
117,32.5907193915697,-97.30938200377476,154182.0,308.36400000000003
118,32.688691908163264,-99.86753306377551,5096.0,10.192
119,31.467278720156557,-106.1346161369863,7154.0,14.308
120,30.203296180506396,-97.82589038426401,172077.0,344.154
121,30.012894097907623,-96.25399075641532,12665.0,25.330000000000002
122,34.48897790909091,-100.51186864772727,176.0,0.352
123,33.53982836633663,-94.80763327722772,3131.0,6.2620000000000005
124,29.44055417787158,-98.44367542190726,148298.0,296.596
125,32.65818788725943,-97.56951973759811,46505.0,93.01
126,33.63294297689856,-101.46156226394052,3766.0,7.532
127,34.58267232920046,-98.2796232603708,25890.0,51.78
128,31.35853452040816,-99.45819840816326,294.0,0.588
129,33.39028468696067,-97.19517503952324,20975.0,41.95
130,29.307100730603448,-96.09130204310345,14848.0,29.696
131,30.610044275163187,-97.58263626519417,75835.0,151.67000000000002
132,36.894043455535396,-97.99957315426498,551.0,1.102
133,34.25842460655737,-99.51162181581485,1037.0,2.074
134,34.04025235269419,-101.93688916270119,2858.0,5.716
135,31.541972144083356,-97.12577534729188,133395.0,266.79
136,36.54918354593176,-98.23507948818896,1905.0,3.81
137,27.91672079253796,-97.3639752909098,25489.0,50.978
138,35.61628749446495,-101.54844160516603,5420.0,10.84
139,31.567485025598682,-96.79977149380677,3633.0,7.266
140,30.679497051464764,-96.48539769437846,11367.0,22.734
141,33.246489149608465,-95.92109325827724,14558.0,29.116
142,32.28897186213887,-96.0751443222596,21703.0,43.406
143,34.47101054026102,-102.91636606402363,4061.0,8.122
144,28.89054937196262,-97.33911189158879,535.0,1.07
145,32.370678953443225,-96.81449214867106,56662.0,113.324
146,36.870059103296704,-98.23029278241759,455.0,0.91
147,30.026703263262473,-95.17955782888076,146956.0,293.912
148,34.77956097269969,-98.97849750353893,989.0,1.978
149,32.1764054003118,-97.3665648084185,5773.0,11.546
150,31.132508689477557,-96.99756226490067,5436.0,10.872
151,29.65802632845753,-95.95651762263795,15929.0,31.858
152,32.575998799949105,-99.66553997189399,27503.0,55.006
153,32.797814181165194,-96.97464566438487,237093.0,474.18600000000004
154,29.657572,-96.733177,5290.0,10.58
155,34.67534186650747,-97.90866692081343,12982.0,25.964000000000002
156,29.73692403328908,-95.44556321917065,285499.0,570.998
157,27.67657150616983,-97.40008280275576,168157.0,336.314
158,30.090753204810976,-95.99979223207117,33382.0,66.764
159,29.216181741935486,-97.55600643514069,1457.0,2.914
160,30.512815554196777,-94.96659773985547,10794.0,21.588
161,30.600945081263063,-97.18940773392153,4307.0,8.614
162,30.188292830751223,-95.6905285053133,76036.0,152.072
163,34.39865179264448,-98.35297808406304,5710.0,11.42
164,36.03299981395349,-98.67827769767442,1290.0,2.58
165,31.857104807780086,-95.88416832707469,9640.0,19.28
166,29.344217829814625,-97.76224035324407,3884.0,7.768
167,31.98113839378688,-94.28540731950712,5762.0,11.524000000000001
168,34.471190236568845,-96.97271790925508,8860.0,17.72
169,36.630251387963455,-97.83532702149381,1861.0,3.722
170,33.162098178738944,-96.4378351656701,27929.0,55.858000000000004
171,30.41383875295059,-97.03205373254652,4999.0,9.998
172,33.16664833430914,-95.20590916583726,6832.0,13.664
173,29.04094316103896,-96.06512297402598,1155.0,2.31
174,27.760458058562563,-97.41747468870915,95573.0,191.14600000000002
175,29.694797889655757,-98.06953992543622,82587.0,165.174
176,32.496028771213886,-95.43858408245887,30876.0,61.752
177,33.289770496098626,-96.97981510563737,43318.0,86.636
178,32.873836687379395,-96.70247124287962,309359.0,618.718
179,26.274911510943763,-98.35806175136493,184443.0,368.886
180,34.60022783853007,-98.93590120657015,1796.0,3.592
181,28.908185,-95.868152,24254.0,48.508
182,32.73033043424162,-95.43939899808234,22423.0,44.846000000000004
183,30.547786017060847,-97.91626518196394,90441.0,180.882
184,34.90633604174229,-100.67856349183302,551.0,1.102
185,35.2543395622568,-98.94353906531408,3598.0,7.196
186,33.18444487992932,-97.12202438293318,192420.0,384.84000000000003
187,30.571825119375575,-97.38832117152386,20691.0,41.382
188,29.985725129475888,-95.70016162192269,223084.0,446.168
189,27.831888521446697,-97.58594853523495,32709.0,65.418
190,32.445769721378355,-95.26378580091432,20343.0,40.686
191,33.50089508347887,-96.69891690592618,8589.0,17.178
192,30.90437344801085,-97.19503356374322,4424.0,8.848
193,29.421477071482318,-96.50229760120392,1329.0,2.658
194,32.7538187917253,-96.26915407980735,31977.0,63.954
195,29.343307544680073,-95.0773725501567,32867.0,65.734
196,34.04939231866953,-98.21774821888413,932.0,1.864
197,33.31134664361703,-94.31091951702128,4700.0,9.4
198,33.65426987644888,-101.76034750189719,19239.0,38.478
199,30.271839674793146,-97.63426819138382,47376.0,94.752
200,29.38443664864187,-98.59653223295643,175462.0,350.92400000000004
201,35.42627694538606,-99.23518422410547,1593.0,3.186
202,31.894601565266736,-96.62092217253122,2643.0,5.2860000000000005
203,27.723544141779843,-98.1337853167266,28643.0,57.286
204,32.57399651032678,-96.81659704230172,136732.0,273.464
205,30.7637422621405,-97.42046218717586,4242.0,8.484
206,32.955391837038434,-96.76794568095445,244708.0,489.416
207,35.31321385106383,-98.38801795417348,1833.0,3.666
208,34.85684540413852,-100.50938118074325,2368.0,4.736
209,32.6054237490172,-96.51949826501243,27727.0,55.454
210,28.44265667942584,-96.55143207655503,3553.0,7.106
211,30.591270000000005,-104.660157,175.0,0.35000000000000003
212,32.07528449748407,-96.7711000979537,2981.0,5.962
213,33.4831079566787,-99.62400564981951,1939.0,3.878
214,29.557525055800294,-94.42123608663731,681.0,1.362
215,29.722122293787834,-95.79632814873462,259684.0,519.368
216,29.351289949498696,-99.57070559413295,2693.0,5.386
217,34.27313483898305,-96.62577438576271,5900.0,11.8
218,32.93285395391705,-97.71955079004235,32116.0,64.232
219,33.651859551072725,-96.70083001451681,26521.0,53.042
220,35.486425984321876,-98.9644899222705,10588.0,21.176000000000002
221,32.74161199992598,-96.69693938739935,189133.0,378.266
222,29.660058427572753,-95.43036293072788,220435.0,440.87
223,30.057361151758236,-98.11051030200292,19821.0,39.642
224,34.18094453638814,-101.38514243396226,2226.0,4.452
225,33.45623451350415,-101.84403600277008,51984.0,103.968
226,35.37584240021119,-97.49306406012704,126898.0,253.796
227,31.745961791524902,-97.08932214362306,9699.0,19.398
228,31.013846407825284,-97.7889539078979,103255.0,206.51
229,30.03001284850575,-97.83202906741617,101489.0,202.978
230,31.984417018461535,-99.68719804615384,325.0,0.65
231,30.08519226537362,-94.72756190016257,17839.0,35.678
232,29.35922338157895,-96.1985760131579,456.0,0.912
233,28.239559862256456,-97.65662920842773,2207.0,4.414
234,29.953501195129245,-93.9353356052469,103680.0,207.36
235,32.46721264371258,-101.72608140119759,1002.0,2.004
236,32.93218685323956,-96.58381244166561,151703.0,303.406
237,33.83416728788639,-97.7427378310777,5985.0,11.97
238,31.532003679083093,-99.45951648424068,349.0,0.6980000000000001
239,33.39577645724654,-95.14921748083465,4409.0,8.818
240,26.29486725568055,-98.50314069242742,22489.0,44.978
241,36.31953488709677,-97.68323241935484,868.0,1.736
242,32.28020344827586,-98.19735175862068,30856.0,61.712
243,28.470281,-98.226391,4394.0,8.788
244,30.901501661417324,-94.84173856397638,1016.0,2.032
245,28.413280081081083,-99.73093172972973,1110.0,2.22
246,27.392497332402233,-98.1903586944134,3580.0,7.16
247,31.61065711907594,-100.5568378093032,31946.0,63.892
248,32.240303725175195,-97.15883171148249,9275.0,18.55
249,32.942309332730346,-96.31603193306802,33168.0,66.336
250,32.83501303032407,-97.5240718584414,93622.0,187.244
251,29.37185841388971,-98.24962696284281,13564.0,27.128
252,31.5083048372093,-98.1172698372093,1419.0,2.838
253,29.511503057043587,-98.29729994544226,137579.0,275.158
254,31.473471831196083,-96.514333266962,8578.0,17.156
255,35.3430038071627,-97.57227140322368,83879.0,167.758
256,31.289571020007845,-96.18486533071791,5098.0,10.196
257,33.06231815171573,-96.38387144765721,5741.0,11.482000000000001
258,34.241858054054056,-96.82437466066065,1998.0,3.996
259,30.686139,-103.96015,2044.0,4.088
260,30.396167899046805,-97.68751964278864,190831.0,381.66200000000003
261,29.093278070588234,-95.90402378117646,1700.0,3.4
262,26.488148897551888,-97.73714545316658,15032.0,30.064
263,28.938514556794566,-97.020520583114,28876.0,57.752
264,33.46108755989584,-101.6486934921875,8064.0,16.128
265,32.26059380506665,-95.19991246071139,27158.0,54.316
266,32.63328701994215,-97.39751482561488,144869.0,289.738
267,31.747492619219578,-99.01151883719531,29907.0,59.814
268,29.180241435046923,-95.6871448757466,9376.0,18.752
269,32.94821084181213,-97.25573084916738,159614.0,319.228
270,31.835905000000004,-105.052957,90.0,0.18
271,29.84763251953125,-94.668848375,1536.0,3.072
272,34.91445047769029,-98.15623631496062,3048.0,6.096
273,32.49761564582361,-96.644467206564,12858.0,25.716
274,33.207091041751944,-94.11043096070405,4886.0,9.772
275,34.25984714453411,-98.18048516874542,1363.0,2.726
276,27.791525841318613,-97.7431289835589,24086.0,48.172000000000004
277,32.40240662652717,-99.80088412747433,57541.0,115.08200000000001
278,31.130141065425914,-97.74724451324266,41910.0,83.82000000000001
279,32.986490834337744,-96.50094308404041,100059.0,200.118
280,33.55883450465634,-101.88189923078025,90844.0,181.68800000000002
281,36.31402014041096,-97.5230791130137,876.0,1.752
282,29.32546651585193,-98.38498946012449,82419.0,164.838
283,33.85916866582474,-98.51465431548692,80371.0,160.742
284,32.65665067237587,-97.05980804222892,205049.0,410.098
285,33.233866,-102.673105,15.0,0.03
286,30.878074866724738,-97.60055252115481,16072.0,32.144
287,31.698892724411284,-96.92847362765212,4289.0,8.578
288,29.773642381398048,-95.52188275492993,211666.0,423.332
289,33.594045281437126,-96.31431389347621,3173.0,6.346
290,30.921203084587816,-97.37779320501791,5580.0,11.16
291,29.7490833245283,-96.38751897075473,2120.0,4.24
292,35.5017898937109,-97.51419985407007,58021.0,116.042
293,35.322150552857146,-98.57624234142858,700.0,1.4000000000000001
294,31.72264137812912,-96.6487830803689,1518.0,3.036
295,29.253037436317992,-97.9247020530544,5975.0,11.950000000000001
296,29.790014938280777,-95.60012245373503,153453.0,306.906
297,35.312969,-102.446391,1124.0,2.248
298,31.624929672840118,-106.2081685942332,121974.0,243.948
299,30.402611863115183,-96.49456557064738,5669.0,11.338000000000001
300,30.33322323012962,-98.4124801912448,4089.0,8.178
301,30.212770423501578,-98.59866285410095,1268.0,2.536
302,30.773622851311956,-95.34443177551022,686.0,1.372
303,35.524915,-100.44249200000002,182.0,0.364
304,32.46125435773711,-97.44783513617455,26444.0,52.888
305,32.083366776992285,-96.53266688962081,31120.0,62.24
306,30.2644113106137,-97.74743191529565,225077.0,450.154
307,33.753619008564435,-96.91384620432301,12260.0,24.52
308,33.432773759859465,-94.1402029796955,65749.0,131.498
309,32.34539063691073,-97.96059067602809,4985.0,9.97
310,33.93712004416213,-102.96105820508167,1653.0,3.306
311,29.591307083916085,-99.7142314965035,286.0,0.5720000000000001
312,33.05771006276221,-96.76446914812153,233835.0,467.67
313,36.2878,-102.913883,637.0,1.274
314,31.760814445342177,-106.3254314922987,255087.0,510.17400000000004
315,29.505351093655587,-96.61589253474321,1324.0,2.648
316,32.51397502767088,-94.86172724724614,49113.0,98.226
317,35.0242451815423,-97.48161730472337,12851.0,25.702
318,28.371399,-99.135335,5510.0,11.02
319,30.695393145554025,-97.76955336721029,66161.0,132.322
320,27.778915,-97.113625,4407.0,8.814
321,32.626364723182185,-96.94782761706342,123211.0,246.422
322,26.156443244547322,-98.01414803469657,119666.0,239.332
323,29.829981397907897,-95.69840679822562,242340.0,484.68
324,35.655751536170214,-98.37849142553192,1645.0,3.29
325,28.898313257861634,-96.83550029845627,3498.0,6.996
326,29.49911137583642,-98.51046787543044,168725.0,337.45
327,29.249534169014083,-95.30318876079055,4402.0,8.804
328,32.442953288574145,-97.7540199847021,54648.0,109.296
329,29.67611001056005,-98.63954685055695,51799.0,103.598
330,29.46252363331601,-95.97058788565488,3848.0,7.696
331,33.408170909090906,-97.70338456363636,4620.0,9.24
332,25.95434639557832,-97.31621203990588,101138.0,202.276
333,32.23172451164958,-96.46874111929169,3219.0,6.438
334,29.673791,-99.317226,314.0,0.628
335,33.96691283952254,-98.96285568355437,3770.0,7.54
336,35.960516438795466,-97.25727607587017,2557.0,5.114
337,31.356209,-95.152898,1745.0,3.49
338,31.97243,-99.950305,3149.0,6.298
339,30.0808,-99.282359,4860.0,9.72
340,29.801907571268707,-94.416948152329,7149.0,14.298
341,28.867033,-98.240425,3253.0,6.506
342,34.457478,-101.287161,903.0,1.806
343,33.633175,-101.178516,2032.0,4.064
344,35.2993866434635,-98.04218625127335,3534.0,7.0680000000000005
345,31.686812,-98.18703,4595.0,9.19
346,32.28134618290586,-95.54717938607641,13373.0,26.746000000000002
347,32.336936802803166,-99.92683944091,24615.0,49.230000000000004
348,32.94736815734055,-99.85499496570395,3324.0,6.648000000000001
349,33.18303465546772,-94.56569349934124,3036.0,6.072
350,34.641923164771036,-99.31640818845811,20222.0,40.444
351,32.31366266117216,-95.08182093315018,6552.0,13.104000000000001
352,30.504487343315212,-97.77525791828685,200029.0,400.058
353,29.378642190955564,-95.80516010837593,12715.0,25.43
354,31.856666179948586,-100.27127464524422,1556.0,3.112
355,33.04942175861179,-97.07641276238185,116178.0,232.356
356,31.82468057293901,-102.49822431901634,59207.0,118.414
357,31.333177,-105.902546,2182.0,4.364
358,26.620529033333334,-98.48167803333332,600.0,1.2
359,29.5331904158603,-95.35300371763272,114815.0,229.63
360,35.451665,-102.140733,833.0,1.666
361,31.075822999999996,-96.425784,5492.0,10.984
362,33.002728901160275,-96.65494208655689,145569.0,291.13800000000003
363,30.716461161600574,-97.97363066954689,19443.0,38.886
364,29.837429744349336,-95.42066478693584,288683.0,577.366
365,30.429399,-103.325765,0.0,0.0
366,31.866982093645483,-98.80307849331103,1794.0,3.588
367,34.28380210697149,-97.50085231526953,3543.0,7.086
368,30.346842646831806,-97.73179084752866,183969.0,367.938
369,31.714874,-103.157617,1023.0,2.0460000000000003
370,36.09767808641975,-97.93312160493828,4212.0,8.424
371,32.136789966837306,-96.05252037947919,8986.0,17.972
372,35.635369,-101.8379835,0.0,0.0
373,33.368551284649776,-96.02811991249733,4697.0,9.394
374,36.70335693946731,-98.11066611864408,826.0,1.6520000000000001
375,28.879889019417472,-97.68273151537217,2472.0,4.944
376,32.25335096767001,-96.71674659977704,897.0,1.794
377,29.876196952662724,-97.05728299526628,1690.0,3.38
378,35.63422,-100.231976,202.0,0.404
379,29.526355425007818,-95.53095940725679,76728.0,153.45600000000002
380,33.510354046783625,-96.9013966140351,5301.0,10.602
381,32.93912622151898,-94.12734824156117,1896.0,3.7920000000000003
382,33.67309921600567,-97.37308727939094,2824.0,5.648
383,33.16586298452696,-96.8251157411236,230724.0,461.44800000000004
384,28.945877107744106,-96.22868035016835,297.0,0.594
385,35.55419304567648,-97.32950718065837,12698.0,25.396
386,31.55775359341432,-94.5050484683504,15640.0,31.28
387,30.170808428155574,-95.49956033529357,187224.0,374.44800000000004
388,30.181922121040724,-96.76287835633484,1768.0,3.536
389,30.039130822817775,-95.54187363216867,268808.0,537.616
390,33.13355541874607,-96.09928138212938,38152.0,76.304
391,30.642625817869416,-94.14450109507446,1746.0,3.492
392,31.098438302888074,-97.63576229681247,69458.0,138.916
393,31.422796,-102.487774,4619.0,9.238
394,29.585985118613543,-95.48682740156546,112171.0,224.342
395,33.465378204692755,-101.95451535791773,57706.0,115.412
396,30.18731744060475,-95.17865433477321,45374.0,90.748
397,31.426889206965985,-97.75188979367664,23342.0,46.684
398,28.48669528782288,-96.92630678720786,813.0,1.6260000000000001
399,28.609909077052208,-96.61699489994963,17871.0,35.742
400,28.78662616114268,-97.00019025129967,57899.0,115.798
401,30.020516695417793,-94.37923967654987,1855.0,3.71
402,30.596998,-101.78453,267.0,0.534
403,29.502112560264653,-95.02486394102479,85697.0,171.394
404,27.306614,-97.780427,1285.0,2.57
405,30.533976999999997,-101.30603100000002,3206.0,6.412
406,33.24582641151141,-97.30630032725708,13934.0,27.868000000000002
407,32.70766430120106,-95.83527643066603,6411.0,12.822000000000001
408,32.593166,-101.059439,225.0,0.45
409,32.8166785410123,-96.60596775728887,188541.0,377.082
410,27.987983000000003,-98.06698,4967.0,9.934000000000001
411,29.792743435775684,-94.85953020225132,24430.0,48.86
412,34.105398788205456,-98.62047537824984,12616.0,25.232
413,29.38573214712322,-98.7279379002873,93629.0,187.258
414,32.35715135795925,-97.32795065164818,24148.0,48.296
415,34.93777477429984,-101.91605343657332,23066.0,46.132
416,31.228870000000004,-102.162001,2415.0,4.83
417,35.176472730927465,-101.88513195218896,109870.0,219.74
418,28.753482304347823,-95.86554678260869,920.0,1.84
419,29.554896877686055,-95.23168441242349,159295.0,318.59000000000003
420,28.733411,-97.894958,6960.0,13.92
421,30.649554000000002,-97.006117,8867.0,17.734
422,31.222792,-99.896165,2070.0,4.14
423,33.341053,-100.714732,67.0,0.134
424,34.531086,-102.09627,754.0,1.508
425,31.412450318943627,-94.37699692280344,1969.0,3.938
426,32.86692098645044,-96.86085899566936,107605.0,215.21
427,29.809429,-99.540242,124.0,0.248
428,30.879381,-96.138959,2178.0,4.356
429,34.45392879150142,-97.57112016997168,1765.0,3.5300000000000002
430,34.29572975400291,-96.42672432314411,2061.0,4.122
431,30.128715036404394,-97.55739143752523,44610.0,89.22
432,34.282885,-101.941418,85.0,0.17
433,28.257475,-98.143051,4082.0,8.164
434,31.901561755404472,-102.33963827842916,99871.0,199.742
435,30.251577781185805,-95.32989185748116,35048.0,70.096
436,29.605008,-99.459791,1645.0,3.29
437,32.05675082207159,-96.34204583795807,4721.0,9.442
438,29.19035787458609,-98.44655007201987,19328.0,38.656
439,30.280938,-98.87668300000001,22751.0,45.502
440,32.46267506564552,-96.40422902538293,4570.0,9.14
441,34.349913,-101.050762,480.0,0.96
442,32.001589,-97.882698,646.0,1.292
443,32.46089433108695,-97.01041372787034,48374.0,96.748
444,31.946383458149782,-95.11606863436124,454.0,0.908
445,30.31951104131809,-95.47805655508841,70405.0,140.81
446,33.2521346581074,-96.62044412227776,74617.0,149.234
447,31.105076434242733,-97.25559791788686,22469.0,44.938
448,27.194074,-98.207295,7222.0,14.444
449,36.16796263402693,-100.12834954834761,817.0,1.6340000000000001
450,31.917193946249537,-106.41944621936501,86176.0,172.352
451,32.714332399999996,-100.21295106153846,325.0,0.65
452,29.8542596852862,-95.97868125790967,13749.0,27.498
453,33.72533198844884,-95.74122272343234,3030.0,6.0600000000000005
454,26.252711844875765,-98.22516492113512,158892.0,317.784
455,29.93136979982744,-98.5490842096635,2318.0,4.636
456,31.307740572025054,-97.06431633959639,1437.0,2.874
457,32.93782481779055,-97.09792039795502,85967.0,171.934
458,29.385779071862977,-94.95492330880968,62647.0,125.294
459,30.16289082784475,-97.72949230942814,68688.0,137.376
460,33.510496,-102.646424,551.0,1.102
461,32.291861,-100.21074800000001,24.0,0.048
462,32.929648,-102.133506,246.0,0.492
463,33.09791166400816,-97.3957177838264,21566.0,43.132
464,28.764527,-98.485947,227.0,0.454
465,33.00776715598886,-98.04978338625811,1077.0,2.154
466,34.781123793478265,-98.17421838389328,4048.0,8.096
467,32.515491,-100.195108,440.0,0.88
468,32.600503,-98.17276,1502.0,3.004
469,32.78779633575098,-96.4443290749471,86034.0,172.068
470,34.160505,-99.34314,12112.0,24.224
471,29.515694,-96.121026,3857.0,7.714
472,29.550979332725195,-98.73942071190706,90988.0,181.976
473,32.908208,-102.3366,479.0,0.9580000000000001
474,29.690184,-97.633555,8264.0,16.528
475,33.889082,-102.337301,6591.0,13.182
476,35.908257,-100.28533800000001,3844.0,7.688
477,35.67974914447781,-97.58595234346627,56943.0,113.886
478,33.0351331171514,-95.41797497390596,3679.0,7.3580000000000005
479,32.85719923689052,-94.71504502069916,6522.0,13.044
480,28.112217980815586,-97.04615143717356,19912.0,39.824
481,29.607241548826963,-98.49679413677329,110738.0,221.476
482,33.60699243740686,-96.05054497913562,1342.0,2.684
483,33.70151114430739,-101.89532729832987,18322.0,36.644
484,29.20180490048014,-98.80655961274553,11455.0,22.91
485,28.568278000000003,-97.579237,316.0,0.632
486,36.65600925490196,-98.61833964705883,153.0,0.306
487,28.888354000000003,-99.141337,12566.0,25.132
488,33.16283684313394,-96.9601679555405,82682.0,165.364
489,29.722480933991672,-98.47508411802698,40101.0,80.202
490,31.169521,-103.085135,229.0,0.458
491,30.420626901659496,-94.67821626429011,1627.0,3.254
492,31.829711999999997,-105.971362,83326.0,166.65200000000002
493,33.66064738777174,-97.17817251745923,29440.0,58.88
494,35.20898,-100.242918,2570.0,5.14
495,33.492528204719065,-96.4125852758445,5891.0,11.782
496,33.383939343935985,-96.52668633522526,25371.0,50.742000000000004
497,34.68467416214305,-98.49172097692514,11311.0,22.622
498,33.69528096250986,-95.2989254510655,5068.0,10.136000000000001
499,30.013880999999998,-97.182098,9218.0,18.436
500,32.857153,-100.124111,2286.0,4.572
501,26.261363000000003,-97.489015,6915.0,13.83
502,25.98250510122931,-97.50704816241557,121694.0,243.388
503,31.57777030134025,-97.238139718021,53199.0,106.398
504,29.683804121270406,-95.66294421707241,245402.0,490.80400000000003
505,29.52666934346722,-95.10340550574107,159465.0,318.93
506,26.283870587022015,-97.85278440301275,8630.0,17.26
507,32.10973445998401,-95.34870007995931,13757.0,27.514
508,36.359771,-100.157216,501.0,1.002
509,31.28479613343799,-93.98741391732078,3822.0,7.644
510,34.361144,-101.74422600000001,1322.0,2.644
511,33.182928,-100.895056,625.0,1.25
512,32.6227677963869,-96.68705878471961,10628.0,21.256
513,31.875051,-103.933392,0.0,0.0
514,32.862809224874525,-97.28669017913722,168156.0,336.312
515,29.527792174781254,-98.38386373817033,149032.0,298.064
516,29.777369109572668,-94.97972880780623,94540.0,189.08
517,29.9001381053997,-95.36663305701052,138378.0,276.75600000000003
518,33.02950656934163,-96.88439216526541,203031.0,406.062
519,30.316241,-95.849802,2961.0,5.922
520,34.580896,-101.697218,5401.0,10.802
521,32.102911,-101.365434,449.0,0.898
522,32.60066143995063,-95.67167629981961,10533.0,21.066
523,33.804916,-102.162277,1505.0,3.0100000000000002
524,34.408017,-102.579402,73.0,0.146
525,34.91786328580945,-97.73258775949368,1501.0,3.0020000000000002
526,26.167007288422727,-97.88861371827629,46574.0,93.148
527,26.229265505951858,-97.70345882637133,91736.0,183.472
528,28.938680574144488,-97.92274706463878,526.0,1.052
529,29.588491182791557,-95.61571756532764,155784.0,311.568
530,33.507585,-100.908386,1483.0,2.966
531,27.742714,-97.915595,633.0,1.266
532,36.27660593699003,-97.91779814097914,2206.0,4.412
533,31.786492376623375,-96.39170211688312,1925.0,3.85
534,28.800642,-98.062937,4418.0,8.836
535,33.442185,-102.19503300000001,1306.0,2.612
536,32.924005,-96.109433,15912.0,31.824
537,28.121595000000003,-97.553008,9874.0,19.748
538,28.775083082674847,-96.23402179219248,8479.0,16.958000000000002
539,27.421353,-98.514272,447.0,0.894
540,34.90590622105263,-102.14414743157894,95.0,0.19
541,30.215075,-96.410272,28507.0,57.014
542,32.106426,-100.313408,555.0,1.11
543,34.914806,-102.554528,18706.0,37.412
544,36.09425931355932,-97.42106561864406,1180.0,2.36
545,34.041936,-100.852771,894.0,1.788
546,31.004969,-103.759065,1029.0,2.058
547,32.79645675474882,-97.31978038548556,117924.0,235.848
548,32.438486275270094,-94.67682098756845,27028.0,54.056000000000004
549,31.289123,-98.995473,823.0,1.6460000000000001
550,33.434243,-102.488401,1488.0,2.976
551,30.096574900787335,-94.14947690408262,90432.0,180.864
552,32.184409215311,-96.85012939451936,4598.0,9.196
553,28.524903,-99.50848,877.0,1.754
554,30.985763,-98.73555,709.0,1.418
555,35.691677734183806,-97.45518879371691,69138.0,138.276
556,29.69406666111669,-96.55993355332282,6967.0,13.934000000000001
557,29.387969,-103.990395,23.0,0.046
558,33.337542,-102.33135,1248.0,2.496
559,35.581845,-100.068724,202.0,0.404
560,31.056147,-93.61565500000002,1628.0,3.2560000000000002
561,34.195546,-102.1193,2436.0,4.872
562,31.950605471259955,-106.595097285479,18215.0,36.43
563,30.936006000000003,-97.934579,367.0,0.734
564,33.774479,-100.990114,58.0,0.116
565,32.751934,-101.474837,187.0,0.374
566,31.723763,-100.331847,83.0,0.166
567,32.473616,-100.032549,5230.0,10.46
568,34.17256,-102.78941,6954.0,13.908
569,32.673266,-98.485899,1204.0,2.408
570,31.657754,-99.292932,1670.0,3.34
571,32.689865,-102.724434,16760.0,33.52
572,34.368347,-102.134819,1480.0,2.96
573,29.91546038784271,-95.63475478071585,113907.0,227.814
574,34.230443,-100.935228,42.0,0.084
575,32.705014021659956,-96.5945240938012,73869.0,147.738
576,33.857882,-101.881538,3777.0,7.554
577,32.879511,-101.246784,226.0,0.452
578,32.458787,-100.357939,12683.0,25.366
579,35.541234,-100.906572,20148.0,40.296
580,35.410903689691686,-97.64154693833842,8498.0,16.996
581,31.808100190854866,-98.38288070377735,1006.0,2.012
582,33.648085,-102.824937,2198.0,4.396
583,33.040779,-101.224823,70.0,0.14
584,29.627806365780167,-95.28221750517488,91596.0,183.192
585,32.749045839076366,-96.89980476408738,106709.0,213.418
586,29.413433734319756,-98.52284544985238,85697.0,171.394
587,27.949861133220192,-97.60306415528214,4714.0,9.428
588,29.221130072262003,-98.64270561449219,15084.0,30.168
589,26.654454,-98.259766,293.0,0.586
590,28.57703820805369,-98.37544219463086,447.0,0.894
591,32.3395146807126,-95.30788256438284,63767.0,127.534
592,36.318349,-101.559411,2085.0,4.17
593,32.39930792678152,-98.79634582850431,5108.0,10.216000000000001
594,29.906253196428572,-97.409888,3472.0,6.944
595,26.148406,-97.370376,17999.0,35.998
596,29.83722,-101.212436,212.0,0.424
597,32.335802,-99.350571,3375.0,6.75
598,30.177899410973765,-97.91676679907665,47003.0,94.006
599,32.74048469445701,-97.43145732288839,79560.0,159.12
600,31.832862,-103.054925,6783.0,13.566
601,32.891818,-100.49820600000001,1734.0,3.468
602,29.539777922107962,-98.59094846737173,204899.0,409.798
603,31.272382,-100.889468,1421.0,2.842
604,36.846523,-99.540299,1769.0,3.5380000000000003
605,32.236582732939524,-95.34678285863713,61282.0,122.56400000000001
606,35.04000504830287,-98.78122064099216,1532.0,3.064
607,29.932894,-95.05721899999999,30042.0,60.084
608,29.559671,-97.081874,1722.0,3.444
609,35.53453478871408,-97.41962900442074,7691.0,15.382
610,32.86898737938005,-97.90315914555255,14840.0,29.68
611,33.897884,-102.68249,58.0,0.116
612,34.227718463651044,-98.72341858723748,1238.0,2.476
613,32.837557169945114,-96.7724374229477,121145.0,242.29
614,36.037941,-101.50697,267.0,0.534
615,30.286936,-96.189365,1800.0,3.6
616,29.773894321528214,-95.33472891517934,74911.0,149.822
617,32.335729,-102.697303,18227.0,36.454
618,28.291992000000004,-96.898424,157.0,0.314
619,27.89278688572884,-97.18653684557262,23558.0,47.116
620,35.44877048190132,-97.56979680285791,70751.0,141.502
621,35.230542438756935,-97.45988157343383,117548.0,235.096
622,30.922006,-101.970261,1362.0,2.724
623,33.021097009658156,-96.99509289824364,83867.0,167.734
624,30.753974,-102.805469,13636.0,27.272000000000002
625,36.483086,-102.259356,0.0,0.0
626,33.89901816602317,-97.36921864350066,1554.0,3.108
627,34.68961,-99.900319,2175.0,4.3500000000000005
628,26.280733,-97.28416599999998,2798.0,5.596
629,32.714661922685536,-97.78633450361515,52280.0,104.56
630,31.187072,-94.758803,8737.0,17.474
631,31.512935983283477,-95.43801114006686,5683.0,11.366
632,36.854789,-100.89496999999999,1471.0,2.942
633,28.649718855886665,-96.87426072642893,2047.0,4.094
634,32.304117,-100.924392,7451.0,14.902000000000001
635,36.398532,-99.814293,732.0,1.464
636,30.688543,-98.689889,6938.0,13.876
637,31.484586,-103.16104599999998,174.0,0.34800000000000003
638,30.203288251592358,-93.80407644267515,22608.0,45.216
639,34.169757,-101.73385,26404.0,52.808
640,29.896424673138053,-98.23742154354736,20449.0,40.898
641,36.276881,-101.996725,2021.0,4.042
642,33.22212757990244,-94.81004504156097,5125.0,10.25
643,34.130127,-97.639345,1870.0,3.74
644,29.182798999999996,-103.262437,202.0,0.404
645,36.591396,-99.806561,134.0,0.268
646,32.006167,-99.292204,199.0,0.398
647,28.941736,-98.851298,1176.0,2.352
648,34.90076,-100.994549,2767.0,5.534
649,34.008689,-96.544119,3222.0,6.444
650,29.306814823548937,-98.49180599515957,93380.0,186.76
651,30.785329,-96.70416200000001,767.0,1.534
652,31.904341,-94.048094,2634.0,5.268
653,30.028067,-101.97046100000001,11.0,0.022
654,33.877689,-101.59475499999999,1438.0,2.876
655,29.408381457597173,-97.5869333268551,566.0,1.1320000000000001
656,28.496731000000004,-98.827726,158.0,0.316
657,30.553812,-93.812696,1049.0,2.098
658,33.663063,-94.997258,4177.0,8.354000000000001
659,29.4745370027335,-98.63614119292328,217304.0,434.608
660,29.974843880905787,-96.67244615767403,3577.0,7.154
661,31.627357,-98.546717,238.0,0.47600000000000003
662,34.401141730983305,-98.94738532467531,4312.0,8.624
663,34.006193,-98.387687,4285.0,8.57
664,28.81559091800275,-98.6294640316079,8732.0,17.464
665,26.530903,-98.740235,44047.0,88.09400000000001
666,29.453329,-97.191865,4129.0,8.258000000000001
667,30.936435324840765,-99.06984455414012,314.0,0.628
668,28.478614,-100.278411,0.0,0.0
669,34.831027,-97.428642,2518.0,5.0360000000000005
670,31.925449,-94.704029,2425.0,4.8500000000000005
671,29.378848,-96.834606,7874.0,15.748000000000001
672,33.513054,-98.457321,1542.0,3.084
673,29.802094,-103.22236,7956.0,15.912
674,33.122685,-99.650389,3563.0,7.126
675,26.569407,-97.442394,127.0,0.254
676,36.826905,-101.232916,2369.0,4.738
677,31.307588,-93.78410199999999,6072.0,12.144
678,36.554897,-102.79591000000002,188.0,0.376
679,30.261302,-102.301073,835.0,1.67
680,33.783518,-102.581946,11.0,0.022
681,33.710684,-100.384217,265.0,0.53
682,30.285296,-104.005761,2457.0,4.914
683,34.539355,-99.44678,854.0,1.708
684,36.917876,-99.86774,116.0,0.232
685,32.04114,-100.69458,13.0,0.026000000000000002
686,36.932374,-100.578761,819.0,1.6380000000000001
687,36.24162,-101.21840900000001,3546.0,7.0920000000000005
688,34.131724,-99.106566,144.0,0.28800000000000003
689,33.994322,-100.287247,1595.0,3.19
690,32.29446717236416,-94.16973626412378,2779.0,5.558
691,34.931288,-99.900323,127.0,0.254
692,35.298362,-99.68432099999998,6509.0,13.018
693,32.2692752507764,-97.6645520939441,1288.0,2.576
694,31.092367,-95.499937,4916.0,9.832
695,31.814269,-102.002454,27354.0,54.708
696,32.945746,-102.869403,7347.0,14.694
697,29.70478017642429,-95.33255784056487,177878.0,355.75600000000003
698,32.13978232799014,-99.79318237114673,1622.0,3.244
699,30.583753908685967,-94.40990092427616,3592.0,7.184
700,31.99766275289575,-96.95906233397683,1036.0,2.072
701,32.108984,-100.13458799999998,218.0,0.436
702,35.335625685854964,-97.76187651828727,39399.0,78.798
703,33.53525460652009,-95.74610305610312,1319.0,2.638
704,29.67467418382914,-97.78162316018306,2622.0,5.244
705,28.849693383157895,-96.4108252568421,475.0,0.9500000000000001
706,32.06902739161457,-94.83151058756894,13595.0,27.19
707,33.49544068407751,-95.36328577085088,2374.0,4.748
708,35.419594,-99.437791,14097.0,28.194
709,34.304335,-99.818916,3017.0,6.034
710,33.08599796823529,-95.7813341082353,4250.0,8.5
711,33.961932,-101.246145,3335.0,6.67
712,33.219589,-98.188154,6121.0,12.242
713,34.447226,-100.809848,370.0,0.74
714,33.50230672843211,-97.5282654643661,1333.0,2.666
715,36.138248,-98.564778,627.0,1.254
716,36.740858,-102.57973699999998,1419.0,2.838
717,35.676706,-99.190504,589.0,1.178
718,34.690472,-102.784877,5166.0,10.332
719,36.47926,-99.120104,2085.0,4.17
720,31.272555,-101.172785,86.0,0.17200000000000001
721,30.434637999999996,-98.707142,304.0,0.608
722,35.977961,-97.631503,3802.0,7.604
723,36.306134,-97.266383,6789.0,13.578
724,31.890896,-98.613096,7812.0,15.624
725,36.045967,-101.783782,2476.0,4.952
726,36.30302048,-101.01763,150.0,0.3
727,32.27525815915916,-94.93711497297298,8658.0,17.316
728,34.87489045081967,-97.28816236338798,3294.0,6.588
729,33.64529288549103,-95.56803414379671,35578.0,71.156
730,29.655793573558157,-95.15656942761079,159119.0,318.238
731,30.054844,-94.922316,34603.0,69.206
732,35.437786,-101.181077,1001.0,2.0020000000000002
733,31.411505,-99.68232300000001,210.0,0.42
734,32.397372,-101.087816,195.0,0.39
735,31.711317,-93.94285300000001,3036.0,6.072
736,29.347964332540332,-98.10524307114713,13451.0,26.902
737,30.676366999999995,-93.98312,9595.0,19.19
738,30.26530744942701,-94.54432858794222,2007.0,4.014
739,29.097035,-97.28241299999999,11047.0,22.094
740,32.636295,-100.71688,873.0,1.746
741,31.881956,-99.48004300000001,5370.0,10.74
742,28.585636387673958,-97.81070248442677,1509.0,3.0180000000000002
743,31.138382,-94.375214,2255.0,4.51
744,33.137907,-102.326183,10772.0,21.544
745,34.348953082437944,-97.94560310577991,5398.0,10.796
746,31.067899996901144,-96.12787005515959,3227.0,6.454
747,31.483597000000003,-94.131501,6252.0,12.504
748,31.157058999999997,-98.764007,4225.0,8.45
749,27.053230999999997,-98.747572,5273.0,10.546
750,27.139396,-97.90137,391.0,0.782
751,30.952076,-94.579622,951.0,1.9020000000000001
752,35.630462,-99.69984,1789.0,3.5780000000000003
753,32.55868278949134,-94.7249900148027,47694.0,95.388
754,33.195202,-99.268024,895.0,1.79
755,30.541565,-96.67623199999998,12516.0,25.032
756,31.854750657133064,-106.55381463030297,122549.0,245.098
757,29.042415,-96.689715,8454.0,16.908
758,35.587534,-98.14518900000002,1623.0,3.246
759,30.085732,-103.11774,397.0,0.794
760,33.577057,-99.809712,307.0,0.614
761,27.368619,-99.347342,71726.0,143.452
762,34.906219,-98.40022100000002,3037.0,6.074
763,36.049393,-99.689049,975.0,1.95
764,32.688692,-94.871843,10393.0,20.786
765,27.530708701894408,-99.48042036266686,87204.0,174.40800000000002
766,32.314154376737385,-94.55256061741038,4101.0,8.202
767,35.3291044950768,-99.17710834147302,2539.0,5.078
768,29.568459568359533,-98.20852865911993,50132.0,100.264
769,36.355132,-97.005557,1686.0,3.372
770,32.223438,-100.479835,188.0,0.376
771,35.014504,-99.0755,4239.0,8.478
772,29.426496,-94.685696,1930.0,3.86
773,36.594634,-101.107049,463.0,0.926
774,29.396230000000003,-103.617232,676.0,1.352
775,31.969312,-102.630882,197.0,0.394
776,32.26436170989621,-95.77702889312506,9731.0,19.462
777,30.804665000000004,-95.550875,36091.0,72.182
778,36.848381,-98.764389,6896.0,13.792
779,29.814459756270896,-95.1243035847697,81049.0,162.098
780,34.203289,-97.11552,35870.0,71.74
781,26.911014,-97.773774,0.0,0.0
782,34.48089190268456,-97.4163312919463,298.0,0.596
783,32.965131,-94.951917,13483.0,26.966
784,32.07458,-98.349791,8120.0,16.240000000000002
785,33.9732,-98.720985,13385.0,26.77
786,27.615255999999995,-98.946373,170.0,0.34
787,31.331919,-99.16590200000002,876.0,1.752
788,27.128042,-99.331147,615.0,1.23
789,33.036872,-99.048807,466.0,0.932
790,31.602931,-99.999545,449.0,0.898
791,28.322116,-97.162472,3510.0,7.0200000000000005
792,31.185703,-102.59376200000001,339.0,0.678
793,31.34204,-102.868447,617.0,1.234
794,32.71918634558068,-97.35817370950411,106091.0,212.18200000000002
795,36.738486,-101.50639800000002,12980.0,25.96
796,29.346775372900108,-98.87460876048686,9941.0,19.882
797,36.542527,-98.842859,1271.0,2.5420000000000003
798,29.85855,-98.703353,37568.0,75.136
799,35.830763,-100.765905,652.0,1.304
800,31.1157511658501,-97.3987392071909,65722.0,131.44400000000002
801,30.827971,-93.714454,4534.0,9.068
802,35.514269,-97.15040400000001,11935.0,23.87
803,30.570364185770753,-95.8121674505929,1518.0,3.036
804,31.061959,-103.592093,127.0,0.254
805,28.729787,-100.316678,57160.0,114.32000000000001
806,28.454034,-99.917847,8245.0,16.490000000000002
807,34.437766,-100.280962,7227.0,14.454
808,34.741356,-101.911489,1051.0,2.102
809,36.005902,-99.0399,538.0,1.076
810,30.45867,-100.06915,14.0,0.028
811,32.116953,-98.98514,1772.0,3.544
812,36.269994,-100.79416,9652.0,19.304000000000002
813,32.321673,-102.042298,279.0,0.558
814,33.185033,-94.36393,1170.0,2.34
815,31.188898000000002,-95.255739,171.0,0.342
816,30.915116,-100.108691,174.0,0.34800000000000003
817,29.151012,-100.01587,226.0,0.452
818,26.880517000000005,-98.216213,320.0,0.64
819,30.472352,-99.821506,3760.0,7.5200000000000005
820,31.268843,-100.563525,0.0,0.0
821,36.660888,-100.012458,1946.0,3.892
822,33.815579,-95.488005,3443.0,6.886
823,36.870963,-100.142214,269.0,0.538
824,36.439773,-100.369084,393.0,0.786
825,28.612385,-97.98244890322582,124.0,0.248
826,32.91860133626509,-96.98075403272375,133481.0,266.962
827,30.417434527689,-95.37153025037983,38174.0,76.348
828,30.717792,-94.817231,34367.0,68.734
829,34.90404,-100.20825999999998,2677.0,5.354
830,35.968551,-99.218586,233.0,0.466
831,28.960348,-95.55770099999998,13965.0,27.93
832,29.102255,-97.743964,331.0,0.662
833,35.863315,-102.36748800000001,694.0,1.3880000000000001
834,31.662159,-97.506079,3821.0,7.642
835,27.836017,-98.62877600000002,2695.0,5.39
836,33.276319,-97.514178,18937.0,37.874
837,33.321715,-96.378507,2891.0,5.782
838,29.362904000000004,-99.898132,22707.0,45.414
839,33.503694,-94.627358,5263.0,10.526
840,32.239409,-94.728328,16078.0,32.156
841,30.934425,-94.059578,16154.0,32.308
842,36.70692,-100.492472,2074.0,4.148
843,31.065187,-93.786673,444.0,0.888
844,34.504963,-97.866672,27185.0,54.370000000000005
845,35.123886,-98.100016,825.0,1.6500000000000001
846,31.959701,-97.330421,10048.0,20.096
847,33.793074,-97.963802,261.0,0.522
848,27.833815,-99.681424,67981.0,135.962
849,28.67673,-97.198682,62.0,0.124
850,34.618434,-97.578939,611.0,1.222
851,32.67386191626509,-97.16329110602642,176390.0,352.78000000000003
852,29.68518816531477,-95.55262163037224,270115.0,540.23
853,30.801051,-98.28349,12454.0,24.908
854,35.495887406846975,-97.64437745004474,63707.0,127.414
855,35.111317,-97.679212,19612.0,39.224000000000004
856,34.642436,-98.761949,1372.0,2.744
857,30.318169,-94.91573,26206.0,52.412
858,30.891129,-96.907601,8033.0,16.066
859,33.41697094029076,-96.26017702829698,7704.0,15.408
860,27.36513,-98.996708,378.0,0.756
861,28.951172999999997,-100.593386,938.0,1.8760000000000001
862,31.463657095544228,-94.89585103303038,4511.0,9.022
863,31.769324999999995,-101.506391,1278.0,2.556
864,26.335598566979193,-97.99210129352846,21865.0,43.730000000000004
865,35.197482,-99.896396,1158.0,2.316
866,31.460967,-99.933766,662.0,1.324
867,32.109512,-95.094194,8379.0,16.758
868,35.730713,-98.744834,1721.0,3.442
869,31.106301,-99.394237,6682.0,13.364
870,36.776778,-101.78989599999998,1530.0,3.06
871,31.083442,-100.423683,1852.0,3.704
872,32.364579,-96.244987,14336.0,28.672
873,28.187118,-97.382226,2182.0,4.364
874,29.285285,-99.329182,1056.0,2.112
875,31.285085999999996,-97.390061,5991.0,11.982000000000001
876,35.50411539725329,-97.9592264323313,23519.0,47.038000000000004
877,33.28459,-101.34208200000002,5931.0,11.862
878,27.62104405343956,-97.75445089253789,5146.0,10.292
879,31.176950999999995,-99.616412,300.0,0.6
880,36.093704,-98.32580399999999,1586.0,3.172
881,32.470841,-94.118036,4387.0,8.774000000000001
882,31.248085,-94.969099,1207.0,2.414
883,32.51693,-95.883547,15358.0,30.716
884,26.452135,-98.27681099999998,44740.0,89.48
885,31.628871,-97.922097,1167.0,2.334
886,36.747447,-98.372585,2082.0,4.164
887,31.460655,-103.404137,465.0,0.93
888,26.451551737990044,-98.09124572937313,81932.0,163.864
889,29.430007,-99.149034,14318.0,28.636
890,28.407712,-97.71062,28253.0,56.506
891,31.286857259592434,-97.20464446300717,5447.0,10.894
892,31.732513,-94.19129,12994.0,25.988
893,35.197014,-99.452704,479.0,0.9580000000000001
894,29.780151695704145,-96.1809494897273,13385.0,26.77
895,29.527956000000003,-96.305186,4562.0,9.124
896,35.859563,-97.422527,23020.0,46.04
897,33.459359,-94.439042,10703.0,21.406
898,34.457248,-99.280735,198.0,0.396
899,27.643875099836865,-97.2621542188907,30650.0,61.300000000000004
900,30.530232999999996,-96.012991,3007.0,6.014
901,32.664407,-94.538189,2300.0,4.6000000000000005
902,31.881777000000003,-95.679494,21511.0,43.022
903,30.053825445927494,-93.8600584915429,35887.0,71.774
904,29.212328,-96.280585,17177.0,34.354
905,36.581136,-101.915456,1874.0,3.748
906,31.595106000000005,-100.799358,134.0,0.268
907,31.245161999999997,-94.175514,1653.0,3.306
908,30.414774,-94.173656,16744.0,33.488
909,30.797736,-96.312084,12248.0,24.496000000000002
910,29.689692,-98.911216,9462.0,18.924
911,31.606693000000003,-95.58334,6398.0,12.796000000000001
912,28.310347,-98.573186,508.0,1.016
913,29.135837,-99.168888,490.0,0.98
914,30.858957,-98.861313,234.0,0.468
915,32.78210240094978,-96.80832667314357,140242.0,280.484
916,31.512307,-93.861732,859.0,1.718
917,33.250203,-98.925556,953.0,1.9060000000000001
918,33.900389,-100.745875,359.0,0.718
919,29.888044,-104.519138,4317.0,8.634
920,31.517913,-99.135467,592.0,1.184
921,27.634419,-98.496692,2318.0,4.636
922,34.655623,-100.763893,161.0,0.322
923,31.802748,-101.055625,1274.0,2.548
924,33.527389,-98.884746,325.0,0.65
925,29.015519,-95.282536,19072.0,38.144
926,28.718319,-99.823476,8790.0,17.580000000000002
927,33.781032,-97.13046,1157.0,2.314
928,34.421656628637955,-98.60884962398137,859.0,1.718
929,31.268726,-101.542078,3941.0,7.882000000000001
930,30.177924,-94.01817099999998,27587.0,55.174
931,31.09348,-104.624514,2108.0,4.216
932,30.392374,-95.191181,16832.0,33.664
933,33.181661,-102.876716,1926.0,3.852
934,32.241551,-105.248392,249.0,0.498
935,31.775433,-95.19655,10931.0,21.862000000000002
936,30.964728,-95.325895,10115.0,20.23
937,34.486692,-99.664244,632.0,1.264
938,35.527369,-97.78251,72074.0,144.148
939,33.167968,-95.608224,25108.0,50.216
940,30.46678911801242,-94.81612660869565,161.0,0.322
941,35.863246,-98.430296,4057.0,8.114
942,36.179173,-99.921531,1766.0,3.532
943,30.441414,-100.56062,3824.0,7.648000000000001
944,29.758817,-98.191068,33368.0,66.736
945,33.75668,-97.538121,1464.0,2.928
946,35.49658,-98.54627299999999,2820.0,5.64
947,29.358463,-100.776883,713.0,1.426
948,35.437391,-100.196706,2175.0,4.3500000000000005
949,30.377327,-94.374331,9997.0,19.994
950,31.658422000000005,-94.894177,1338.0,2.676
951,36.356161,-99.614847,632.0,1.264
952,31.453450000000004,-96.91348900000001,3034.0,6.0680000000000005
953,32.568163,-96.250214,21746.0,43.492000000000004
954,27.554788,-99.265533,46141.0,92.282
955,31.278279,-105.31166,1689.0,3.378
956,31.557331,-95.863641,2952.0,5.904
957,35.0071,-101.394035,1890.0,3.7800000000000002
958,30.412405226655803,-97.81762785805412,57691.0,115.382
959,30.633963,-95.161912,8064.0,16.128
960,30.047619,-95.833733,16309.0,32.618
961,31.725171,-102.413607,7676.0,15.352
962,36.942874,-101.05391500000002,1403.0,2.806
963,31.893076,-96.236904,1825.0,3.65
964,32.468303,-94.299079,16480.0,32.96
965,33.002696,-94.383454,4225.0,8.45
966,28.98256,-97.520734,3990.0,7.98
967,29.380856,-95.468782,41305.0,82.61
968,29.867563,-100.01853,94.0,0.188
969,32.887589,-100.841389,15708.0,31.416
970,30.167624,-96.923038,9565.0,19.13
971,32.4761,-95.10066800000001,2861.0,5.722
972,35.978388,-97.863019,718.0,1.436
973,36.241563,-99.147365,437.0,0.874
974,35.109084,-102.017887,18510.0,37.02
975,32.094348,-95.906047,17356.0,34.712
976,31.816904,-99.702274,250.0,0.5
977,31.327482,-103.906799,125.0,0.25
978,33.801868,-95.151966,659.0,1.318
979,31.176246,-101.923824,1115.0,2.23
980,32.759373,-98.666449,154.0,0.308
981,33.584898,-103.014508,109.0,0.218
982,31.102486,-98.259569,14169.0,28.338
983,36.426744,-97.791989,25084.0,50.168
984,29.912267,-96.889573,10388.0,20.776
985,32.71433,-100.407773,1319.0,2.638
986,32.703269,-95.99466600000001,12937.0,25.874
987,32.92701,-101.764414,1478.0,2.956
988,32.32695,-96.58953900000002,28901.0,57.802
989,30.03651,-99.163044,40058.0,80.116
990,30.083786,-98.476159,6315.0,12.63
991,31.299588,-96.608952,1481.0,2.962
992,32.403542,-99.038804,5899.0,11.798
993,32.335677,-99.667488,26033.0,52.066
994,35.259837,-101.096311,844.0,1.688
995,34.911077,-97.907103,2503.0,5.006
996,34.10764,-97.435335,3538.0,7.0760000000000005
997,32.24451048506695,-99.85762821936149,4855.0,9.71
998,31.432854,-98.52307,3393.0,6.7860000000000005
999,30.465163,-99.156225,348.0,0.6960000000000001
1000,33.631922,-97.688998,763.0,1.526
1001,31.003109,-96.68898099999998,1873.0,3.746
1002,35.74865,-101.21370199999998,453.0,0.906
1003,31.229843,-94.509183,8518.0,17.036
1004,30.940517,-94.35364,2425.0,4.8500000000000005
1005,31.651982,-96.46838700000002,10991.0,21.982
1006,29.99949398572044,-95.43837546212353,127665.0,255.33
1007,33.183064,-100.245133,1297.0,2.594
1008,34.327012,-97.664587,388.0,0.776
1009,35.44045598227545,-97.42190240669878,85926.0,171.852
1010,29.686381999999995,-96.933775,5977.0,11.954
1011,31.087576,-95.076959,3129.0,6.258
1012,30.885268,-99.858861,1787.0,3.5740000000000003
1013,28.652457,-97.405775,5733.0,11.466000000000001
1014,31.284891,-95.490625,11425.0,22.85
1015,35.29670446889952,-101.69312739593302,16720.0,33.44
1016,26.106086,-97.629292,59360.0,118.72
1017,33.75849,-98.202251,4598.0,9.196
1018,35.748254,-102.21339099999999,330.0,0.66
1019,33.399304234946875,-95.67956689374262,3388.0,6.776
1020,30.354550999999997,-96.840806,1189.0,2.378
1021,31.592014,-100.192581,1984.0,3.968
1022,33.723849,-98.783672,2152.0,4.304
1023,30.465662,-95.72988800000002,28144.0,56.288000000000004
1024,32.997657,-95.932679,2661.0,5.322
1025,32.556004,-99.164736,516.0,1.032
1026,29.476842,-97.44894,12612.0,25.224
1027,30.959521,-95.715509,3634.0,7.268
1028,34.795717,-98.629094,21069.0,42.138
1029,30.483618926913476,-97.62213866714323,217523.0,435.046
1030,35.706836,-101.398807,13936.0,27.872
1031,33.358656,-98.740056,3891.0,7.782
1032,33.322836,-99.642126,231.0,0.462
1033,33.899685,-99.769784,1260.0,2.52
1034,32.72171247790596,-97.25090441543341,134267.0,268.534
1035,29.880162000000002,-97.966164,81844.0,163.68800000000002
1036,33.621453,-102.190786,667.0,1.334
1037,36.39092145033607,-98.11564028976849,1339.0,2.678
1038,33.558025,-98.69542700000001,1805.0,3.61
1039,30.788927,-97.291022,0.0,0.0
1040,32.275189,-97.511185,25977.0,51.954
1041,29.815376,-99.727302,1839.0,3.678
1042,35.031833,-97.246443,10220.0,20.44
1043,30.871914,-96.526934,6340.0,12.68
1044,35.374819,-100.821516,584.0,1.168
1045,29.542967999999995,-97.93769800000001,50832.0,101.664
1046,31.422363,-103.627309,14265.0,28.53
1047,34.224256,-102.287745,165.0,0.33
1048,36.558878,-99.624135,1311.0,2.622
1049,27.751747,-99.126085,600.0,1.2
1050,32.455408,-98.418168,450.0,0.9
1051,32.253541,-101.47264,34454.0,68.908
1052,29.707222,-99.095171,10129.0,20.258
1053,30.225607,-98.136297,18420.0,36.84
1054,29.251410817500002,-95.941969345,2800.0,5.6000000000000005
1055,29.54852,-95.86204,38430.0,76.86
1056,33.338899,-96.752977,15348.0,30.696
1057,33.216815,-94.975144,27700.0,55.4
1058,26.57331,-98.96276,18286.0,36.572
1059,30.227858,-94.197054,21323.0,42.646
1060,29.729903,-100.88133700000002,47993.0,95.986
1061,31.113664,-94.021385,1967.0,3.934
1062,32.42667,-95.667877,8021.0,16.042
1063,29.703595,-94.600429,5461.0,10.922
1064,32.799741,-98.126932,20437.0,40.874
1065,30.531427,-98.378052,6509.0,13.018
1066,30.12382,-97.32771,28536.0,57.072
1067,33.284688,-96.200217,3423.0,6.846
1068,29.674699999999998,-100.078588,1526.0,3.052
1069,36.608697,-100.797981,559.0,1.118
1070,31.782559,-96.093621,6297.0,12.594
1071,31.863018999999998,-98.2281,148.0,0.296
1072,32.123666,-98.577422,3515.0,7.03
1073,36.451015,-97.552,979.0,1.958
1074,35.456802,-98.315149,5018.0,10.036
1075,32.790132,-99.241839,2169.0,4.338
1076,28.711947000000002,-99.177422,6120.0,12.24
1077,30.74906347905325,-94.38943406958582,12675.0,25.35
1078,32.94497140566014,-96.8816890315942,120845.0,241.69
1079,35.222848,-98.247001,1030.0,2.06
1080,32.527015,-98.008849,4412.0,8.824
1081,36.81834,-99.198573,606.0,1.212
1082,28.1207,-97.19689,437.0,0.874
1083,36.827673,-102.149096,498.0,0.996
1084,33.020475,-94.729699,5106.0,10.212
1085,30.193586,-96.588051,3121.0,6.242
1086,29.853216999999997,-95.831457,40547.0,81.09400000000001
1087,36.485433,-99.412748,15285.0,30.57
1088,33.325004,-94.550659,1369.0,2.738
1089,30.581216000000005,-98.208732,18524.0,37.048
1090,36.299427,-98.640493,3656.0,7.312
1091,35.870972,-99.367451,933.0,1.866
1092,34.165641,-97.938643,2639.0,5.2780000000000005
1093,31.884956,-100.61071,1762.0,3.524
1094,35.886791,-101.514898,2108.0,4.216
1095,33.176532,-95.358602,947.0,1.8940000000000001
1096,34.181006,-98.40924,657.0,1.314
1097,32.158557,-95.643712,2552.0,5.104
1098,31.135677,-95.935045,1387.0,2.774
1099,35.054415,-99.567517,404.0,0.808
1100,32.138496,-94.274156,12831.0,25.662
1101,30.67044,-98.919443,0.0,0.0
1102,30.715806,-95.908313,2847.0,5.694
1103,31.43480455405937,-97.19096878253836,22873.0,45.746
1104,31.769064999999998,-97.804444,461.0,0.922
1105,29.086348,-95.766753,8344.0,16.688
1106,30.339695,-97.523488,29622.0,59.244
1107,35.62233,-99.025127,1576.0,3.152
1108,31.614855,-95.062493,3913.0,7.8260000000000005
1109,31.916215000000005,-97.710123,2562.0,5.124
1110,34.643206,-99.585884,511.0,1.022
1111,30.684267,-94.291914,793.0,1.586
1112,31.517628,-101.918007,103.0,0.20600000000000002
1113,33.306476,-98.500269,433.0,0.866
1114,29.897838,-98.40311,15537.0,31.074
1115,31.011897,-99.15948399999999,89.0,0.178
1116,34.740717,-102.51442599999999,26.0,0.052000000000000005
1117,31.409504,-97.531155,997.0,1.994
1118,31.267613,-98.371832,1333.0,2.666
1119,30.006991,-101.654794,31.0,0.062
1120,34.62817,-97.406715,2719.0,5.438
1121,33.708311,-96.240654,1031.0,2.062
1122,32.038799,-94.57588,1332.0,2.664
1123,29.98903,-100.285177,1736.0,3.472
1124,35.514052,-98.740993,13846.0,27.692
1125,30.43072,-98.112778,14038.0,28.076
1126,26.274827,-98.654824,583.0,1.166
1127,35.979497,-98.13005899999999,360.0,0.72
1128,31.013779000000003,-94.79742,5682.0,11.364
1129,32.631317,-94.171261,2586.0,5.172
1130,33.948312,-97.106144,6122.0,12.244
1131,32.249318,-94.45322,3029.0,6.058
1132,26.930929,-99.162765,13279.0,26.558
1133,34.893237,-99.616858,3401.0,6.8020000000000005
1134,31.473667000000003,-96.009365,6155.0,12.31
1135,33.166041,-97.845101,12694.0,25.388
1136,26.737863,-98.397207,135.0,0.27
1137,34.089847,-96.777725,9173.0,18.346
1138,30.171444000000005,-94.43227499999999,5649.0,11.298
1139,36.740055,-101.017225,306.0,0.612
1140,33.516756,-94.281559,5135.0,10.27
1141,32.302367,-97.037219,2100.0,4.2
1142,34.833332,-97.59618199999998,6719.0,13.438
1143,35.829574,-98.609606,394.0,0.788
1144,31.340324999999996,-94.826061,35208.0,70.416
1145,36.098125,-102.60691,11210.0,22.42
1146,33.857959,-95.64937,740.0,1.48
1147,36.860105,-97.720424,1326.0,2.652
1148,26.477434999999996,-97.921496,482.0,0.964
1149,33.332344,-97.868439,3708.0,7.416
1150,29.804778,-96.685899,314.0,0.628
1151,35.358544,-98.79783,717.0,1.434
1152,26.362405082908374,-97.75655382875473,6079.0,12.158
1153,32.042754,-95.523388,6359.0,12.718
1154,30.883194,-100.595683,2898.0,5.796
1155,36.935479,-102.80408,51.0,0.10200000000000001
1156,28.703692000000004,-98.263517,351.0,0.7020000000000001
1157,35.815567,-97.220104,112.0,0.224
1158,32.704456,-97.993148,4106.0,8.212
1159,35.246,-100.642178,1320.0,2.64
1160,32.791213,-94.999846,13883.0,27.766000000000002
1161,29.710502,-93.93785,264.0,0.528
1162,32.266413,-99.518894,7801.0,15.602
1163,33.479016,-97.351845,276.0,0.552
1164,32.415915,-101.250314,1417.0,2.834
1165,30.365775999999997,-96.04642,18344.0,36.688
1166,31.020759,-97.120664,350.0,0.7000000000000001
1167,29.696110000000004,-97.470663,1268.0,2.536
1168,28.926452,-99.865146,1376.0,2.7520000000000002
1169,28.604069,-96.192476,0.0,0.0
1170,30.766986999999997,-99.05001300000002,86.0,0.17200000000000001
1171,32.436676,-96.07955799999999,6951.0,13.902000000000001
1172,35.346662,-101.444262,3506.0,7.0120000000000005
1173,30.953672,-95.905344,7824.0,15.648
1174,27.444204,-97.865597,29400.0,58.800000000000004
1175,35.185996,-99.247421,1254.0,2.508
1176,30.338855,-97.361789,24590.0,49.18
1177,29.68790558819198,-95.0574321685733,38025.0,76.05
1178,31.268635000000003,-95.843907,2448.0,4.896
1179,32.302818,-98.552383,486.0,0.972
1180,31.944675,-95.256775,26995.0,53.99
1181,30.721716,-96.109298,2135.0,4.2700000000000005
1182,31.643709,-98.351,175.0,0.35000000000000003
1183,31.817062,-97.546568,7610.0,15.22
1184,35.339757,-102.794987,174.0,0.34800000000000003
1185,32.384458,-94.87016899999999,26318.0,52.636
1186,32.641695,-95.075624,4805.0,9.61
1187,33.668239,-98.489118,680.0,1.36
1188,31.893446,-96.433731,732.0,1.464
1189,31.051469000000004,-97.500003,42162.0,84.324
1190,33.95353886351384,-98.51835124038226,24486.0,48.972
1191,32.801213,-98.88698,8898.0,17.796
1192,27.479974,-98.86473,419.0,0.838
1193,29.482678,-95.680186,57011.0,114.022
1194,35.051308,-98.240141,9368.0,18.736
1195,33.119332,-94.220491,11268.0,22.536
1196,29.079817999999996,-98.642303,11134.0,22.268
1197,34.702273,-100.069222,156.0,0.312
1198,29.830348,-99.331352,2120.0,4.24
1199,30.306163,-95.68639,27475.0,54.95
1200,28.040092,-99.402695,2111.0,4.222
1201,30.841795000000005,-97.809699,3696.0,7.392
1202,34.98235,-99.263681,814.0,1.6280000000000001
1203,31.944662,-98.027972,4045.0,8.09
1204,29.380858,-95.241857,50140.0,100.28
1205,34.840077,-101.5097,12.0,0.024
1206,30.673683000000004,-98.44104,8869.0,17.738
1207,30.671395000000004,-93.71134,1318.0,2.636
1208,32.136018,-96.98896299999998,1617.0,3.234
1209,34.682538,-99.745678,303.0,0.606
1210,36.176938,-97.626209,437.0,0.874
1211,33.615093,-95.900092,3415.0,6.83
1212,33.906379,-101.070036,112.0,0.224
1213,34.019064,-102.419954,1127.0,2.254
1214,31.932016,-95.980741,0.0,0.0
1215,35.645945,-99.402948,1017.0,2.0340000000000003
1216,33.571922,-96.170962,14570.0,29.14
1217,33.621035,-99.243769,3601.0,7.202
1218,32.584194,-98.33569399999999,1438.0,2.876
1219,31.802991000000002,-103.601477,117.0,0.234
1220,35.60580301323925,-97.49045070903577,76817.0,153.63400000000001
1221,34.019909,-97.89397500000001,986.0,1.972
1222,30.700413,-96.83066299999999,1707.0,3.414
1223,29.395621,-100.439985,3674.0,7.348
1224,32.340927,-99.198503,90.0,0.18
1225,31.799217,-102.633009,0.0,0.0
1226,31.848595999999997,-96.807361,2697.0,5.394
1227,32.708417,-94.683181,5181.0,10.362
1228,32.695214,-102.00956999999998,12309.0,24.618000000000002
1229,30.691484,-99.273312,3746.0,7.492
1230,31.14975,-96.651785,1954.0,3.908
1231,32.495875,-98.66402000000001,3518.0,7.0360000000000005
1232,30.439265000000002,-95.529706,18553.0,37.106
1233,33.066345,-96.221437,7183.0,14.366
1234,30.33977,-99.30658000000001,3157.0,6.314
1235,34.993064,-99.414089,1916.0,3.8320000000000003
1236,36.380233,-100.507442,1610.0,3.22
1237,31.738576000000002,-99.934162,4680.0,9.36
1238,31.301675,-94.641408,29148.0,58.296
1239,32.642043,-95.234859,7507.0,15.014000000000001
1240,32.13383,-99.213349,1903.0,3.806
1241,27.849557999999995,-98.385775,5621.0,11.242
1242,31.931233000000002,-98.927404,1773.0,3.5460000000000003
1243,35.266733,-101.958411,8159.0,16.318
1244,31.706204,-99.151374,3139.0,6.2780000000000005
1245,30.071005,-94.252135,13867.0,27.734
1246,34.25518,-99.02233899999999,485.0,0.97
1247,34.791644,-99.275969,2298.0,4.596
1248,28.888748,-99.562652,1764.0,3.528
1249,32.108388,-96.207955,3414.0,6.828
