GEN UID,Bus ID,Fuel,PMax MW,Source Lat,Source Lon,Stage
CPSES_UNIT1,2791,Nuclear,1269.0,,,stage1_v6_osm
CPSES_UNIT2,2791,Nuclear,1269.0,,,stage1_v6_osm
STP_STP_G1,2789,Nuclear,1365.0,,,stage1_v6_osm
STP_STP_G2,2789,Nuclear,1365.0,,,stage1_v6_osm
COLETO_COLETOG1,2399,Coal,655.0,,,stage1_v6_osm
FPPYD1_FPP_G1,2743,Coal,615.0,,,stage1_v6_osm
FPPYD1_FPP_G2,2743,Coal,615.0,,,stage1_v6_osm
FPPYD2_FPP_G3,2743,Coal,460.0,,,stage1_v6_osm
CALAVERS_JKS1,649,Coal,560.0,,,stage1_v6_osm
CALAVERS_JKS2,649,Coal,922.0,,,stage1_v6_osm
LEG_LEG_G1,2709,Coal,893.0,,,stage1_v6_osm
LEG_LEG_G2,2709,Coal,956.8,,,stage1_v6_osm
MLSES_UNIT1,2470,Coal,893.0,,,stage1_v6_osm
MLSES_UNIT2,2470,Coal,893.0,,,stage1_v6_osm
MLSES_UNIT3,2470,Coal,893.0,,,stage1_v6_osm
OGSES_UNIT1A,2449,Coal,916.8,,,stage1_v6_osm
OGSES_UNIT2,2449,Coal,916.8,,,stage1_v6_osm
SANMIGL_G1,2406,Coal,430.0,,,stage1_v6_osm
SCES_UNIT1,2651,Coal,1008.0,,,stage1_v6_osm
TNP_ONE_TNP_O_1,2443,Coal,174.6,,,stage1_v6_osm
TNP_ONE_TNP_O_2,2443,Coal,174.6,,,stage1_v6_osm
WAP_WAP_G5,2792,Coal,734.1,,,stage1_v6_osm
WAP_WAP_G6,2792,Coal,734.1,,,stage1_v6_osm
WAP_WAP_G7,2792,Coal,614.6,,,stage1_v6_osm
WAP_WAP_G8,2792,Coal,654.0,,,stage1_v6_osm
BRAUNIG_AVR1_CT1,2155,Gas,189.0,29.257046,-98.384045,stage3_eia_county:Bexar
BRAUNIG_AVR1_CT2,2155,Gas,189.0,29.257046,-98.384045,stage3_eia_county:Bexar
BRAUNIG_AVR1_ST,2155,Gas,222.0,29.257046,-98.384045,stage3_eia_county:Bexar
ATKINS_ATKINSG7,667,Gas,21.0,,,stage1_v6_osm
B_DAVIS_B_DAVIG3,1643,Gas,189.6,27.8139,-97.4283,stage3_eia_county:Nueces
B_DAVIS_B_DAVIG4,1643,Gas,189.6,27.8139,-97.4283,stage3_eia_county:Nueces
B_DAVIS_B_DAVIG1,1153,Gas,352.8,27.6064,-97.3117,stage3_eia_county:Nueces
B_DAVIS_B_DAVIG2,1643,Gas,351.0,27.8139,-97.4283,stage3_eia_county:Nueces
BASTEN_GTG1100,2436,Gas,188.0,,,stage1_v6_osm
BASTEN_GTG2100,2436,Gas,188.0,,,stage1_v6_osm
BASTEN_ST0100,2436,Gas,242.0,,,stage1_v6_osm
BCH_UNIT1,2239,Gas,60.5,29.227109,-95.430756,stage3_eia_county:Brazoria
BCH_UNIT2,2239,Gas,60.5,29.227109,-95.430756,stage3_eia_county:Brazoria
BCH_UNIT3,2239,Gas,60.5,29.227109,-95.430756,stage3_eia_county:Brazoria
BCH_UNIT4,2239,Gas,60.5,29.227109,-95.430756,stage3_eia_county:Brazoria
BCH_UNIT5,2239,Gas,60.5,29.227109,-95.430756,stage3_eia_county:Brazoria
BCH_UNIT6,2239,Gas,60.5,29.227109,-95.430756,stage3_eia_county:Brazoria
BCH_UNIT7,2239,Gas,60.5,29.227109,-95.430756,stage3_eia_county:Brazoria
BCH_UNIT8,2239,Gas,60.5,29.227109,-95.430756,stage3_eia_county:Brazoria
BOSQUESW_BSQSU_1,2452,Gas,188.7,,,stage1_v6_osm
BOSQUESW_BSQSU_2,2452,Gas,188.7,,,stage1_v6_osm
BOSQUESW_BSQSU_3,2452,Gas,188.7,,,stage1_v6_osm
BOSQUESW_BSQSU_4,2452,Gas,95.0,,,stage1_v6_osm
BOSQUESW_BSQSU_5,2452,Gas,254.2,,,stage1_v6_osm
BVE_UNIT1,2629,Gas,198.9,,,stage1_v6_osm
BVE_UNIT2,2629,Gas,198.9,,,stage1_v6_osm
BVE_UNIT3,2629,Gas,275.6,,,stage1_v6_osm
BTM_UNIT1,1933,Gas,60.5,29.364128,-95.435068,stage2_eia_v6:BTM
BTM_UNIT2,1933,Gas,60.5,29.364128,-95.435068,stage2_eia_v6:BTM
BTM_UNIT3,1933,Gas,60.5,29.364128,-95.435068,stage2_eia_v6:BTM
BTM_UNIT4,1933,Gas,60.5,29.364128,-95.435068,stage2_eia_v6:BTM
BTM_UNIT5,1933,Gas,60.5,29.364128,-95.435068,stage2_eia_v6:BTM
BTM_UNIT6,1933,Gas,60.5,29.364128,-95.435068,stage2_eia_v6:BTM
BTM_UNIT7,1933,Gas,60.5,29.364128,-95.435068,stage2_eia_v6:BTM
BTM_UNIT8,1933,Gas,60.5,29.364128,-95.435068,stage2_eia_v6:BTM
FLCNS_UNIT1,1429,Gas,75.0,32.069167,-102.585556,stage3_eia_county:Howard
FLCNS_UNIT2,1429,Gas,75.0,32.069167,-102.585556,stage3_eia_county:Howard
CALHOUN_UNIT1,2038,Gas,60.5,28.64807,-96.54621,stage3_eia_county:Calhoun
CALHOUN_UNIT2,2038,Gas,60.5,28.64807,-96.54621,stage3_eia_county:Calhoun
CHAMON_CTG_0101,2918,Gas,60.5,29.883214,-95.111345,stage2_eia_v6:CHAMON
CHAMON_CTG_0301,2918,Gas,60.5,29.883214,-95.111345,stage2_eia_v6:CHAMON
CBY4_CT41,2785,Gas,205.0,29.75,-94.9256,stage2_eia_v6:CBY4
CBY4_CT42,2785,Gas,205.0,29.75,-94.9256,stage2_eia_v6:CBY4
CBY4_ST04,2785,Gas,205.0,29.75,-94.9256,stage2_eia_v6:CBY4
CBY_CBY_G1,2785,Gas,765.0,,,stage1_v6_osm
CBY_CBY_G2,2785,Gas,765.0,,,stage1_v6_osm
CBEC_GT1,265,Gas,86.5,,,stage1_v6_osm
CBEC_GT2,265,Gas,86.5,,,stage1_v6_osm
CBEC_GT3,265,Gas,86.5,,,stage1_v6_osm
CBEC_GT4,265,Gas,86.5,,,stage1_v6_osm
CBEC_STG1,265,Gas,105.0,,,stage1_v6_osm
CBEC_STG2,265,Gas,108.8,,,stage1_v6_osm
CBECII_CT7,264,Gas,360.9,29.289415,-96.065399,stage2_eia_v6:CBECII
CBECII_CT8,264,Gas,360.9,29.289415,-96.065399,stage2_eia_v6:CBECII
CBECII_STG9,264,Gas,508.5,29.289415,-96.065399,stage2_eia_v6:CBECII
CBEC_GT11,265,Gas,41.7,,,stage1_v6_osm
CBEC_GT12,265,Gas,41.7,,,stage1_v6_osm
CVC_CVC_G1,152,Gas,192.1,29.9417,-95.5306,stage3_eia_county:Harris
CVC_CVC_G2,152,Gas,192.1,29.9417,-95.5306,stage3_eia_county:Harris
CVC_CVC_G3,152,Gas,192.1,29.9417,-95.5306,stage3_eia_county:Harris
CVC_CVC_G5,152,Gas,150.0,29.9417,-95.5306,stage3_eia_county:Harris
DANSBY_DANSBYG2,2710,Gas,48.0,,,stage1_v6_osm
DANSBY_DANSBYG3,2710,Gas,50.0,,,stage1_v6_osm
DANSBY_DANSBYG1,2710,Gas,120.0,,,stage1_v6_osm
DECKER_DPGT_1,2219,Gas,56.7,,,stage1_v6_osm
DECKER_DPGT_2,2219,Gas,56.7,,,stage1_v6_osm
DECKER_DPGT_3,2219,Gas,56.7,,,stage1_v6_osm
DECKER_DPGT_4,2219,Gas,56.7,,,stage1_v6_osm
DCSES_CT10,2790,Gas,89.5,,,stage1_v6_osm
DCSES_CT20,2790,Gas,89.5,,,stage1_v6_osm
DCSES_CT30,2790,Gas,89.5,,,stage1_v6_osm
DCSES_CT40,2790,Gas,89.5,,,stage1_v6_osm
DDPEC_GT1,3158,Gas,203.0,,,stage1_v6_osm
DDPEC_GT2,3158,Gas,215.0,,,stage1_v6_osm
DDPEC_GT3,3158,Gas,203.0,,,stage1_v6_osm
DDPEC_GT4,3158,Gas,215.0,,,stage1_v6_osm
DDPEC_GT6,3158,Gas,199.0,,,stage1_v6_osm
DDPEC_ST1,3158,Gas,290.0,,,stage1_v6_osm
DEC_AGR_A,3230,Gas,56.5,33.214869,-97.209692,stage2_eia_v6:DEC
DEC_AGR_B,3230,Gas,56.5,33.214869,-97.209692,stage2_eia_v6:DEC
DEC_AGR_C,3230,Gas,56.5,33.214869,-97.209692,stage2_eia_v6:DEC
DEC_AGR_D,3230,Gas,56.5,33.214869,-97.209692,stage2_eia_v6:DEC
ECEC_G1,1429,Gas,181.0,,,stage1_v6_osm
ECEC_G2,1429,Gas,181.0,,,stage1_v6_osm
ETCCS_CT1,3244,Gas,260.0,32.32,-96.675,stage3_eia_county:Ellis
ETCCS_UNIT1,3244,Gas,140.0,32.32,-96.675,stage3_eia_county:Ellis
AZ_AZ_G1,2767,Gas,40.0,29.721048,-95.39536,stage3_eia_county:Harris
AZ_AZ_G2,2767,Gas,40.0,29.721048,-95.39536,stage3_eia_county:Harris
AZ_AZ_G3,2767,Gas,40.0,29.721048,-95.39536,stage3_eia_county:Harris
AZ_AZ_G4,2767,Gas,40.0,29.721048,-95.39536,stage3_eia_county:Harris
FERGCC_FERGGT1,2326,Gas,185.3,30.558,-98.3721,stage3_eia_county:Llano
FERGCC_FERGGT2,2326,Gas,185.3,30.558,-98.3721,stage3_eia_county:Llano
FERGCC_FERGST1,2326,Gas,204.0,30.558,-98.3721,stage3_eia_county:Llano
FRNYPP_GT11,2787,Gas,196.7,,,stage1_v6_osm
FRNYPP_GT12,2787,Gas,196.7,,,stage1_v6_osm
FRNYPP_GT13,2787,Gas,196.7,,,stage1_v6_osm
FRNYPP_GT21,2787,Gas,196.7,,,stage1_v6_osm
FRNYPP_GT22,2787,Gas,196.7,,,stage1_v6_osm
FRNYPP_GT23,2787,Gas,196.7,,,stage1_v6_osm
FRNYPP_ST10,2787,Gas,422.0,,,stage1_v6_osm
FRNYPP_ST20,2787,Gas,422.0,,,stage1_v6_osm
FREC_GT1,2457,Gas,179.4,,,stage1_v6_osm
FREC_GT2,2457,Gas,179.4,,,stage1_v6_osm
FREC_GT4,2457,Gas,179.4,,,stage1_v6_osm
FREC_GT5,2457,Gas,179.4,,,stage1_v6_osm
FREC_ST3,2457,Gas,190.7,,,stage1_v6_osm
FREC_ST6,2457,Gas,190.7,,,stage1_v6_osm
FEGC_UNIT1,2948,Gas,129.0,29.647267,-95.451516,stage2_eia_v6:FEGC
FRONT_EC_CT1,1644,Gas,177.0,26.34172,-98.175759,stage3_eia_county:Hidalgo
FRONT_EC_CT2,1644,Gas,177.0,26.34172,-98.175759,stage3_eia_county:Hidalgo
FRONT_EC_ST,1644,Gas,184.5,26.34172,-98.175759,stage3_eia_county:Hidalgo
GRSES_UNIT1,2536,Gas,239.0,33.1344,-98.6117,stage2_eia_v6:GRSES
GRSES_UNIT2,2536,Gas,390.0,33.1344,-98.6117,stage2_eia_v6:GRSES
GBY_GBYGT73,2070,Gas,72.0,,,stage1_v6_osm
GBY_GBYGT74,2070,Gas,72.0,,,stage1_v6_osm
GBY_GBYGT81,2070,Gas,72.0,,,stage1_v6_osm
GBY_GBYGT82,2070,Gas,72.0,,,stage1_v6_osm
GBY_GBYGT83,2070,Gas,72.0,,,stage1_v6_osm
GBY_GBYGT84,2070,Gas,72.0,,,stage1_v6_osm
STEAM_ENGINE_1,2916,Gas,8.4,33.1707,-96.1264,stage2_eia_v6:STEAM
STEAM_ENGINE_2,2916,Gas,8.4,33.1707,-96.1264,stage2_eia_v6:STEAM
STEAM_ENGINE_3,2916,Gas,8.4,33.1707,-96.1264,stage2_eia_v6:STEAM
LGE_LGE_GT1,1643,Gas,185.0,27.819412,-97.419203,stage3_eia_county:San Patricio
LGE_LGE_GT2,1643,Gas,185.0,27.819412,-97.419203,stage3_eia_county:San Patricio
LGE_LGE_STG,1643,Gas,100.0,27.819412,-97.419203,stage3_eia_county:San Patricio
GUADG_GAS1,2418,Gas,181.0,,,stage1_v6_osm
GUADG_GAS2,2418,Gas,181.0,,,stage1_v6_osm
GUADG_GAS3,2418,Gas,181.0,,,stage1_v6_osm
GUADG_GAS4,2418,Gas,181.0,,,stage1_v6_osm
GUADG_STM5,2418,Gas,204.0,,,stage1_v6_osm
GUADG_STM6,2418,Gas,204.0,,,stage1_v6_osm
HLSES_UNIT3,3138,Gas,395.0,32.7283,-97.2192,stage2_eia_v6:HLSES
HLSES_UNIT4,3138,Gas,435.0,32.7283,-97.2192,stage2_eia_v6:HLSES
HLSES_UNIT5,3138,Gas,435.0,32.7283,-97.2192,stage2_eia_v6:HLSES
HAYSEN_HAYSENG1,2659,Gas,242.0,,,stage1_v6_osm
HAYSEN_HAYSENG2,2659,Gas,242.0,,,stage1_v6_osm
HAYSEN_HAYSENG3,2659,Gas,252.0,,,stage1_v6_osm
HAYSEN_HAYSENG4,2659,Gas,252.0,,,stage1_v6_osm
DUKE_DUKE_GT1,1644,Gas,176.6,,,stage1_v6_osm
DUKE_DUKE_GT2,1644,Gas,176.6,,,stage1_v6_osm
DUKE_DUKE_ST1,1644,Gas,198.1,,,stage1_v6_osm
JACKCNTY_CT1,2534,Gas,198.9,33.101,-97.9574,stage3_eia_county:Jack
JACKCNTY_CT2,2534,Gas,198.9,33.101,-97.9574,stage3_eia_county:Jack
JCKCNTY2_CT3,2534,Gas,198.9,33.101,-97.9574,stage3_eia_county:Jack
JCKCNTY2_CT4,2534,Gas,198.9,33.101,-97.9574,stage3_eia_county:Jack
JACKCNTY_STG,2534,Gas,320.6,33.101,-97.9574,stage3_eia_county:Jack
JCKCNTY2_ST2,2534,Gas,320.6,33.101,-97.9574,stage3_eia_county:Jack
TEN_CT1,2466,Gas,185.0,32.3994,-97.4078,stage2_eia_v6:TEN
TEN_STG,2466,Gas,107.0,32.3994,-97.4078,stage2_eia_v6:TEN
LHSES_UNIT1,2809,Gas,397.0,,,stage1_v6_osm
LHSES_UNIT2A,2809,Gas,531.0,,,stage1_v6_osm
LPCCS_CT11,3604,Gas,186.0,33.6968,-95.5577,stage3_eia_county:Lamar
LPCCS_CT12,3604,Gas,186.0,33.6968,-95.5577,stage3_eia_county:Lamar
LPCCS_CT21,3604,Gas,186.0,33.6968,-95.5577,stage3_eia_county:Lamar
LPCCS_CT22,3604,Gas,186.0,33.6968,-95.5577,stage3_eia_county:Lamar
LPCCS_UNIT1,3604,Gas,216.0,33.6968,-95.5577,stage3_eia_county:Lamar
LPCCS_UNIT2,3604,Gas,216.0,33.6968,-95.5577,stage3_eia_county:Lamar
LARDVFTN_G4,1589,Gas,98.5,27.5667,-99.5089,stage2_eia_v6:LARDVFTN
LARDVFTN_G5,1589,Gas,98.5,27.5667,-99.5089,stage2_eia_v6:LARDVFTN
LEON_CRK_LCPCT1,2161,Gas,48.0,,,stage1_v6_osm
LEON_CRK_LCPCT2,2161,Gas,48.0,,,stage1_v6_osm
LEON_CRK_LCPCT3,2161,Gas,48.0,,,stage1_v6_osm
LEON_CRK_LCPCT4,2161,Gas,48.0,,,stage1_v6_osm
LIG_UNIT1,2767,Gas,60.5,29.721048,-95.39536,stage3_eia_county:Harris
LIG_UNIT2,2767,Gas,60.5,29.721048,-95.39536,stage3_eia_county:Harris
LOSTPI_LOSTPGT1,2441,Gas,202.5,,,stage1_v6_osm
LOSTPI_LOSTPGT2,2441,Gas,202.5,,,stage1_v6_osm
LOSTPI_LOSTPST1,2441,Gas,204.0,,,stage1_v6_osm
NEDIN_NEDIN_G1,2384,Gas,266.9,,,stage1_v6_osm
NEDIN_NEDIN_G2,2384,Gas,266.9,,,stage1_v6_osm
NEDIN_NEDIN_G3,2384,Gas,258.4,,,stage1_v6_osm
MDANP_CT1,2913,Gas,258.0,32.4302,-97.0537,stage2_eia_v6:MDANP
MDANP_CT2,2913,Gas,256.0,32.4302,-97.0537,stage2_eia_v6:MDANP
MDANP_CT3,2913,Gas,255.0,32.4302,-97.0537,stage2_eia_v6:MDANP
MDANP_CT4,2913,Gas,258.0,32.4302,-97.0537,stage2_eia_v6:MDANP
MDANP_CT5,2913,Gas,276.0,32.4302,-97.0537,stage2_eia_v6:MDANP
MDANP_CT6,2913,Gas,278.0,32.4302,-97.0537,stage2_eia_v6:MDANP
MGSES_CT1,2504,Gas,89.4,,,stage1_v6_osm
MGSES_CT2,2504,Gas,89.4,,,stage1_v6_osm
MGSES_CT3,2504,Gas,89.4,,,stage1_v6_osm
MGSES_CT4,2504,Gas,89.4,,,stage1_v6_osm
MGSES_CT5,2504,Gas,89.4,,,stage1_v6_osm
MGSES_CT6,2504,Gas,89.4,,,stage1_v6_osm
MCSES_UNIT6,3128,Gas,122.0,32.7231,-96.9358,stage2_eia_v6:MCSES
MCSES_UNIT7,3128,Gas,118.0,32.7231,-96.9358,stage2_eia_v6:MCSES
MCSES_UNIT8,3128,Gas,568.0,32.7231,-96.9358,stage2_eia_v6:MCSES
NUECES_B_NUECESG8,1643,Gas,189.6,,,stage1_v6_osm
NUECES_B_NUECESG9,1643,Gas,189.6,,,stage1_v6_osm
NUECES_B_NUECESG7,1643,Gas,351.0,,,stage1_v6_osm
CALAVERS_OWS1,649,Gas,445.0,,,stage1_v6_osm
CALAVERS_OWS2,649,Gas,435.0,,,stage1_v6_osm
OECCS_CT11,1446,Gas,195.2,31.8403,-102.3264,stage2_eia_v6:OECCS
OECCS_CT12,1446,Gas,189.1,31.8403,-102.3264,stage2_eia_v6:OECCS
OECCS_CT21,1446,Gas,195.2,31.8403,-102.3264,stage2_eia_v6:OECCS
OECCS_CT22,1446,Gas,189.1,31.8403,-102.3264,stage2_eia_v6:OECCS
OECCS_UNIT1,1446,Gas,224.0,31.8403,-102.3264,stage2_eia_v6:OECCS
OECCS_UNIT2,1446,Gas,224.0,31.8403,-102.3264,stage2_eia_v6:OECCS
VICTPRT2_UNIT1,441,Gas,60.5,28.7853,-97.0093,stage3_eia_county:Victoria
VICTPRT2_UNIT2,441,Gas,60.5,28.7853,-97.0093,stage3_eia_county:Victoria
PANDA_S_SHER1CT1,3503,Gas,232.0,33.582573,-96.617893,stage3_eia_county:Grayson
PANDA_S_SHER1CT2,3503,Gas,232.0,33.582573,-96.617893,stage3_eia_county:Grayson
PANDA_S_SHER1ST1,3503,Gas,353.1,33.582573,-96.617893,stage3_eia_county:Grayson
PANDA_T1_TMPL1CT1,1285,Gas,232.0,31.055833,-97.317222,stage3_eia_county:Bell
PANDA_T1_TMPL1CT2,1285,Gas,232.0,31.055833,-97.317222,stage3_eia_county:Bell
PANDA_T1_TMPL1ST1,1285,Gas,353.1,31.055833,-97.317222,stage3_eia_county:Bell
PANDA_T2_TMPL2CT1,1285,Gas,232.0,31.055833,-97.317222,stage3_eia_county:Bell
PANDA_T2_TMPL2CT2,1285,Gas,232.0,31.055833,-97.317222,stage3_eia_county:Bell
PANDA_T2_TMPL2ST1,1285,Gas,353.1,31.055833,-97.317222,stage3_eia_county:Bell
TNSKA_GT1,3604,Gas,90.9,33.6968,-95.5577,stage2_eia_v6:TNSKA
TNSKA_GT2,3604,Gas,90.9,33.6968,-95.5577,stage2_eia_v6:TNSKA
TNSKA_STG,3604,Gas,90.0,33.6968,-95.5577,stage2_eia_v6:TNSKA
PSG_PSG_GT2,2056,Gas,215.1,,,stage1_v6_osm
PSG_PSG_GT3,2056,Gas,215.1,,,stage1_v6_osm
PSG_PSG_ST2,2056,Gas,195.5,,,stage1_v6_osm
PEARSAL2_AGR_A,2656,Gas,50.6,28.9275,-99.0919,stage2_eia_v6:PEARSAL2
PEARSAL2_AGR_B,2656,Gas,50.6,28.9275,-99.0919,stage2_eia_v6:PEARSAL2
PEARSAL2_AGR_C,2656,Gas,50.6,28.9275,-99.0919,stage2_eia_v6:PEARSAL2
PEARSAL2_AGR_D,2656,Gas,50.6,28.9275,-99.0919,stage2_eia_v6:PEARSAL2
PB2SES_CT1,1356,Gas,89.4,,,stage1_v6_osm
PB2SES_CT2,1356,Gas,89.4,,,stage1_v6_osm
PB2SES_CT3,1356,Gas,89.4,,,stage1_v6_osm
PB2SES_CT4,1356,Gas,89.4,,,stage1_v6_osm
PB2SES_CT5,1356,Gas,89.4,,,stage1_v6_osm
PRO_UNIT1,2767,Gas,60.5,29.721048,-95.39536,stage3_eia_county:Harris
PRO_UNIT2,2767,Gas,60.5,29.721048,-95.39536,stage3_eia_county:Harris
PRO_UNIT3,2767,Gas,60.5,29.721048,-95.39536,stage3_eia_county:Harris
PRO_UNIT4,2767,Gas,60.5,29.721048,-95.39536,stage3_eia_county:Harris
PRO_UNIT5,2767,Gas,60.5,29.721048,-95.39536,stage3_eia_county:Harris
PRO_UNIT6,2767,Gas,60.5,29.721048,-95.39536,stage3_eia_county:Harris
PRO_UNIT7,2767,Gas,60.5,29.721048,-95.39536,stage3_eia_county:Harris
PRO_UNIT8,2767,Gas,60.5,29.721048,-95.39536,stage3_eia_county:Harris
BAC_CTG1,1980,Gas,65.0,29.426389,-94.976667,stage3_eia_county:Galveston
BAC_CTG2,1980,Gas,65.0,29.426389,-94.976667,stage3_eia_county:Galveston
BAC_CTG3,1980,Gas,65.0,29.426389,-94.976667,stage3_eia_county:Galveston
BAC_CTG4,1980,Gas,65.0,29.426389,-94.976667,stage3_eia_county:Galveston
BAC_CTG5,1980,Gas,65.0,29.426389,-94.976667,stage3_eia_county:Galveston
BAC_CTG6,1980,Gas,65.0,29.426389,-94.976667,stage3_eia_county:Galveston
STEAM1A_STEAM_1,3110,Gas,18.8,33.068055,-96.452481,stage3_eia_county:Hunt
STEAM_STEAM_2,2916,Gas,25.0,33.1707,-96.1264,stage2_eia_v6:STEAM
STEAM_STEAM_3,2916,Gas,43.2,33.1707,-96.1264,stage2_eia_v6:STEAM
QALSW_GT1,2479,Gas,90.6,,,stage1_v6_osm
QALSW_GT2,2479,Gas,90.6,,,stage1_v6_osm
QALSW_GT3,2479,Gas,90.6,,,stage1_v6_osm
QALSW_GT4,2479,Gas,90.6,,,stage1_v6_osm
QALSW_STG1,2479,Gas,98.1,,,stage1_v6_osm
QALSW_STG2,2479,Gas,98.1,,,stage1_v6_osm
MIL_MILLERG4,3586,Gas,116.0,,,stage1_v6_osm
MIL_MILLERG5,3586,Gas,116.0,,,stage1_v6_osm
MIL_MILLERG1,3586,Gas,75.0,,,stage1_v6_osm
MIL_MILLERG2,3586,Gas,120.0,,,stage1_v6_osm
MIL_MILLERG3,3586,Gas,216.0,,,stage1_v6_osm
OLINGR_OLING_4,3110,Gas,95.0,33.068055,-96.452481,stage2_eia_v6:OLINGR
OLINGR_OLING_2,3110,Gas,113.6,33.068055,-96.452481,stage2_eia_v6:OLINGR
OLINGR_OLING_3,3110,Gas,156.6,33.068055,-96.452481,stage2_eia_v6:OLINGR
RAB_UNIT1,2836,Gas,60.5,29.480277,-95.620277,stage3_eia_county:Fort Bend
RAB_UNIT2,2836,Gas,60.5,29.480277,-95.620277,stage3_eia_county:Fort Bend
RAB_UNIT3,2836,Gas,60.5,29.480277,-95.620277,stage3_eia_county:Fort Bend
RAB_UNIT4,2836,Gas,60.5,29.480277,-95.620277,stage3_eia_county:Fort Bend
RAB_UNIT5,2836,Gas,60.5,29.480277,-95.620277,stage3_eia_county:Fort Bend
RAB_UNIT6,2836,Gas,60.5,29.480277,-95.620277,stage3_eia_county:Fort Bend
RAB_UNIT7,2836,Gas,60.5,29.480277,-95.620277,stage3_eia_county:Fort Bend
RAB_UNIT8,2836,Gas,60.5,29.480277,-95.620277,stage3_eia_county:Fort Bend
REDGATE_AGR_A,592,Gas,56.3,26.451111,-98.1775,stage3_eia_county:Hidalgo
REDGATE_AGR_B,592,Gas,56.3,26.451111,-98.1775,stage3_eia_county:Hidalgo
REDGATE_AGR_C,592,Gas,56.3,26.451111,-98.1775,stage3_eia_county:Hidalgo
REDGATE_AGR_D,592,Gas,56.3,26.451111,-98.1775,stage3_eia_county:Hidalgo
JAD_UNIT1,2767,Gas,60.5,29.721048,-95.39536,stage3_eia_county:Harris
JAD_UNIT2,2767,Gas,60.5,29.721048,-95.39536,stage3_eia_county:Harris
JAD_UNIT3,2767,Gas,60.5,29.721048,-95.39536,stage3_eia_county:Harris
JAD_UNIT4,2767,Gas,60.5,29.721048,-95.39536,stage3_eia_county:Harris
JAD_UNIT5,2767,Gas,60.5,29.721048,-95.39536,stage3_eia_county:Harris
JAD_UNIT6,2767,Gas,60.5,29.721048,-95.39536,stage3_eia_county:Harris
JAD_UNIT7,2767,Gas,60.5,29.721048,-95.39536,stage3_eia_county:Harris
JAD_UNIT8,2767,Gas,60.5,29.721048,-95.39536,stage3_eia_county:Harris
RIONOG_CT1,2421,Gas,203.0,,,stage1_v6_osm
RIONOG_CT2,2421,Gas,203.0,,,stage1_v6_osm
RIONOG_CT3,2421,Gas,203.0,,,stage1_v6_osm
RIONOG_ST1,2421,Gas,373.2,,,stage1_v6_osm
RAYBURN_RAYBURG7,3503,Gas,60.5,33.582573,-96.617893,stage2_eia_v6:RAYBURN
RAYBURN_RAYBURG8,3503,Gas,60.5,33.582573,-96.617893,stage2_eia_v6:RAYBURN
RAYBURN_RAYBURG9,3503,Gas,60.5,33.582573,-96.617893,stage2_eia_v6:RAYBURN
RAYBURN_RAYBURG10,3503,Gas,42.0,33.582573,-96.617893,stage2_eia_v6:RAYBURN
SJS_SJS_G1,157,Gas,88.2,29.694838,-95.040622,stage2_eia_v6:SJS
SJS_SJS_G2,157,Gas,88.2,29.694838,-95.040622,stage2_eia_v6:SJS
SANDHSYD_SH1,683,Gas,60.5,30.304994,-97.707675,stage3_eia_county:Travis
SANDHSYD_SH2,683,Gas,60.5,30.304994,-97.707675,stage3_eia_county:Travis
SANDHSYD_SH3,683,Gas,60.5,30.304994,-97.707675,stage3_eia_county:Travis
SANDHSYD_SH4,683,Gas,60.5,30.304994,-97.707675,stage3_eia_county:Travis
SANDHSYD_SH_5A,684,Gas,198.9,30.2867,-97.7356,stage3_eia_county:Travis
SANDHSYD_SH6,683,Gas,60.5,30.304994,-97.707675,stage3_eia_county:Travis
SANDHSYD_SH7,683,Gas,60.5,30.304994,-97.707675,stage3_eia_county:Travis
SANDHSYD_SH_5C,684,Gas,191.0,30.2867,-97.7356,stage3_eia_county:Travis
SILASRAY_SILAS_10,506,Gas,60.5,,,stage1_v6_osm
SILASRAY_SILAS_9,506,Gas,50.0,,,stage1_v6_osm
SILASRAY_SILAS_6,506,Gas,25.0,,,stage1_v6_osm
GIDEON_GIDEONG1,2639,Gas,136.0,,,stage1_v6_osm
GIDEON_GIDEONG2,2639,Gas,136.0,,,stage1_v6_osm
GIDEON_GIDEONG3,2639,Gas,351.0,,,stage1_v6_osm
SKY1_SKY1A,289,Gas,26.7,,,stage1_v6_osm
SKY1_SKY1B,289,Gas,26.7,,,stage1_v6_osm
SPNCER_SPNCE_4,3777,Gas,61.0,33.1975,-97.1061,stage2_eia_v6:SPNCER
SPNCER_SPNCE_5,3777,Gas,65.0,33.1975,-97.1061,stage2_eia_v6:SPNCER
SCSES_UNIT1A,3408,Gas,177.0,32.124519,-96.101277,stage3_eia_county:Cherokee
SCSES_UNIT2,3408,Gas,502.0,32.124519,-96.101277,stage3_eia_county:Cherokee
THW_THWGT_1,152,Gas,16.3,,,stage1_v6_osm
THW_THWGT31,152,Gas,51.3,,,stage1_v6_osm
THW_THWGT32,152,Gas,51.3,,,stage1_v6_osm
THW_THWGT33,152,Gas,51.3,,,stage1_v6_osm
THW_THWGT34,152,Gas,51.3,,,stage1_v6_osm
THW_THWGT41,152,Gas,51.3,,,stage1_v6_osm
THW_THWGT42,152,Gas,51.3,,,stage1_v6_osm
THW_THWGT43,152,Gas,62.0,,,stage1_v6_osm
THW_THWGT44,152,Gas,62.0,,,stage1_v6_osm
THW_THWGT51,152,Gas,85.0,,,stage1_v6_osm
THW_THWGT52,152,Gas,85.0,,,stage1_v6_osm
THW_THWGT53,152,Gas,85.0,,,stage1_v6_osm
THW_THWGT54,152,Gas,85.0,,,stage1_v6_osm
THW_THWGT55,152,Gas,85.0,,,stage1_v6_osm
THW_THWGT56,152,Gas,85.0,,,stage1_v6_osm
THW_THWST_3,152,Gas,113.1,,,stage1_v6_osm
THW_THWST_4,152,Gas,113.1,,,stage1_v6_osm
TXCTY_CTA,1988,Gas,129.1,29.378697,-94.943829,stage2_eia_v6:TXCTY
TXCTY_CTB,1988,Gas,129.1,29.378697,-94.943829,stage2_eia_v6:TXCTY
TXCTY_CTC,1988,Gas,129.1,29.378697,-94.943829,stage2_eia_v6:TXCTY
TXCTY_ST,1988,Gas,143.7,29.378697,-94.943829,stage2_eia_v6:TXCTY
TGS_GT01,267,Gas,94.0,,,stage1_v6_osm
TIMPP_AGR1,1688,Gas,37.7,30.453115,-97.606035,stage3_eia_county:Caldwell
TIMPP_AGR2,1688,Gas,56.5,30.453115,-97.606035,stage3_eia_county:Caldwell
TIMPP_AGR3,1688,Gas,37.7,30.453115,-97.606035,stage3_eia_county:Caldwell
TIMPP_AGR4,1688,Gas,56.5,30.453115,-97.606035,stage3_eia_county:Caldwell
TRSES_UNIT6,3408,Gas,239.0,32.124519,-96.101277,stage2_eia_v6:TRSES
TOPAZ_UNIT1,1980,Gas,60.5,29.426389,-94.976667,stage2_eia_v6:TOPAZ
TOPAZ_UNIT2,1980,Gas,60.5,29.426389,-94.976667,stage2_eia_v6:TOPAZ
TOPAZ_UNIT3,1980,Gas,60.5,29.426389,-94.976667,stage2_eia_v6:TOPAZ
TOPAZ_UNIT4,1980,Gas,60.5,29.426389,-94.976667,stage2_eia_v6:TOPAZ
TOPAZ_UNIT5,1980,Gas,60.5,29.426389,-94.976667,stage2_eia_v6:TOPAZ
TOPAZ_UNIT6,1980,Gas,60.5,29.426389,-94.976667,stage2_eia_v6:TOPAZ
TOPAZ_UNIT7,1980,Gas,60.5,29.426389,-94.976667,stage2_eia_v6:TOPAZ
TOPAZ_UNIT8,1980,Gas,60.5,29.426389,-94.976667,stage2_eia_v6:TOPAZ
TOPAZ_UNIT9,1980,Gas,60.5,29.426389,-94.976667,stage2_eia_v6:TOPAZ
TOPAZ_UNIT10,1980,Gas,60.5,29.426389,-94.976667,stage2_eia_v6:TOPAZ
BRAUNIG_VHB6CT5,2161,Gas,64.5,29.3525,-98.5761,stage3_eia_county:Bexar
BRAUNIG_VHB6CT6,2161,Gas,64.5,29.3525,-98.5761,stage3_eia_county:Bexar
BRAUNIG_VHB6CT7,2161,Gas,64.5,29.3525,-98.5761,stage3_eia_county:Bexar
BRAUNIG_VHB6CT8,2161,Gas,64.5,29.3525,-98.5761,stage3_eia_county:Bexar
CITYVICT_CTG01,441,Gas,60.5,28.7853,-97.0093,stage3_eia_county:Victoria
CITYVICT_CTG02,441,Gas,60.5,28.7853,-97.0093,stage3_eia_county:Victoria
VICTPORT_CTG01,441,Gas,60.5,,,stage1_v6_osm
VICTPORT_CTG02,441,Gas,60.5,,,stage1_v6_osm
VICTORIA_VICTORG6,441,Gas,196.9,28.7883,-97.01,stage2_eia_v6:VICTORIA
VICTORIA_VICTORG5,441,Gas,180.2,28.7883,-97.01,stage2_eia_v6:VICTORIA
WAP_WAPGT_1,2792,Gas,16.3,,,stage1_v6_osm
WAP_WAP_G1,2792,Gas,187.9,,,stage1_v6_osm
WAP_WAP_G2,2792,Gas,187.9,,,stage1_v6_osm
WAP_WAP_G3,2792,Gas,299.2,,,stage1_v6_osm
WAP_WAP_G4,2792,Gas,580.5,,,stage1_v6_osm
WFCOGEN_UNIT1,3646,Gas,20.0,33.8625,-98.5894,stage3_eia_county:Wichita
WFCOGEN_UNIT2,3646,Gas,20.0,33.8625,-98.5894,stage3_eia_county:Wichita
WFCOGEN_UNIT3,3646,Gas,20.0,33.8625,-98.5894,stage3_eia_county:Wichita
WIPOPA_WPP_G1,633,Gas,60.5,,,stage1_v6_osm
WIPOPA_WPP_G2,633,Gas,60.5,,,stage1_v6_osm
WIPOPA_WPP_G3,633,Gas,60.5,,,stage1_v6_osm
WIPOPA_WPP_G4,633,Gas,60.5,,,stage1_v6_osm
WCPP_CT1,2532,Gas,275.0,,,stage1_v6_osm
WCPP_CT2,2532,Gas,275.0,,,stage1_v6_osm
WCPP_ST1,2532,Gas,298.0,,,stage1_v6_osm
WHCCS_CT1,75,Gas,264.5,,,stage1_v6_osm
WHCCS_CT2,75,Gas,264.5,,,stage1_v6_osm
WHCCS_STG,75,Gas,300.0,,,stage1_v6_osm
WHCCS2_CT4,75,Gas,360.0,32.337679,-97.734612,stage2_eia_v6:WHCCS2
WHCCS2_CT5,75,Gas,360.0,32.337679,-97.734612,stage2_eia_v6:WHCCS2
WHCCS2_STG6,75,Gas,511.2,32.337679,-97.734612,stage2_eia_v6:WHCCS2
NACPW_UNIT1,1654,Gas,116.5,31.62,-94.65,stage4_county_centroid:Nacogdoches
HBR_2UNITS,2516,Gas,3.2,33.031111,-96.957222,stage3_eia_county:Denton
TRIRA_1UNIT,3118,Gas,4.0,32.648611,-96.644444,stage3_eia_county:Dallas
78252_4UNITS,2160,Gas,4.2,29.33,-98.66,stage3_eia_county:Bexar
SPRIN_4UNITS,678,Gas,6.4,30.3344,-97.6217,stage3_eia_county:Travis
FREIH_2UNITS,2669,Gas,3.2,29.7372,-98.0228,stage3_eia_county:Comal
WSTHL_3UNITS,2972,Gas,4.8,32.724553,-97.537118,stage3_eia_county:Parker
FEGC_CTG2,2948,Gas,47.9,29.647267,-95.451516,stage2_eia_v6:FEGC
FEGC_CTG3,2948,Gas,47.9,29.647267,-95.451516,stage2_eia_v6:FEGC
FEGC_CTG4,2948,Gas,47.9,29.647267,-95.451516,stage2_eia_v6:FEGC
OLNEYTN_AGR1,2882,Gas,10.0,33.371086,-98.720465,stage2_eia_v6:OLNEYTN
AMISTAD_AMISTAG1,1755,Gas,37.9,29.449827,-101.06011,stage2_eia_v6:AMISTAD
AMISTAD_AMISTAG2,1755,Gas,37.9,29.449827,-101.06011,stage2_eia_v6:AMISTAD
AUSTPL_AUSTING1,2258,Gas,9.0,30.293424,-97.784408,stage2_eia_v6:AUSTPL
AUSTPL_AUSTING2,2258,Gas,9.0,30.293424,-97.784408,stage2_eia_v6:AUSTPL
BUCHAN_BUCHANG1,769,Gas,18.3,,,stage1_v6_osm
BUCHAN_BUCHANG2,769,Gas,18.3,,,stage1_v6_osm
BUCHAN_BUCHANG3,769,Gas,18.3,,,stage1_v6_osm
DNDAM_DENISOG1,93,Gas,50.8,,,stage1_v6_osm
DNDAM_DENISOG2,93,Gas,50.8,,,stage1_v6_osm
EAGLE_HY_EAGLE_HY1,2829,Gas,9.6,28.829535,-100.552234,stage3_eia_county:Maverick
FALCON_FALCONG1,1544,Gas,12.0,26.5575,-99.1642,stage2_eia_v6:FALCON
FALCON_FALCONG2,1544,Gas,12.0,26.5575,-99.1642,stage2_eia_v6:FALCON
FALCON_FALCONG3,1544,Gas,12.0,26.5575,-99.1642,stage2_eia_v6:FALCON
WIRTZ_WIRTZ_G1,2325,Gas,29.0,,,stage1_v6_osm
WIRTZ_WIRTZ_G2,2325,Gas,29.0,,,stage1_v6_osm
CANYHY_CANYHYG1,2581,Gas,6.0,29.640187,-98.045934,stage3_eia_county:Comal
INKSDA_INKS_G1,757,Gas,15.0,30.731599,-98.385422,stage2_eia_v6:INKSDA
MARBFA_MARBFAG1,762,Gas,21.0,,,stage1_v6_osm
MARBFA_MARBFAG2,762,Gas,20.0,,,stage1_v6_osm
MARSFO_MARSFOG1,1579,Gas,36.0,27.421553,-98.834962,stage2_eia_v6:MARSFO
MARSFO_MARSFOG2,1579,Gas,36.0,27.421553,-98.834962,stage2_eia_v6:MARSFO
MARSFO_MARSFOG3,1579,Gas,36.0,27.421553,-98.834962,stage2_eia_v6:MARSFO
WND_WHITNEY1,1868,Gas,22.0,31.8694,-97.3667,stage2_eia_v6:WND
WND_WHITNEY2,1868,Gas,22.0,31.8694,-97.3667,stage2_eia_v6:WND
AEEC_ANTLP_1,1083,Gas,56.0,33.865,-101.843333,stage3_eia_county:Hale
AEEC_ANTLP_2,1083,Gas,56.0,33.865,-101.843333,stage3_eia_county:Hale
AEEC_ANTLP_3,1083,Gas,56.0,33.865,-101.843333,stage3_eia_county:Hale
AEEC_ELK_1,1083,Gas,202.0,33.865,-101.843333,stage3_eia_county:Hale
AEEC_ELK_2,1083,Gas,202.0,33.865,-101.843333,stage3_eia_county:Hale
AEEC_ELK_3,1083,Gas,202.0,33.865,-101.843333,stage3_eia_county:Hale
FTR_FTR_G1,2455,Gas,185.0,30.5924,-95.9178,stage2_eia_v6:FTR
FTR_FTR_G2,2455,Gas,185.0,30.5924,-95.9178,stage2_eia_v6:FTR
FTR_FTR_G3,2455,Gas,185.0,30.5924,-95.9178,stage2_eia_v6:FTR
FTR_FTR_G4,2455,Gas,400.0,30.5924,-95.9178,stage2_eia_v6:FTR
TGCCS_CT1,2465,Gas,179.0,,,stage1_v6_osm
TGCCS_CT2,2465,Gas,179.0,,,stage1_v6_osm
TGCCS_CT3,2465,Gas,179.0,,,stage1_v6_osm
TGCCS_UNIT4,2465,Gas,400.0,,,stage1_v6_osm
KMCHI_1CT101,3503,Gas,185.0,33.582573,-96.617893,stage3_eia_county:Fannin
KMCHI_1CT201,3503,Gas,185.0,33.582573,-96.617893,stage3_eia_county:Fannin
KMCHI_1ST,3503,Gas,330.0,33.582573,-96.617893,stage3_eia_county:Fannin
KMCHI_2CT101,3503,Gas,185.0,33.582573,-96.617893,stage3_eia_county:Fannin
KMCHI_2CT201,3503,Gas,185.0,33.582573,-96.617893,stage3_eia_county:Fannin
KMCHI_2ST,3503,Gas,330.0,33.582573,-96.617893,stage3_eia_county:Fannin
AGUAYO_UNIT1,3451,Wind,193.5,31.5481,-98.49491,stage3_eia_county:Mills
AMADEUS1_UNIT1,311,Wind,36.7,32.96736,-100.56428,stage2_eia_v6:AMADEUS1
AMADEUS1_UNIT2,311,Wind,35.8,32.96736,-100.56428,stage2_eia_v6:AMADEUS1
AMADEUS2_UNIT3,311,Wind,177.7,32.96736,-100.56428,stage2_eia_v6:AMADEUS2
ANACACHO_ANA,1787,Wind,99.8,,,stage1_v6_osm
ANCHOR_WIND2,17,Wind,98.9,32.28938,-99.291596,stage3_eia_county:Callahan
ANCHOR_WIND3,17,Wind,90.0,32.28938,-99.291596,stage3_eia_county:Callahan
ANCHOR_WIND4,17,Wind,38.7,32.28938,-99.291596,stage3_eia_county:Callahan
ANCHOR_WIND5,17,Wind,19.3,32.28938,-99.291596,stage3_eia_county:Callahan
APOGEE_UNIT1,3525,Wind,25.0,33.182414,-99.389888,stage3_eia_county:Throckmorton
APOGEE_UNIT2,3525,Wind,14.0,33.182414,-99.389888,stage3_eia_county:Throckmorton
APOGEE_UNIT3,3525,Wind,30.2,33.182414,-99.389888,stage3_eia_county:Throckmorton
APOGEE_UNIT4,3525,Wind,115.0,33.182414,-99.389888,stage3_eia_county:Throckmorton
APOGEE_UNIT5,3525,Wind,110.0,33.182414,-99.389888,stage3_eia_county:Throckmorton
APOGEE_UNIT6,3525,Wind,24.0,33.182414,-99.389888,stage3_eia_county:Throckmorton
APOGEE_UNIT7,3525,Wind,75.0,33.182414,-99.389888,stage3_eia_county:Throckmorton
APPALOSA_UNIT1,3342,Wind,157.9,31.157269,-101.831603,stage2_eia_v6:APPALOSA
APPALOSA_UNIT2,3342,Wind,13.9,31.157269,-101.831603,stage2_eia_v6:APPALOSA
AQUILLA_U1_23,3101,Wind,13.9,31.77471,-96.828196,stage3_eia_county:Hill
AQUILLA_U1_28,3101,Wind,135.4,31.77471,-96.828196,stage3_eia_county:Hill
AQUILLA_U2_23,3101,Wind,7.0,31.77471,-96.828196,stage3_eia_county:Hill
AQUILLA_U2_28,3101,Wind,143.8,31.77471,-96.828196,stage3_eia_county:Hill
AVIATOR_UNIT1,3656,Wind,180.1,31.79261,-100.69729,stage2_eia_v6:AVIATOR
AVIATOR_UNIT2,3656,Wind,145.6,31.79261,-100.69729,stage2_eia_v6:AVIATOR
DEWOLF_UNIT1,3656,Wind,199.3,31.79261,-100.69729,stage2_eia_v6:DEWOLF
BLACKJAK_UNIT1,3597,Wind,120.0,28.2078,-97.522673,stage2_eia_v6:BLACKJAK
BLACKJAK_UNIT2,3597,Wind,120.0,28.2078,-97.522673,stage2_eia_v6:BLACKJAK
BAFFIN_UNIT1,607,Wind,100.0,,,stage1_v6_osm
BAFFIN_UNIT2,607,Wind,102.0,,,stage1_v6_osm
BARROW_UNIT1,3576,Wind,90.2,32.386,-102.949,stage3_eia_county:Andrews
BARROW_UNIT2,3576,Wind,70.5,32.386,-102.949,stage3_eia_county:Andrews
BRTSW_BCW1,3516,Wind,120.0,33.052226,-98.328415,stage2_eia_v6_wide:BRTSW
BLSUMMIT_BLSMT1_5,1503,Wind,132.8,,,stage1_v6_osm
BLSUMMIT_BLSMT1_6,1503,Wind,7.0,,,stage1_v6_osm
BLSUMMIT_UNIT2_25,1503,Wind,92.5,,,stage1_v6_osm
BLSUMMIT_UNIT2_17,1503,Wind,6.9,,,stage1_v6_osm
BLSUMIT3_UNIT_17,1503,Wind,13.7,34.292913,-99.367734,stage2_eia_v6:BLSUMIT3
BLSUMIT3_UNIT_25,1503,Wind,186.5,34.292913,-99.367734,stage2_eia_v6:BLSUMIT3
BCATWIND_WIND_1,3661,Wind,162.0,33.493056,-98.581944,stage2_eia_v6:BCATWIND
BRISCOE_WIND,3647,Wind,149.9,34.432267,-101.237233,stage2_eia_v6:BRISCOE
BBREEZE_UNIT1,200,Wind,120.0,26.522222,-97.691111,stage2_eia_v6:BBREEZE
BBREEZE_UNIT2,200,Wind,108.0,26.522222,-97.691111,stage2_eia_v6:BBREEZE
BUCKTHRN_UNIT1,3801,Wind,44.9,32.371306,-98.377389,stage2_eia_v6:BUCKTHRN
BUCKTHRN_UNIT2,3801,Wind,55.7,32.371306,-98.377389,stage2_eia_v6:BUCKTHRN
BUFF_GAP_UNIT1,2241,Wind,120.6,32.311556,-100.061589,stage2_eia_v6:BUFF_GAP
BUFF_GAP_UNIT2_1,2241,Wind,115.5,32.311556,-100.061589,stage2_eia_v6:BUFF_GAP
BUFF_GAP_UNIT2_2,2241,Wind,117.0,32.311556,-100.061589,stage2_eia_v6:BUFF_GAP
BUFF_GAP_UNIT3,2241,Wind,170.2,32.311556,-100.061589,stage2_eia_v6:BUFF_GAP
BULLCRK_WND1,1181,Wind,89.0,,,stage1_v6_osm
BULLCRK_WND2,1181,Wind,91.0,,,stage1_v6_osm
CABEZON_WIND1,3702,Wind,115.2,26.523692,-98.745522,stage3_eia_county:Starr
CABEZON_WIND2,3702,Wind,122.4,26.523692,-98.745522,stage3_eia_county:Starr
CFLATS_U1,3574,Wind,148.4,31.112474,-100.028142,stage2_eia_v6:CFLATS
CALLAHAN_WND1,2501,Wind,123.1,32.303889,-100.021667,stage2_eia_v6:CALLAHAN
CAMWIND_UNIT1,595,Wind,165.0,26.195278,-97.466111,stage3_eia_county:Cameron
CSEC_CSECG1,1208,Wind,134.4,32.7204,-100.9952,stage3_eia_county:Scurry
CSEC_CSECG2,1208,Wind,123.6,32.7204,-100.9952,stage3_eia_county:Scurry
CN_BRKS_UNIT_1,1339,Wind,210.1,35.276944,-102.682778,stage3_eia_county:Oldham
CAPRIDGE_CR1,1480,Wind,231.7,31.951958,-101.018936,stage2_eia_v6_wide:CAPRIDGE
CAPRIDGE_CR2,1480,Wind,149.5,31.951958,-101.018936,stage2_eia_v6_wide:CAPRIDGE
CAPRIDGE_CR3,1480,Wind,200.9,31.951958,-101.018936,stage2_eia_v6_wide:CAPRIDGE
CAPRIDG4_CR4,2482,Wind,121.5,,,stage1_v6_osm
CEDROHIL_CHW1,1576,Wind,79.4,,,stage1_v6_osm
CEDROHIL_CHW2,1576,Wind,78.0,,,stage1_v6_osm
CHALUPA_UNIT1,595,Wind,173.3,26.195278,-97.466111,stage3_eia_county:Cameron
CHAMPION_UNIT1,2509,Wind,97.5,,,stage1_v6_osm
CHAMPION_UNIT2,2509,Wind,18.1,,,stage1_v6_osm
CHAMPION_UNIT3,2509,Wind,9.0,,,stage1_v6_osm
SANTACRU_UNIT1,201,Wind,150.6,27.5925,-97.500833,stage2_eia_v6:SANTACRU
SANTACRU_UNIT2,201,Wind,98.4,27.5925,-97.500833,stage2_eia_v6:SANTACRU
COTPLNS_COTTONPL,1080,Wind,50.4,34.060333,-101.187628,stage2_eia_v6:COTPLNS
CRANELL_UNIT1,3596,Wind,220.0,,,stage1_v6_osm
CRAWFISH_UNIT1,3196,Wind,163.2,28.8433,-95.8631,stage3_eia_county:Wharton
DERMOTT_UNIT1,1186,Wind,126.5,32.863769,-100.975128,stage2_eia_v6:DERMOTT
DERMOTT_UNIT2,1186,Wind,126.5,32.863769,-100.975128,stage2_eia_v6:DERMOTT
DSKYWND1_UNIT_1A,969,Wind,65.8,30.9178,-102.0867,stage2_eia_v6:DSKYWND1
DSKYWND2_UNIT_2A,969,Wind,65.8,30.9178,-102.0867,stage2_eia_v6:DSKYWND2
DSKYWND1_UNIT_1B,969,Wind,23.9,30.9178,-102.0867,stage2_eia_v6:DSKYWND1
DSKYWND2_UNIT_2B,969,Wind,14.7,30.9178,-102.0867,stage2_eia_v6:DSKYWND2
GRANDVW1_COLA,1509,Wind,100.2,,,stage1_v6_osm
GRANDVW1_COLB,1509,Wind,100.2,,,stage1_v6_osm
EL_RAYO_UNIT1,3608,Wind,101.2,26.364153,-97.780439,stage3_eia_county:Willacy
EL_RAYO_UNIT2,3608,Wind,99.0,26.364153,-97.780439,stage3_eia_county:Willacy
ELB_ELBCREEK,1177,Wind,121.9,32.1408,-101.3986,stage2_eia_v6:ELB
DIGBY_UNIT1,913,Wind,101.3,,,stage1_v6_osm
DIGBY_UNIT2,913,Wind,134.3,,,stage1_v6_osm
ALGODON_UNIT1,3608,Wind,171.6,26.364153,-97.780439,stage3_eia_county:Willacy
ALGODON_UNIT2,3608,Wind,28.6,26.364153,-97.780439,stage3_eia_county:Willacy
CHALUPA_UNIT2,595,Wind,25.2,26.195278,-97.466111,stage3_eia_county:Cameron
ASTRA_UNIT1,3575,Wind,163.2,34.769544,-102.052422,stage2_eia_v6:ASTRA
FTWIND_UNIT_1,95,Wind,200.0,,,stage1_v6_osm
FLUVANNA_UNIT1,1184,Wind,79.8,32.931944,-101.143611,stage2_eia_v6:FLUVANNA
FLUVANNA_UNIT2,1184,Wind,75.6,32.931944,-101.143611,stage2_eia_v6:FLUVANNA
FOARDCTY_UNIT1,3558,Wind,186.5,33.915315,-99.740278,stage2_eia_v6:FOARDCTY
FOARDCTY_UNIT2,3558,Wind,163.8,33.915315,-99.740278,stage2_eia_v6:FOARDCTY
MCDLD_FCW1,1536,Wind,125.2,31.991442,-101.302637,stage2_eia_v6:MCDLD
GOAT_GOATWIND,2480,Wind,80.0,31.951944,-100.791389,stage2_eia_v6:GOAT
GOAT_GOATWIN2,2480,Wind,69.6,31.951944,-100.791389,stage2_eia_v6:GOAT
GWEC_GWEC_G1,739,Wind,148.6,31.383333,-98.466667,stage2_eia_v6:GWEC
GOODNIT1_UNIT1,1510,Wind,121.0,35.205278,-101.434167,stage3_eia_county:Armstrong
GOODNIT1_UNIT2,1510,Wind,137.1,35.205278,-101.434167,stage3_eia_county:Armstrong
GOPHER_UNIT1,3565,Wind,82.0,32.875073,-101.208955,stage2_eia_v6:GOPHER
GOPHER_UNIT2,3565,Wind,76.0,32.875073,-101.208955,stage2_eia_v6:GOPHER
GRANDVW1_GV1A,1509,Wind,107.4,,,stage1_v6_osm
GRANDVW1_GV1B,1509,Wind,103.8,,,stage1_v6_osm
BRAZ_WND_BRAZ_WND1,1208,Wind,120.0,32.7204,-100.9952,stage3_eia_county:Scurry
BRAZ_WND_BRAZ_WND2,1208,Wind,62.4,32.7204,-100.9952,stage3_eia_county:Scurry
GPASTURE_WIND_I,199,Wind,150.0,33.628222,-99.411169,stage2_eia_v6:GPASTURE
GRIF_TRL_UNIT1,3517,Wind,98.7,33.732181,-99.726392,stage3_eia_county:Knox
GRIF_TRL_UNIT2,3517,Wind,126.9,33.732181,-99.726392,stage3_eia_county:Knox
TGW_T1,2387,Wind,141.6,,,stage1_v6_osm
TGW_T2,2387,Wind,141.6,,,stage1_v6_osm
GUNMTN_G1,1417,Wind,119.9,32.240278,-101.473611,stage2_eia_v6:GUNMTN
HWF_HWFG1,2513,Wind,165.6,,,stage1_v6_osm
HART_WND_UNIT1,3448,Wind,163.4,34.575311,-102.474698,stage3_eia_county:Castro
HRFDWIND_WIND_G,1524,Wind,99.9,,,stage1_v6_osm
HRFDWIND_WIND_V,1524,Wind,100.0,,,stage1_v6_osm
HICKMAN_G1,3467,Wind,152.5,31.181377,-101.318787,stage3_eia_county:Reagan
HICKMAN_G2,3467,Wind,147.5,31.181377,-101.318787,stage3_eia_county:Reagan
MIRASOLE_MIR11,591,Wind,52.0,,,stage1_v6_osm
MIRASOLE_MIR12,591,Wind,98.0,,,stage1_v6_osm
MIRASOLE_MIR21,591,Wind,100.0,,,stage1_v6_osm
MIRASOLE_MIR13,591,Wind,50.4,,,stage1_v6_osm
HI_LONE_WGR1A,1750,Wind,46.0,30.594908,-101.453021,stage3_eia_county:Crockett
HI_LONE_WGR1B,1750,Wind,52.0,30.594908,-101.453021,stage3_eia_county:Crockett
HI_LONE_WGR1C,1750,Wind,25.3,30.594908,-101.453021,stage3_eia_county:Crockett
HI_LONE_WGR2,1750,Wind,122.5,30.594908,-101.453021,stage3_eia_county:Crockett
HI_LONE_WGR2A,1750,Wind,25.3,30.594908,-101.453021,stage3_eia_county:Crockett
HI_LONE_WGR3,1750,Wind,127.6,30.594908,-101.453021,stage3_eia_county:Crockett
HI_LONE_WGR4,1750,Wind,101.6,30.594908,-101.453021,stage3_eia_county:Crockett
HORSECRK_UNIT1,327,Wind,134.8,33.35,-99.54,stage2_eia_v6:HORSECRK
HORSECRK_UNIT2,327,Wind,101.7,33.35,-99.54,stage2_eia_v6:HORSECRK
HHGT_HHOLLOW1,2590,Wind,213.0,32.214024,-100.05712,stage2_eia_v6:HHGT
HHGT_HHOLLOW2,2590,Wind,184.0,32.214024,-100.05712,stage2_eia_v6:HHGT
HHGT_HHOLLOW3,2590,Wind,223.5,32.214024,-100.05712,stage2_eia_v6:HHGT
HHGT_HHOLLOW4,2590,Wind,115.0,32.214024,-100.05712,stage2_eia_v6:HHGT
INDL_INADALE1,2507,Wind,95.0,32.4969,-100.5797,stage2_eia_v6:INDL
INDL_INADALE2,2507,Wind,102.0,32.4969,-100.5797,stage2_eia_v6:INDL
INDNNWP_INDNNWP2,968,Wind,90.4,,,stage1_v6_osm
INRT_W_UNIT1,3381,Wind,67.7,33.186882,-99.595332,stage3_eia_county:Haskell
INRT_W_UNIT2,3381,Wind,27.8,33.186882,-99.595332,stage3_eia_county:Haskell
INRT_W_UNIT3,3381,Wind,205.9,33.186882,-99.595332,stage3_eia_county:Haskell
BORDAS_JAVEL18,1584,Wind,19.7,,,stage1_v6_osm
BORDAS_JAVEL20,1584,Wind,230.0,,,stage1_v6_osm
BORDAS2_JAVEL2_A,1584,Wind,96.0,,,stage1_v6_osm
BORDAS2_JAVEL2_B,1584,Wind,74.0,,,stage1_v6_osm
BORDAS2_JAVEL2_C,1584,Wind,30.0,,,stage1_v6_osm
HRFDWIND_JRDWIND1,1524,Wind,146.2,,,stage1_v6_osm
HRFDWIND_JRDWIND2,1524,Wind,153.6,,,stage1_v6_osm
KARAKAW1_UNIT1,1128,Wind,103.3,28.170179,-97.817507,stage2_eia_v6:KARAKAW1
KARAKAW1_UNIT2,1128,Wind,103.3,28.170179,-97.817507,stage2_eia_v6:KARAKAW1
KARAKAW2_UNIT3,1128,Wind,100.4,28.170179,-97.817507,stage2_eia_v6:KARAKAW2
KEECHI_U1,3516,Wind,110.0,,,stage1_v6_osm
KING_NE_KINGNE,883,Wind,79.7,,,stage1_v6_osm
KING_NW_KINGNW,884,Wind,79.7,,,stage1_v6_osm
KING_SE_KINGSE,882,Wind,40.5,,,stage1_v6_osm
KING_SW_KINGSW,885,Wind,79.7,,,stage1_v6_osm
LGD_LANGFORD,1734,Wind,160.0,,,stage1_v6_osm
LACY_CRK_UNIT1,3390,Wind,135.4,31.729906,-101.29894,stage2_eia_v6:LACY_CRK
LACY_CRK_UNIT2,3390,Wind,15.1,31.729906,-101.29894,stage2_eia_v6:LACY_CRK
LACY_CRK_UNIT3,3390,Wind,138.2,31.729906,-101.29894,stage2_eia_v6:LACY_CRK
LACY_CRK_UNIT4,3390,Wind,12.6,31.729906,-101.29894,stage2_eia_v6:LACY_CRK
LMAJADAS_UNIT1,3607,Wind,110.0,26.364843,-97.545341,stage2_eia_v6:LMAJADAS
LMAJADAS_UNIT2,3607,Wind,24.0,26.364843,-97.545341,stage2_eia_v6:LMAJADAS
LMAJADAS_UNIT3,3607,Wind,138.6,26.364843,-97.545341,stage2_eia_v6:LMAJADAS
LOCKETT_UNIT1,26,Wind,183.7,34.072251,-99.264676,stage2_eia_v6:LOCKETT
LGW_UNIT1,731,Wind,106.3,31.8225,-98.690556,stage2_eia_v6:LGW
LGW_UNIT2,731,Wind,103.9,31.8225,-98.690556,stage2_eia_v6:LGW
LNCRK_G83,2513,Wind,194.0,32.7683,-99.4228,stage3_eia_county:Shackelford
LNCRK2_G871,2513,Wind,98.0,32.7683,-99.4228,stage3_eia_county:Shackelford
LNCRK2_G872,2513,Wind,100.0,32.7683,-99.4228,stage3_eia_county:Shackelford
LHORN_N_UNIT1,1521,Wind,100.0,,,stage1_v6_osm
LHORN_N_UNIT2,1521,Wind,100.0,,,stage1_v6_osm
LONEWOLF_G1,2492,Wind,48.0,,,stage1_v6_osm
LONEWOLF_G2,2492,Wind,51.0,,,stage1_v6_osm
LONEWOLF_G3,2492,Wind,25.5,,,stage1_v6_osm
LONEWOLF_G4,2492,Wind,24.0,,,stage1_v6_osm
LV3_UNIT_1,582,Wind,200.0,26.388611,-98.806111,stage2_eia_v6:LV3
LV4_UNIT_1,1548,Wind,200.0,26.411689,-98.571554,stage2_eia_v6:LV4
LV5_UNIT_1,1548,Wind,110.0,26.411689,-98.571554,stage2_eia_v6:LV5
LV1_LV1A,3608,Wind,200.1,26.364153,-97.780439,stage3_eia_county:Willacy
LV2_LV2,3608,Wind,201.6,26.364153,-97.780439,stage3_eia_county:Willacy
REDFISH_MV1A,3608,Wind,99.8,26.364153,-97.780439,stage3_eia_county:Willacy
REDFISH_MV1B,3608,Wind,103.5,26.364153,-97.780439,stage3_eia_county:Willacy
MARIAH_NORTE1,945,Wind,115.2,34.6675,-102.577778,stage2_eia_v6:MARIAH
MARIAH_NORTE2,945,Wind,115.2,34.6675,-102.577778,stage2_eia_v6:MARIAH
MAVCRK_W_UNIT1,3653,Wind,201.6,31.262546,-99.843961,stage3_eia_county:Concho
MAVCRK_W_UNIT2,3653,Wind,11.1,31.262546,-99.843961,stage3_eia_county:Concho
MAVCRK_W_UNIT3,3653,Wind,33.6,31.262546,-99.843961,stage3_eia_county:Concho
MAVCRK_W_UNIT4,3653,Wind,22.2,31.262546,-99.843961,stage3_eia_county:Concho
MAVCRK_E_UNIT5,3653,Wind,71.4,31.262546,-99.843961,stage3_eia_county:Concho
MAVCRK_E_UNIT6,3653,Wind,33.3,31.262546,-99.843961,stage3_eia_county:Concho
MAVCRK_E_UNIT7,3653,Wind,22.0,31.262546,-99.843961,stage3_eia_county:Concho
MAVCRK_E_UNIT8,3653,Wind,20.0,31.262546,-99.843961,stage3_eia_county:Concho
MAVCRK_E_UNIT9,3653,Wind,76.8,31.262546,-99.843961,stage3_eia_county:Concho
MWEC_G1,1170,Wind,150.0,33.752201,-100.967402,stage2_eia_v6:MWEC
MESQCRK_WND1,1530,Wind,105.6,,,stage1_v6_osm
MESQCRK_WND2,1530,Wind,105.6,,,stage1_v6_osm
MIAM1_G1,1515,Wind,144.3,35.653889,-100.538611,stage2_eia_v6:MIAM1
MIAM1_G2,1515,Wind,144.3,35.653889,-100.538611,stage2_eia_v6:MIAM1
MIDWIND_UNIT1,45,Wind,162.8,27.954976,-97.300202,stage2_eia_v6:MIDWIND
MONT_WND_UNIT1,640,Wind,106.1,,,stage1_v6_osm
MONT_WND_UNIT2,640,Wind,92.9,,,stage1_v6_osm
NBOHR_UNIT1,949,Wind,196.6,31.74325,-101.493407,stage3_eia_county:Glasscock
NWF_NWF1,2558,Wind,92.6,,,stage1_v6_osm
NWF_NWF2,2558,Wind,60.0,,,stage1_v6_osm
OWF_OWF,2478,Wind,54.6,32.1217,-101.3853,stage2_eia_v6:OWF
COTPLNS_OLDSETLR,1080,Wind,151.2,34.060333,-101.187628,stage2_eia_v6:COTPLNS
OVEJA_G1,3417,Wind,151.2,31.207988,-101.110787,stage3_eia_county:Irion
OVEJA_G2,3417,Wind,151.2,31.207988,-101.110787,stage3_eia_county:Irion
PALMWIND_UNIT1,595,Wind,144.9,26.195278,-97.466111,stage3_eia_county:Cameron
PH1_UNIT1,1511,Wind,109.2,35.442778,-101.372778,stage3_eia_county:Carson
PH1_UNIT2,1511,Wind,109.2,35.442778,-101.372778,stage3_eia_county:Carson
PH2_UNIT1,1511,Wind,94.2,35.442778,-101.372778,stage3_eia_county:Carson
PH2_UNIT2,1511,Wind,96.6,35.442778,-101.372778,stage3_eia_county:Carson
PC_NORTH_PANTHER1,1417,Wind,149.2,32.240278,-101.473611,stage3_eia_county:Howard
PC_SOUTH_PANTHER2,2557,Wind,123.3,,,stage1_v6_osm
PC_SOUTH_PANTH31,2557,Wind,106.9,,,stage1_v6_osm
PC_SOUTH_PANTH32,2557,Wind,108.5,,,stage1_v6_osm
PAP1_PAP1,1095,Wind,179.9,27.9386,-97.4586,stage2_eia_v6:PAP1
COTTON_PAP2,1080,Wind,200.1,34.060333,-101.187628,stage2_eia_v6:COTTON
WOODWRD1_WOODWRD1,830,Wind,91.7,,,stage1_v6_osm
WOODWRD2_WOODWRD2,830,Wind,85.4,,,stage1_v6_osm
PENA_UNIT1,2387,Wind,160.8,27.022112,-97.498478,stage2_eia_v6:PENA
PENA_UNIT2,2387,Wind,141.6,27.022112,-97.498478,stage2_eia_v6:PENA
PENA3_UNIT3,2387,Wind,100.8,27.022112,-97.498478,stage2_eia_v6:PENA3
PEY_UNIT1,3196,Wind,151.2,28.8433,-95.8631,stage3_eia_county:Matagorda
PIONR_DJ_UNIT1,1416,Wind,124.2,32.2353,-101.8367,stage3_eia_county:Midland
PIONR_DJ_UNIT2,1416,Wind,16.4,32.2353,-101.8367,stage3_eia_county:Midland
PYR_PYRON1,2511,Wind,128.5,,,stage1_v6_osm
PYR_PYRON2,2508,Wind,134.9,,,stage1_v6_osm
RANCHERO_UNIT1,1750,Wind,150.0,30.594908,-101.453021,stage2_eia_v6:RANCHERO
RANCHERO_UNIT2,1750,Wind,150.0,30.594908,-101.453021,stage2_eia_v6:RANCHERO
RSNAKE_G1,949,Wind,109.2,31.74325,-101.493407,stage2_eia_v6:RSNAKE
RSNAKE_G2,949,Wind,109.2,31.74325,-101.493407,stage2_eia_v6:RSNAKE
RDCANYON_RDCNY1,1185,Wind,89.6,,,stage1_v6_osm
RELOJ_UNIT1,1543,Wind,55.4,27.03028,-99.388388,stage2_eia_v6:RELOJ
RELOJ_UNIT2,1543,Wind,48.0,27.03028,-99.388388,stage2_eia_v6:RELOJ
RELOJ_UNIT3,1543,Wind,83.1,27.03028,-99.388388,stage2_eia_v6:RELOJ
RELOJ_UNIT4,1543,Wind,22.8,27.03028,-99.388388,stage2_eia_v6:RELOJ
RRC_WIND_UNIT1,239,Wind,94.1,32.338659,-98.476051,stage3_eia_county:Eastland
RRC_WIND_UNIT2,239,Wind,28.7,32.338659,-98.476051,stage3_eia_county:Eastland
RRC_WIND_UNIT3,239,Wind,125.9,32.338659,-98.476051,stage3_eia_county:Eastland
FERMI_WIND1,118,Wind,121.9,29.72753,-100.79431,stage3_eia_county:Val Verde
FERMI_WIND2,118,Wind,27.4,29.72753,-100.79431,stage3_eia_county:Val Verde
TKWSW1_ROSCOE,2506,Wind,114.0,,,stage1_v6_osm
TKWSW1_ROSCOE2A,2506,Wind,95.0,,,stage1_v6_osm
ROUTE_66_WIND1,1510,Wind,150.0,,,stage1_v6_osm
RTS2_U1,3707,Wind,89.9,31.242177,-99.421266,stage3_eia_county:McCulloch
RTS2_U2,3707,Wind,89.9,31.242177,-99.421266,stage3_eia_county:McCulloch
RTS_U1,3707,Wind,160.0,31.242177,-99.421266,stage3_eia_county:McCulloch
SAGEDRAW_UNIT1,3689,Wind,169.2,33.303497,-101.65722,stage2_eia_v6:SAGEDRAW
SAGEDRAW_UNIT2,3689,Wind,169.2,33.303497,-101.65722,stage2_eia_v6:SAGEDRAW
SALTFORK_UNIT1,940,Wind,64.0,,,stage1_v6_osm
SALTFORK_UNIT2,940,Wind,110.0,,,stage1_v6_osm
SANROMAN_WIND_1,597,Wind,95.3,26.125979,-97.377599,stage2_eia_v6:SANROMAN
MCDLD_SB1_2,1536,Wind,71.4,31.991442,-101.302637,stage2_eia_v6:MCDLD
MCDLD_SB3_282,1536,Wind,14.1,31.991442,-101.302637,stage2_eia_v6:MCDLD
MCDLD_SB4_G87,1536,Wind,4.0,31.991442,-101.302637,stage2_eia_v6:MCDLD
SENATEWD_UNIT1,3539,Wind,150.0,33.205801,-98.365069,stage2_eia_v6_wide:SENATEWD
EXGNSND_WIND_1,1545,Wind,78.0,27.18,-98.916667,stage2_eia_v6:EXGNSND
S_HILLS_UNIT1,3580,Wind,30.2,33.57824,-99.1921,stage3_eia_county:Baylor
SHAFFER_UNIT1,3667,Wind,226.1,27.580489,-97.640077,stage3_eia_county:Nueces
SHAMROCK_UNIT1,3103,Wind,203.1,30.936,-101.607,stage2_eia_v6:SHAMROCK
SHAMROCK_UNIT2,3103,Wind,20.9,30.936,-101.607,stage2_eia_v6:SHAMROCK
SHANNONW_UNIT_1,3615,Wind,204.1,33.509722,-98.360833,stage2_eia_v6:SHANNONW
SHEEPCRK_UNIT1,239,Wind,150.0,32.338659,-98.476051,stage3_eia_county:Eastland
KEO_SHRBINO2,825,Wind,132.0,,,stage1_v6_osm
FLTCK_SSI,239,Wind,52.8,32.338659,-98.476051,stage2_eia_v6:FLTCK
SPLAIN1_WIND1,1082,Wind,102.0,,,stage1_v6_osm
SPLAIN1_WIND2,1082,Wind,98.0,,,stage1_v6_osm
SPLAIN2_WIND21,1082,Wind,148.5,34.196962,-101.381494,stage2_eia_v6:SPLAIN2
SPLAIN2_WIND22,1082,Wind,151.8,34.196962,-101.381494,stage2_eia_v6:SPLAIN2
STWF_T1,1049,Wind,101.2,32.4081,-100.1286,stage2_eia_v6:STWF
SSPURTWO_WIND_1,1339,Wind,161.0,35.276944,-102.682778,stage2_eia_v6:SSPURTWO
SSPURTWO_SS3WIND2,1339,Wind,98.0,35.276944,-102.682778,stage2_eia_v6:SSPURTWO
SSPURTWO_SS3WIND1,1339,Wind,96.0,35.276944,-102.682778,stage2_eia_v6:SSPURTWO
SWEC_G1,1416,Wind,123.6,32.2353,-101.8367,stage2_eia_v6:SWEC
STELLA_UNIT1,3666,Wind,201.0,,,stage1_v6_osm
SRWE1_UNIT1,1785,Wind,213.8,,,stage1_v6_osm
SRWE1_SRWE2,1529,Wind,166.5,32.926389,-101.647778,stage2_eia_v6:SRWE1
SWEETWND_WND1,2491,Wind,42.5,32.236944,-100.4833,stage2_eia_v6:SWEETWND
SWEETWN2_WND24,2491,Wind,16.8,32.236944,-100.4833,stage2_eia_v6:SWEETWN2
SWEETWN2_WND2,2491,Wind,110.8,32.236944,-100.4833,stage2_eia_v6:SWEETWN2
SWEETWN3_WND3A,2491,Wind,33.6,32.236944,-100.4833,stage2_eia_v6:SWEETWN3
SWEETWN3_WND3B,2491,Wind,118.6,32.236944,-100.4833,stage2_eia_v6:SWEETWN3
SWEETWN4_WND4A,2491,Wind,125.0,32.236944,-100.4833,stage2_eia_v6:SWEETWN4
SWEETWN4_WND4B,2491,Wind,112.0,32.236944,-100.4833,stage2_eia_v6:SWEETWN4
SWEETWN5_WND5,2491,Wind,85.0,,,stage1_v6_osm
TAHOKA_UNIT_1,3690,Wind,150.0,,,stage1_v6_osm
TAHOKA_UNIT_2,3690,Wind,150.0,,,stage1_v6_osm
SGMTN_SIGNALMT,1417,Wind,27.7,32.240278,-101.473611,stage3_eia_county:Howard
TRUSGILL_UNIT1,3559,Wind,42.0,,,stage1_v6_osm
TRUSGILL_UNIT2,3559,Wind,44.8,,,stage1_v6_osm
TRUSGILL_UNIT3,3559,Wind,42.0,,,stage1_v6_osm
TRUSGILL_UNIT4,3559,Wind,207.2,,,stage1_v6_osm
TORR_UNIT1_25,51,Wind,149.0,27.614411,-98.7945,stage2_eia_v6:TORR
TORR_UNIT2_23,51,Wind,23.0,27.614411,-98.7945,stage2_eia_v6:TORR
TORR_UNIT2_25,51,Wind,128.0,27.614411,-98.7945,stage2_eia_v6:TORR
TRENT_TRENT,1034,Wind,38.3,32.4301,-100.235652,stage2_eia_v6:TRENT
TRENT_UNIT_1B,1034,Wind,15.6,32.4301,-100.235652,stage2_eia_v6:TRENT
TRENT_UNIT_2,1034,Wind,50.5,32.4301,-100.235652,stage2_eia_v6:TRENT
TRENT_UNIT_3A,1034,Wind,38.3,32.4301,-100.235652,stage2_eia_v6:TRENT
TRENT_UNIT_3B,1034,Wind,13.8,32.4301,-100.235652,stage2_eia_v6:TRENT
TRINITY_TH1_BUS1,2882,Wind,103.4,33.383611,-98.711944,stage2_eia_v6:TRINITY
TRINITY_TH1_BUS2,2882,Wind,94.6,33.383611,-98.711944,stage2_eia_v6:TRINITY
ROSC2_1UNIT,2494,Wind,2.0,32.290833,-100.4219,stage3_eia_county:Nolan
TTWEC_G1,1040,Wind,174.6,32.1981,-100.2686,stage2_eia_v6:TTWEC
TYLRWIND_UNIT1,3443,Wind,125.6,33.703851,-97.372009,stage2_eia_v6:TYLRWIND
VENADO_UNIT1,1543,Wind,105.0,27.03028,-99.388388,stage3_eia_county:Zapata
VENADO_UNIT2,1543,Wind,96.6,27.03028,-99.388388,stage3_eia_county:Zapata
VERAWIND_UNIT1,3517,Wind,12.0,33.732181,-99.726392,stage3_eia_county:Knox
VERAWIND_UNIT2,3517,Wind,7.2,33.732181,-99.726392,stage3_eia_county:Knox
VERAWIND_UNIT3,3517,Wind,100.8,33.732181,-99.726392,stage3_eia_county:Knox
VERAWIND_UNIT4,3517,Wind,22.0,33.732181,-99.726392,stage3_eia_county:Knox
VERAWIND_UNIT5,3517,Wind,100.8,33.732181,-99.726392,stage3_eia_county:Knox
VERTIGO_WIND_I,3580,Wind,150.0,33.57824,-99.1921,stage3_eia_county:Baylor
VORTEX_WIND1,3525,Wind,153.6,33.182414,-99.389888,stage3_eia_county:Throckmorton
VORTEX_WIND2,3525,Wind,24.2,33.182414,-99.389888,stage3_eia_county:Throckmorton
VORTEX_WIND3,3525,Wind,158.4,33.182414,-99.389888,stage3_eia_county:Throckmorton
VORTEX_WIND4,3525,Wind,14.0,33.182414,-99.389888,stage3_eia_county:Throckmorton
WAKEWE_G1,947,Wind,114.9,33.825,-101.099722,stage2_eia_v6:WAKEWE
WAKEWE_G2,947,Wind,142.4,33.825,-101.099722,stage2_eia_v6:WAKEWE
TRUENO_UNIT1,3608,Wind,116.6,26.364153,-97.780439,stage3_eia_county:Willacy
TRUENO_UNIT2,3608,Wind,123.2,26.364153,-97.780439,stage3_eia_county:Willacy
AJAXWIND_UNIT1,40,Wind,225.6,33.85245,-99.06509,stage2_eia_v6:AJAXWIND
AJAXWIND_UNIT2,40,Wind,141.0,33.85245,-99.06509,stage2_eia_v6:AJAXWIND
WEC_WECG1,1161,Wind,59.8,34.105,-101.0986,stage2_eia_v6:WEC
EXGNWTL_WIND_1,1577,Wind,92.3,,,stage1_v6_osm
WHMESA_UNIT1,3391,Wind,152.3,,,stage1_v6_osm
WHMESA_UNIT2_23,3391,Wind,13.9,,,stage1_v6_osm
WHMESA_UNIT2_28,3391,Wind,183.3,,,stage1_v6_osm
WHMESA_UNIT3_23,3391,Wind,18.6,,,stage1_v6_osm
WHMESA_UNIT3_28,3391,Wind,132.5,,,stage1_v6_osm
SALVTION_UNIT1,3659,Wind,125.0,,,stage1_v6_osm
SALVTION_UNIT2,3659,Wind,125.0,,,stage1_v6_osm
WL_RANCH_UNIT1,3651,Wind,199.5,31.048557,-100.623114,stage3_eia_county:Schleicher
WNDTHST2_UNIT1,3548,Wind,67.6,33.495278,-98.5,stage2_eia_v6:WNDTHST2
MOZART_WIND_1,311,Wind,30.0,,,stage1_v6_osm
WHTTAIL_WR1,2821,Wind,121.5,27.488056,-99.005278,stage2_eia_v6:WHTTAIL
YNG_WND_UNIT1,3349,Wind,193.0,33.119213,-98.852577,stage3_eia_county:Young
YNG_WND_UNIT2,3349,Wind,148.9,33.119213,-98.852577,stage3_eia_county:Young
YNG_WND_UNIT3,3349,Wind,146.1,33.119213,-98.852577,stage3_eia_county:Young
ANCHOR_WIND1,17,Wind,16.0,32.28938,-99.291596,stage3_eia_county:Callahan
BAIRDWND_UNIT1,48,Wind,195.0,,,stage1_v6_osm
BAIRDWND_UNIT2,48,Wind,145.0,,,stage1_v6_osm
BIGSAMWD_UNIT1,1750,Wind,132.9,30.594908,-101.453021,stage3_eia_county:Crockett
BIGSAMWD_UNIT2,1750,Wind,132.5,30.594908,-101.453021,stage3_eia_county:Crockett
BOARDCRK_UNIT1,38,Wind,108.8,31.85346,-96.624458,stage3_eia_county:Navarro
BOARDCRK_UNIT2,38,Wind,190.4,31.85346,-96.624458,stage3_eia_county:Navarro
CANYONWD_UNIT1,1208,Wind,146.6,32.7204,-100.9952,stage3_eia_county:Scurry
CANYONWD_UNIT2,1208,Wind,2.5,32.7204,-100.9952,stage3_eia_county:Scurry
CANYONWD_UNIT3,1208,Wind,59.2,32.7204,-100.9952,stage3_eia_county:Scurry
CANYONWD_UNIT4,1208,Wind,20.2,32.7204,-100.9952,stage3_eia_county:Scurry
CANYONWD_UNIT5,1208,Wind,67.7,32.7204,-100.9952,stage3_eia_county:Scurry
CANYONWD_UNIT6,1208,Wind,12.6,32.7204,-100.9952,stage3_eia_county:Scurry
COYOTE_W_UNIT1,3673,Wind,90.0,32.84879,-100.866458,stage2_eia_v6:COYOTE
COYOTE_W_UNIT2,3673,Wind,26.6,32.84879,-100.866458,stage2_eia_v6:COYOTE
COYOTE_W_UNIT3,3673,Wind,126.0,32.84879,-100.866458,stage2_eia_v6:COYOTE
ELSAUZ_UNIT1,550,Wind,153.0,,,stage1_v6_osm
ELSAUZ_UNIT2,550,Wind,148.5,,,stage1_v6_osm
FOXTROT_UNIT1,1128,Wind,130.2,28.170179,-97.817507,stage3_eia_county:Bee
FOXTROT_UNIT2,1128,Wind,84.0,28.170179,-97.817507,stage3_eia_county:Bee
FOXTROT_UNIT3,1128,Wind,54.0,28.170179,-97.817507,stage3_eia_county:Bee
HARALD_UNIT1,1537,Wind,162.1,,,stage1_v6_osm
LACASAWD_UNIT1,3349,Wind,12.4,33.119213,-98.852577,stage3_eia_county:Stephens
LACASAWD_UNIT2,3349,Wind,133.3,33.119213,-98.852577,stage3_eia_county:Stephens
LACASAWD_UNIT3,3349,Wind,2.7,33.119213,-98.852577,stage3_eia_county:Stephens
MAG_UNIT1,263,Wind,97.5,,,stage1_v6_osm
MAG_UNIT2,263,Wind,102.0,,,stage1_v6_osm
MARYNEAL_UNIT1,2491,Wind,182.4,32.199366,-100.491908,stage2_eia_v6:MARYNEAL
MONTECR1_WIND1,550,Wind,234.5,26.376651,-97.993045,stage3_eia_county:Hidalgo
PCT_UNIT1,3196,Wind,236.0,28.8433,-95.8631,stage3_eia_county:Matagorda
PHILLWND_UNIT1,3587,Wind,153.0,31.549868,-96.904072,stage2_eia_v6:PHILLWND
PHILLWND_UNIT2,3587,Wind,147.0,31.549868,-96.904072,stage2_eia_v6:PHILLWND
PRIDDY_UNIT1,3451,Wind,187.2,31.5481,-98.49491,stage2_eia_v6:PRIDDY
PRIDDY_UNIT2,3451,Wind,115.2,31.5481,-98.49491,stage2_eia_v6:PRIDDY
WH_WIND_UNIT1,311,Wind,209.4,32.969722,-100.524167,stage3_eia_county:Fisher
WH_WIND_UNIT2,311,Wind,209.5,32.969722,-100.524167,stage3_eia_county:Fisher
WILDWIND_UNIT1,3578,Wind,18.4,33.54915,-97.32958,stage3_eia_county:Cooke
WILDWIND_UNIT2,3578,Wind,48.0,33.54915,-97.32958,stage3_eia_county:Cooke
WILDWIND_UNIT3,3578,Wind,6.3,33.54915,-97.32958,stage3_eia_county:Cooke
WILDWIND_UNIT4,3578,Wind,54.6,33.54915,-97.32958,stage3_eia_county:Cooke
WILDWIND_UNIT5,3578,Wind,52.8,33.54915,-97.32958,stage3_eia_county:Cooke
7RNCHSLR_UNIT1,1273,Solar,139.5,30.238492,-97.508812,stage3_eia_county:Fayette
7RNCHSLR_UNIT2,1273,Solar,95.5,30.238492,-97.508812,stage3_eia_county:Fayette
7RNCHSLR_UNIT3,1273,Solar,5.6,30.238492,-97.508812,stage3_eia_county:Fayette
ACACIA_UNIT_1,805,Solar,10.0,,,stage1_v6_osm
AIRPRTRD_LONEWOLFE,832,Solar,1.0,,,stage1_v6_osm
ALEXIS_ALEXIS,587,Solar,10.0,26.88913,-98.233324,stage3_eia_county:Brooks
ANDMDSLR_UNIT1,2933,Solar,158.8,33.320637,-100.982201,stage3_eia_county:Scurry
ANDMDSLR_UNIT2,2933,Solar,162.4,33.320637,-100.982201,stage3_eia_county:Scurry
ANG_SLR_UNIT1,3706,Solar,195.4,31.517,-100.6,stage3_eia_county:Tom Green
ANSON1_UNIT1,373,Solar,100.8,,,stage1_v6_osm
ANSON1_UNIT2,373,Solar,100.8,,,stage1_v6_osm
ARAGORN_UNIT1,3385,Solar,188.2,,,stage1_v6_osm
ASCK_SLR_SOLAR1,3392,Solar,206.8,31.86976,-97.01498,stage3_eia_county:Hill
ASCK_SLR_SOLAR2,3392,Solar,210.9,31.86976,-97.01498,stage3_eia_county:Hill
AURO_SLR_UNIT1,1492,Solar,201.7,30.998647,-97.259017,stage3_eia_county:Milam
AZURE_SOLAR1,983,Solar,74.9,33.021601,-99.61463,stage2_eia_v6:AZURE
AZURE_SOLAR2,983,Solar,153.5,33.021601,-99.61463,stage2_eia_v6:AZURE
CECSOLAR_BECK1,2218,Solar,1.0,29.43445,-98.61765,stage3_eia_county:Bexar
SIRIUS_UNIT2,965,Solar,50.0,,,stage1_v6_osm
BELM_SLR_UNIT1,1492,Solar,201.0,30.998647,-97.259017,stage3_eia_county:Bell
BKVSOLAR_BKVSOLAR1,3550,Solar,2.5,33.261505,-97.238057,stage3_eia_county:Denton
BROOK_1UNIT,2218,Solar,7.6,29.43445,-98.61765,stage3_eia_county:Bexar
ELMEN_1UNIT,2218,Solar,7.3,29.43445,-98.61765,stage3_eia_county:Bexar
CAPRIDG4_BB_PV,1480,Solar,30.0,31.951958,-101.018936,stage2_eia_v6_wide:CAPRIDG4
CAPRIDG4_BB2_PV1,1480,Solar,100.0,31.951958,-101.018936,stage2_eia_v6_wide:CAPRIDG4
CAPRIDG4_BB2_PV2,1480,Solar,15.0,31.951958,-101.018936,stage2_eia_v6_wide:CAPRIDG4
LMESASLR_UNIT1,208,Solar,101.6,32.715611,-101.926522,stage3_eia_county:Dawson
LMESASLR_IVORY,208,Solar,50.0,32.715611,-101.926522,stage3_eia_county:Dawson
BOVINE_BOVINE,2741,Solar,5.0,29.631324,-96.076894,stage3_eia_county:Austin
BOVINE2_BOVINE2,2741,Solar,5.0,29.631324,-96.076894,stage3_eia_county:Austin
FILESSLR_PV1,2939,Solar,146.1,32.18398,-97.07141,stage2_eia_v6:FILESSLR
BRIGHTSD_UNIT1,1111,Solar,53.4,28.430988,-97.889555,stage2_eia_v6:BRIGHTSD
BR_ARROW_UNIT1,3426,Solar,127.3,33.25102,-95.193426,stage3_eia_county:Hopkins
BR_ARROW_UNIT2,3426,Solar,173.9,33.25102,-95.193426,stage3_eia_county:Hopkins
BRNSN_BRNSN,3014,Solar,5.0,29.409669,-95.73405,stage3_eia_county:Fort Bend
BRNSN2_BRNSN2,3014,Solar,5.0,29.409669,-95.73405,stage3_eia_county:Fort Bend
CASCADE,2739,Solar,5.0,29.45527,-96.088253,stage3_eia_county:Wharton
CASCADE2,2739,Solar,5.0,29.45527,-96.088253,stage3_eia_county:Wharton
CASL_GAP_UNIT1,739,Solar,180.0,31.39376,-98.35936,stage2_eia_v6_wide:CASL_GAP
CS10_CATAN,2833,Solar,10.0,28.871642,-97.696944,stage3_eia_county:Karnes
CHISUM_CHISUM,3603,Solar,10.0,33.599167,-95.525056,stage3_eia_county:Lamar
X443PV1_SWRI_PV1,2218,Solar,5.0,29.43445,-98.61765,stage3_eia_county:Bexar
CONIGLIO_UNIT1,3644,Solar,125.7,,,stage1_v6_osm
CORALSLR_SOLAR1,615,Solar,97.7,31.286739,-96.877205,stage3_eia_county:Falls
CORALSLR_SOLAR2,615,Solar,56.3,31.286739,-96.877205,stage3_eia_county:Falls
CORAZON_UNIT1,3157,Solar,202.6,27.634677,-99.258329,stage2_eia_v6:CORAZON
CRWN_SLR_UNIT1,615,Solar,101.3,31.286739,-96.877205,stage3_eia_county:Falls
DAG_UNIT1,3421,Solar,101.4,29.191,-95.663,stage3_eia_county:Brazoria
DAG_UNIT2,3421,Solar,101.4,29.191,-95.663,stage3_eia_county:Brazoria
DILEOSLR_UNIT1,702,Solar,71.4,31.933841,-97.653747,stage3_eia_county:Bosque
E_BLACK_UNIT_1,2713,Solar,144.0,,,stage1_v6_osm
EDDYII_EDDYII,2655,Solar,10.0,31.474114,-97.141218,stage3_eia_county:McLennan
EIFSLR_UNIT1,3603,Solar,241.0,33.599167,-95.525056,stage2_eia_v6:EIFSLR
ELARA_SL_UNIT1,3436,Solar,132.4,28.883196,-99.178605,stage2_eia_v6:ELARA_SL
ELLISSLR_UNIT1,3313,Solar,81.3,32.467194,-97.054333,stage2_eia_v6:ELLISSLR
EGROVESL_UNIT1,3628,Solar,109.5,31.254361,-102.31165,stage3_eia_county:Crane
ESTONIAN_SOLAR1,3603,Solar,88.4,33.599167,-95.525056,stage3_eia_county:Delta
ESTONIAN_SOLAR2,3603,Solar,114.4,33.599167,-95.525056,stage3_eia_county:Delta
EUNICE_PV1,3676,Solar,189.6,32.460054,-102.672809,stage3_eia_county:Andrews
EUNICE_PV2,3676,Solar,237.1,32.460054,-102.672809,stage3_eia_county:Andrews
FENCESLR_SOLAR1,3627,Solar,138.9,32.067483,-96.585136,stage3_eia_county:Navarro
FENCESLR_SOLAR2,3627,Solar,98.0,32.067483,-96.585136,stage3_eia_county:Navarro
FIFTHGS1_FGSOLAR1,2256,Solar,6.8,30.265877,-97.684861,stage3_eia_county:Travis
FIVEWSLR_UNIT1,1492,Solar,194.4,30.998647,-97.259017,stage2_eia_v6:FIVEWSLR
FIVEWSLR_UNIT2,1492,Solar,127.0,30.998647,-97.259017,stage2_eia_v6:FIVEWSLR
FWLR_SLR_UNIT1,3628,Solar,152.5,31.254361,-102.31165,stage3_eia_county:Crane
FRFWS_FAIRFIELD,3419,Solar,4.0,31.896737,-96.467327,stage3_eia_county:Freestone
FRYE_SLR_UNIT1,1238,Solar,250.9,33.695594,-101.970718,stage3_eia_county:Swisher
FRYE_SLR_UNIT2,1238,Solar,251.1,33.695594,-101.970718,stage3_eia_county:Swisher
HOVEY_UNIT1,874,Solar,22.0,,,stage1_v6_osm
BOOTLEG_UNIT1,964,Solar,126.0,,,stage1_v6_osm
GALLOWAY_SOLAR1,3654,Solar,250.0,31.435932,-99.796613,stage2_eia_v6:GALLOWAY
GALLOWAY_SOLAR2,3654,Solar,111.1,31.435932,-99.796613,stage2_eia_v6:GALLOWAY
19599_1_GOLD_SPIKE,3137,Solar,1.3,32.82,-97.05,stage3_eia_county:Tarrant
19599_2_GOLD_SPIKE,3137,Solar,0.8,32.82,-97.05,stage3_eia_county:Tarrant
19599_GOLD_SPIKE,3137,Solar,1.9,32.82,-97.05,stage3_eia_county:Tarrant
GOLINDA_UNIT1,615,Solar,101.1,31.286739,-96.877205,stage3_eia_county:Falls
GRAN_SLR_UNIT1,1492,Solar,50.2,30.998647,-97.259017,stage3_eia_county:Milam
GREASWOD_UNIT1,3765,Solar,126.3,31.030996,-102.488209,stage2_eia_v6:GREASWOD
GREASWOD_UNIT2,3765,Solar,132.2,31.030996,-102.488209,stage2_eia_v6:GREASWOD
GRIFFIN_GRIFFIN,2655,Solar,5.0,31.474114,-97.141218,stage3_eia_county:McLennan
GRIZZLY_SOLAR1,3189,Solar,101.7,31.738177,-98.213739,stage2_eia_v6:GRIZZLY
HALO_SLR_UNIT1,1492,Solar,251.2,30.998647,-97.259017,stage3_eia_county:Bell
HWY56_HWY56,3281,Solar,5.3,33.614436,-96.690448,stage3_eia_county:Grayson
SEALY_1UNIT,2741,Solar,1.6,29.631324,-96.076894,stage3_eia_county:Austin
HOL_UNIT1,2739,Solar,178.9,29.45527,-96.088253,stage3_eia_county:Wharton
HOL_UNIT2,2739,Solar,186.1,29.45527,-96.088253,stage3_eia_county:Wharton
HOLSTEIN_SOLAR1,3679,Solar,102.2,,,stage1_v6_osm
HOLSTEIN_SOLAR2,3679,Solar,102.3,,,stage1_v6_osm
HOPKNSLR_UNIT1,3426,Solar,175.4,33.25102,-95.193426,stage3_eia_county:Hopkins
HOPKNSLR_UNIT2,3426,Solar,76.2,33.25102,-95.193426,stage3_eia_county:Hopkins
HRZN_SLR_UNIT1,3436,Solar,203.5,28.883196,-99.178605,stage3_eia_county:Frio
HRNT_SLR_UNIT1,1238,Solar,200.7,33.695594,-101.970718,stage3_eia_county:Swisher
HRNT_SLR_UNIT2,1238,Solar,200.5,33.695594,-101.970718,stage3_eia_county:Swisher
HRNT_SLR_UNIT3,1238,Solar,201.2,33.695594,-101.970718,stage3_eia_county:Swisher
IMPACT_UNIT1,3678,Solar,198.5,,,stage1_v6_osm
JADE_SLR_UNIT1,2933,Solar,158.8,33.320637,-100.982201,stage3_eia_county:Scurry
JADE_SLR_UNIT2,2933,Solar,162.4,33.320637,-100.982201,stage3_eia_county:Scurry
JUNG_SLR_UNIT1,1492,Solar,40.2,30.998647,-97.259017,stage3_eia_county:Milam
JUNO_UNIT1,3677,Solar,162.1,32.741383,-101.621793,stage3_eia_county:Borden
JUNO_UNIT2,3677,Solar,143.5,32.741383,-101.621793,stage3_eia_county:Borden
KELAM_SL_UNIT1,3265,Solar,59.8,32.4744,-95.7156,stage3_eia_county:Van Zandt
LAMPWICK_LAMPWICK,2331,Solar,7.5,30.872228,-99.537261,stage3_eia_county:Menard
LAMPASAS_HIGHWAY183,1302,Solar,7.5,31.114983,-97.845111,stage3_eia_county:Burnet
LAPETUS_UNIT_1,3676,Solar,100.7,,,stage1_v6_osm
LEON_LEON,2914,Solar,10.0,33.166173,-96.172617,stage3_eia_county:Hunt
LILY_SOLAR1,3626,Solar,147.6,32.533273,-96.428985,stage2_eia_v6:LILY
LGDRAW_S_UNIT1_1,3677,Solar,98.5,32.741383,-101.621793,stage3_eia_county:Borden
LGDRAW_S_UNIT1_2,3677,Solar,128.3,32.741383,-101.621793,stage3_eia_county:Borden
LON_SOLAR1,3421,Solar,78.2,29.191,-95.663,stage3_eia_county:Brazoria
MALAKOFF,3265,Solar,5.0,32.4744,-95.7156,stage3_eia_county:Henderson
MAND_SLR_UNIT1,1492,Solar,251.5,30.998647,-97.259017,stage3_eia_county:Milam
MRKM_SLR_PV1,2655,Solar,161.5,31.474114,-97.141218,stage3_eia_county:McLennan
MARLIN_MARLIN,615,Solar,5.3,31.286739,-96.877205,stage3_eia_county:Falls
MARS_MARS,3157,Solar,10.0,27.634677,-99.258329,stage3_eia_county:Webb
MCLNSLR_UNIT1,1574,Solar,207.4,28.44208,-99.75582,stage3_eia_county:Dimmit
MERCURY_PV1,3392,Solar,203.5,31.86976,-97.01498,stage3_eia_county:Hill
MERCURY_PV2,3392,Solar,203.5,31.86976,-97.01498,stage3_eia_county:Hill
MEXIA_MEXIA,1324,Solar,4.0,,,stage1_v6_osm
MEXIA1_MEXIA1,615,Solar,4.0,31.286739,-96.877205,stage3_eia_county:Limestone
MEXIA2_MEXIA2,615,Solar,4.0,31.286739,-96.877205,stage3_eia_county:Limestone
MISAE_UNIT1,3440,Solar,121.4,,,stage1_v6_osm
MISAE_UNIT2,3440,Solar,118.6,,,stage1_v6_osm
MLKF1_MALAKOFF1,3265,Solar,5.0,32.4744,-95.7156,stage3_eia_county:Henderson
MLKF2_MALAKOFF2,3265,Solar,5.0,32.4744,-95.7156,stage3_eia_county:Henderson
MROW_SLR_SOLAR1,3436,Solar,202.2,28.883196,-99.178605,stage3_eia_county:Frio
MUSTNGCK_SOLAR1,3,Solar,61.0,29.109147,-96.528761,stage3_eia_county:Jackson
MUSTNGCK_SOLAR2,3,Solar,91.3,29.109147,-96.528761,stage3_eia_county:Jackson
NEBULA_UNIT1,539,Solar,137.5,26.090103,-97.798453,stage2_eia_v6:NEBULA
NOBLESLR_SOLAR1,3550,Solar,148.8,33.261505,-97.238057,stage2_eia_v6:NOBLESLR
NOBLESLR_SOLAR2,3550,Solar,130.2,33.261505,-97.238057,stage2_eia_v6:NOBLESLR
NGNSVL_NGAINESV,3564,Solar,5.2,33.656072,-97.148569,stage3_eia_county:Cooke
OBERON_UNIT_1,3680,Solar,180.0,31.692358,-102.69743,stage2_eia_v6:OBERON
OCI_ALM1_UNIT1,2159,Solar,39.2,,,stage1_v6_osm
STHWG_UNIT1,2218,Solar,4.4,29.43445,-98.61765,stage3_eia_county:Bexar
WALZM_UNIT1,2218,Solar,5.5,29.43445,-98.61765,stage3_eia_county:Bexar
ECLIPSE_UNIT1,1788,Solar,37.6,,,stage1_v6_osm
HELIOS_UNIT1,1367,Solar,100.0,,,stage1_v6_osm
SIRIUS_UNIT1,965,Solar,110.2,,,stage1_v6_osm
SOLARA_UNIT1,983,Solar,112.0,,,stage1_v6_osm
OGS_SLR_UNIT1,1111,Solar,130.6,28.430988,-97.889555,stage3_eia_county:Jim Wells
OUTP_SLR_UNIT1,3157,Solar,258.0,27.634677,-99.258329,stage3_eia_county:Webb
OUTP_SLR_UNIT2,3157,Solar,259.1,27.634677,-99.258329,stage3_eia_county:Webb
PAR_UNIT1,2741,Solar,243.2,29.631324,-96.076894,stage3_eia_county:Waller
PAR_UNIT2,2741,Solar,240.2,29.631324,-96.076894,stage3_eia_county:Waller
PEGASUS_PEGASUS,205,Solar,10.0,31.241808,-102.29027,stage3_eia_county:Upton
PERE_SLR_UNIT1,2833,Solar,152.8,28.871642,-97.696944,stage3_eia_county:Goliad
PERE_SLR_UNIT2,2833,Solar,148.3,28.871642,-97.696944,stage3_eia_county:Goliad
PHOEBE_UNIT1,3709,Solar,125.1,,,stage1_v6_osm
PHOEBE_UNIT2,3709,Solar,128.1,,,stage1_v6_osm
PHOENIX_UNIT1,3645,Solar,83.9,33.500378,-96.146489,stage3_eia_county:Fannin
PISGAH_SOLAR1,3419,Solar,189.4,,,stage1_v6_osm
PISGAH_SOLAR2,3419,Solar,64.4,,,stage1_v6_osm
PITTSDDK_UNIT1,2930,Solar,49.6,31.8932,-96.8751,stage2_eia_v6:PITTSDDK
PLN_UNIT1,2739,Solar,270.0,29.45527,-96.088253,stage3_eia_county:Wharton
PLN_UNIT2,2739,Solar,270.0,29.45527,-96.088253,stage3_eia_county:Wharton
PORT_SLR_UNIT1,3550,Solar,245.8,33.261505,-97.238057,stage3_eia_county:Denton
PFK_PFKPV,2256,Solar,2.6,30.265877,-97.684861,stage3_eia_county:Travis
PROSPERO_UNIT1,3681,Solar,153.6,,,stage1_v6_osm
PROSPERO_UNIT2,3681,Solar,150.0,,,stage1_v6_osm
PRSPERO2_UNIT1,3681,Solar,126.5,32.287873,-102.840399,stage2_eia_v6:PRSPERO2
PRSPERO2_UNIT2,3681,Solar,126.4,32.287873,-102.840399,stage2_eia_v6:PRSPERO2
QUEEN_SL_SOLAR1,205,Solar,102.5,31.241808,-102.29027,stage3_eia_county:Upton
QUEEN_SL_SOLAR2,205,Solar,102.5,31.241808,-102.29027,stage3_eia_county:Upton
QUEEN_SL_SOLAR3,205,Solar,97.5,31.241808,-102.29027,stage3_eia_county:Upton
QUEEN_SL_SOLAR4,205,Solar,107.5,31.241808,-102.29027,stage3_eia_county:Upton
RADN_SLR_UNIT1,1862,Solar,161.4,31.5481,-99.1872,stage3_eia_county:Brown
RADN_SLR_UNIT2,1862,Solar,166.0,31.5481,-99.1872,stage3_eia_county:Brown
RAMBLER_UNIT1,3706,Solar,211.2,,,stage1_v6_osm
RATLIFF_SOLAR1,3706,Solar,162.4,31.517,-100.6,stage3_eia_county:Tom Green
REROCK_UNIT1,876,Solar,78.8,30.960209,-103.306662,stage2_eia_v6:REROCK
REROCK_UNIT2,876,Solar,78.8,30.960209,-103.306662,stage2_eia_v6:REROCK
REDBARN_UNIT_1,823,Solar,222.0,30.57552,-102.551292,stage3_eia_county:Pecos
REDBARN_UNIT_2,823,Solar,28.0,30.57552,-102.551292,stage3_eia_county:Pecos
COSERVSS_CSS1,3550,Solar,2.0,33.261505,-97.238057,stage3_eia_county:Denton
DP24X001_RETAMADG,1574,Solar,1.8,28.44208,-99.75582,stage3_eia_county:Dimmit
RIGGINS_UNIT1,207,Solar,155.4,,,stage1_v6_osm
RIPPEY_UNIT1,3564,Solar,59.8,33.656072,-97.148569,stage3_eia_county:Cooke
ROW_UNIT1,3014,Solar,101.7,29.409669,-95.73405,stage3_eia_county:Fort Bend
ROW_UNIT2,3014,Solar,200.7,29.409669,-95.73405,stage3_eia_county:Fort Bend
SIG_SLR_UNIT1,2914,Solar,51.6,33.166173,-96.172617,stage3_eia_county:Hunt
LASSO_UNIT1,815,Solar,50.0,,,stage1_v6_osm
SPARTA_UNIT1,1111,Solar,147.5,28.430988,-97.889555,stage3_eia_county:Bee
SPARTA_UNIT2,1111,Solar,104.9,28.430988,-97.889555,stage3_eia_county:Bee
SPTX12B_UNIT1,205,Solar,157.5,31.241808,-102.29027,stage3_eia_county:Upton
STAM_SLR_SOLAR1,3426,Solar,77.8,33.25102,-95.193426,stage3_eia_county:Hopkins
STAM_SLR_SOLAR2,3426,Solar,178.6,33.25102,-95.193426,stage3_eia_county:Hopkins
STRLING_STRLING,2914,Solar,10.0,33.166173,-96.172617,stage3_eia_county:Hunt
STLHS_SL_PV1,1492,Solar,210.8,30.998647,-97.259017,stage3_eia_county:Bell
STRATEGC_UNIT1,3244,Solar,135.0,32.23256,-96.706121,stage3_eia_county:Ellis
SUNVASLR_UNIT1,2540,Solar,165.8,,,stage1_v6_osm
SUNVASLR_UNIT2,2540,Solar,86.2,,,stage1_v6_osm
SOME1_1UNIT,2218,Solar,5.6,29.43445,-98.61765,stage3_eia_county:Bexar
VALL1_1UNIT,2218,Solar,9.9,29.43445,-98.61765,stage3_eia_county:Bexar
SOME2_1UNIT,2218,Solar,5.0,29.43445,-98.61765,stage3_eia_county:Bexar
VALL2_1UNIT,2218,Solar,9.9,29.43445,-98.61765,stage3_eia_county:Bexar
SUN_SLR_UNIT_1,1795,Solar,203.5,29.216667,-99.716111,stage3_eia_county:Uvalde
TALCOWST_TALCO,3426,Solar,7.5,33.25102,-95.193426,stage3_eia_county:Titus
TAYGETE_UNIT1,3634,Solar,125.9,31.186,-103.128,stage2_eia_v6:TAYGETE
TAYGETE_UNIT2,3634,Solar,128.9,31.186,-103.128,stage2_eia_v6:TAYGETE
TAYGETE2_UNIT1,823,Solar,101.9,30.57552,-102.551292,stage3_eia_county:Pecos
TAYGETE2_UNIT2,823,Solar,101.9,30.57552,-102.551292,stage3_eia_county:Pecos
NOVA1SLR_UNIT1,2933,Solar,126.8,33.320637,-100.982201,stage2_eia_v6:NOVA1SLR
NOVA1SLR_UNIT2,2933,Solar,126.7,33.320637,-100.982201,stage2_eia_v6:NOVA1SLR
NOVA2SLR_UNIT1,2933,Solar,202.4,33.320637,-100.982201,stage2_eia_v6:NOVA2SLR
TRBT_SLR_PV1,823,Solar,150.0,30.57552,-102.551292,stage3_eia_county:Pecos
TRBT_SLR_PV2,823,Solar,156.9,30.57552,-102.551292,stage3_eia_county:Pecos
TI_SOLAR_UNIT1,3402,Solar,136.8,31.70038,-104.458136,stage3_eia_county:Culberson
TI_SOLAR_UNIT2,3402,Solar,131.1,31.70038,-104.458136,stage3_eia_county:Culberson
ERATH_ERATH21,704,Solar,10.0,32.07868,-97.768464,stage3_eia_county:Erath
TRN_TRINITYBAY,2897,Solar,1.5,29.289809,-95.298609,stage3_eia_county:Chambers
TNS_SLR_UNIT1,615,Solar,119.4,31.286739,-96.877205,stage3_eia_county:Falls
TNS_SLR_UNIT2,615,Solar,119.5,31.286739,-96.877205,stage3_eia_county:Falls
TYSN_SLR_UNIT1,3603,Solar,90.5,33.599167,-95.525056,stage3_eia_county:Lamar
VANCOURT_UNIT1,539,Solar,45.7,26.090103,-97.798453,stage3_eia_county:Cameron
VISION_UNIT1,3627,Solar,129.2,32.067483,-96.585136,stage3_eia_county:Navarro
WGU_UNIT1,3675,Solar,120.0,29.242304,-95.658144,stage2_eia_v6:WGU
WLNTSPRG_1UNIT,702,Solar,10.0,31.933841,-97.653747,stage3_eia_county:Bosque
WAYMARK_UNIT1,205,Solar,182.0,31.241808,-102.29027,stage3_eia_county:Upton
WEBBER_S_WSP1,1273,Solar,26.7,,,stage1_v6_osm
WMOOREII_WMOOREII,3281,Solar,5.0,33.614436,-96.690448,stage3_eia_county:Grayson
W_PECOS_UNIT1,3723,Solar,100.0,31.4308,-103.7289,stage2_eia_v6:W_PECOS
WES_UNIT1,3421,Solar,101.6,29.191,-95.663,stage3_eia_county:Brazoria
WES_UNIT2,3421,Solar,101.6,29.191,-95.663,stage3_eia_county:Brazoria
WBORO_WHTSBORO,3281,Solar,5.0,33.614436,-96.690448,stage3_eia_county:Grayson
WBOROII_WHBOROII,3281,Solar,5.0,33.614436,-96.690448,stage3_eia_county:Grayson
WHTRT_WHTRGHT,3645,Solar,10.0,33.500378,-96.146489,stage3_eia_county:Fannin
ADL_SOLAR1,3014,Solar,60.1,29.409669,-95.73405,stage3_eia_county:Harris
YLWJACKET_YLWJACKET,702,Solar,5.0,31.933841,-97.653747,stage3_eia_county:Bosque
ZIER_SLR_PV1,50,Solar,161.3,,,stage1_v6_osm
ANSON2_UNIT1,373,Solar,200.9,,,stage1_v6_osm
AZSP_SLR_SOLAR1,116,Solar,181.0,31.37,-94.62,stage4_county_centroid:Angelina
BAKE_SLR_UNIT1,3603,Solar,234.8,33.599167,-95.525056,stage3_eia_county:Lamar
BAKE_SLR_UNIT2,3603,Solar,234.6,33.599167,-95.525056,stage3_eia_county:Lamar
BART_SLR_SOLAR1,3265,Solar,125.8,32.4744,-95.7156,stage3_eia_county:Rains
BIG_STAR_UNIT1,1273,Solar,132.3,30.238492,-97.508812,stage3_eia_county:Bastrop
BIG_STAR_UNIT2,1273,Solar,70.8,30.238492,-97.508812,stage3_eia_county:Bastrop
BLVN_SLR_SOLAR2,615,Solar,132.0,31.286739,-96.877205,stage3_eia_county:Falls
BLVN_SLR_SOLAR3,615,Solar,139.7,31.286739,-96.877205,stage3_eia_county:Falls
BLUEJAY_UNIT1,3418,Solar,69.0,,,stage1_v6_osm
BLUEJAY_UNIT2,3418,Solar,141.0,,,stage1_v6_osm
BCK_UNIT1,3014,Solar,217.5,29.409669,-95.73405,stage3_eia_county:Fort Bend
BCK_UNIT2,3014,Solar,221.3,29.409669,-95.73405,stage3_eia_county:Fort Bend
BUZI_SLR_UNIT1,3440,Solar,6.3,34.380532,-100.099625,stage3_eia_county:Motley
BUZI_SLR_UNIT2,3440,Solar,119.6,34.380532,-100.099625,stage3_eia_county:Motley
BUZI_SLR_UNIT3,3440,Solar,107.2,34.380532,-100.099625,stage3_eia_county:Motley
BUZI_SLR_UNIT4,3440,Solar,18.6,34.380532,-100.099625,stage3_eia_county:Motley
CHIL_SLR_SOLAR1,2426,Solar,174.3,,,stage1_v6_osm
CHIL_SLR_SOLAR2,2426,Solar,178.1,,,stage1_v6_osm
CMPD_SLR_SOLAR1,3392,Solar,195.2,31.86976,-97.01498,stage3_eia_county:Hill
CMPD_SLR_SOLAR2,3392,Solar,211.4,31.86976,-97.01498,stage3_eia_county:Hill
CTW_SOLAR1,3421,Solar,175.7,29.191,-95.663,stage3_eia_county:Brazoria
CTW_SOLAR2,3421,Solar,175.7,29.191,-95.663,stage3_eia_county:Brazoria
DMA_SOLAR1,3421,Solar,100.2,29.191,-95.663,stage3_eia_county:Brazoria
DAN_UNIT1,2739,Solar,301.3,29.45527,-96.088253,stage3_eia_county:Wharton
DAN_UNIT2,2739,Solar,151.0,29.45527,-96.088253,stage3_eia_county:Wharton
DAN_UNIT3,2739,Solar,150.5,29.45527,-96.088253,stage3_eia_county:Wharton
DELILA_1_G1,3603,Solar,153.5,33.599167,-95.525056,stage3_eia_county:Lamar
DELILA_1_G2,3603,Solar,153.5,33.599167,-95.525056,stage3_eia_county:Lamar
DELILA_2_G1,3602,Solar,107.1,33.63291,-95.39071,stage3_eia_county:Red River
DELILA_2_G2,3602,Solar,103.4,33.63291,-95.39071,stage3_eia_county:Red River
DELILA_2_G3,3602,Solar,107.1,33.63291,-95.39071,stage3_eia_county:Red River
DIVR_SLR_SOLAR1,615,Solar,71.0,31.286739,-96.877205,stage3_eia_county:Limestone
DIVR_SLR_SOLAR2,615,Solar,155.2,31.286739,-96.877205,stage3_eia_county:Limestone
DORA_SLR_SOLAR1,3621,Solar,198.7,32.811041,-99.91749,stage3_eia_county:Callahan
DORA_SLR_SOLAR2,3621,Solar,202.7,32.811041,-99.91749,stage3_eia_county:Callahan
DRCK_SLR_SOLAR1,3265,Solar,200.1,32.4744,-95.7156,stage3_eia_county:Henderson
EBELLSLR_UNIT1,1492,Solar,244.9,30.998647,-97.259017,stage3_eia_county:Milam
EBELLSL2_UNIT1,1492,Solar,150.6,30.998647,-97.259017,stage3_eia_county:Milam
ELZA_SLR_SOLAR1,3626,Solar,151.7,32.533273,-96.428985,stage3_eia_county:Kaufman
FAGUSSLR_UNIT2,3440,Solar,166.4,34.380532,-100.099625,stage3_eia_county:Childress
FAGUSSLR_UNIT3,3440,Solar,166.6,34.380532,-100.099625,stage3_eia_county:Childress
JAY_UNIT1,3531,Solar,119.6,29.358425,-95.746388,stage2_eia_v6:JAY
JAY_UNIT2,3531,Solar,160.5,29.358425,-95.746388,stage2_eia_v6:JAY
GRYH_SLR_SOLAR5,1362,Solar,28.1,32.0015,-102.6337,stage3_eia_county:Ector
GRYH_SLR_SOLAR6,1362,Solar,28.1,32.0015,-102.6337,stage3_eia_county:Ector
GRYH_SLR_SOLAR7,1362,Solar,94.6,32.0015,-102.6337,stage3_eia_county:Ector
GRYH_SLR_SOLAR8,1362,Solar,101.6,32.0015,-102.6337,stage3_eia_county:Ector
GRIM_SLR_UNIT1,2741,Solar,104.5,29.631324,-96.076894,stage3_eia_county:Grimes
GRIM_SLR_UNIT2,2741,Solar,79.9,29.631324,-96.076894,stage3_eia_county:Grimes
GRIM_SLR_UNIT3,2741,Solar,26.9,29.631324,-96.076894,stage3_eia_county:Grimes
HKSN_SLR_UNIT1,702,Solar,149.7,31.933841,-97.653747,stage3_eia_county:Bosque
HKSN_SLR_UNIT2,702,Solar,3.9,31.933841,-97.653747,stage3_eia_county:Bosque
HKSN_SLR_UNIT3,702,Solar,157.5,31.933841,-97.653747,stage3_eia_county:Bosque
LMWD_SLR_SOLAR1,1492,Solar,204.6,30.998647,-97.259017,stage3_eia_county:Bell
LNP_SOLAR1,3421,Solar,120.7,29.191,-95.663,stage3_eia_county:Brazoria
MIDP_SLR_SOLAR1,3392,Solar,98.3,31.86976,-97.01498,stage3_eia_county:Hill
MLB_SLR_SOLAR1,368,Solar,201.5,33.04,-99.5525,stage3_eia_county:Haskell
MYR_UNIT1,3421,Solar,171.6,29.191,-95.663,stage3_eia_county:Brazoria
MYR_UNIT2,3421,Solar,149.6,29.191,-95.663,stage3_eia_county:Brazoria
NRTN_SLR_SOLAR1,3679,Solar,125.5,32.104125,-100.162375,stage3_eia_county:Runnels
ORIANA_UNIT1,3,Solar,180.7,29.109147,-96.528761,stage3_eia_county:Victoria
PHO_SOLAR1,2739,Solar,129.6,29.45527,-96.088253,stage3_eia_county:Wharton
PHO_SOLAR2,2739,Solar,106.1,29.45527,-96.088253,stage3_eia_county:Wharton
PHO_SOLAR3,2739,Solar,110.0,29.45527,-96.088253,stage3_eia_county:Wharton
PHO_SOLAR4,2739,Solar,106.0,29.45527,-96.088253,stage3_eia_county:Wharton
PINEFRST_UNIT1,3426,Solar,242.7,33.25102,-95.193426,stage3_eia_county:Hopkins
PINEFRST_UNIT2,3426,Solar,58.9,33.25102,-95.193426,stage3_eia_county:Hopkins
PINN_SLR_UNIT1,3550,Solar,215.3,33.261505,-97.238057,stage3_eia_county:Jack
PINN_SLR_UNIT2,3550,Solar,219.2,33.261505,-97.238057,stage3_eia_county:Jack
PINN_SLR_UNIT3,3550,Solar,219.2,33.261505,-97.238057,stage3_eia_county:Jack
ROSELAND_SOLAR1,2928,Solar,254.0,31.461242,-96.824928,stage2_eia_v6:ROSELAND
ROSELAND_SOLAR2,2928,Solar,137.8,31.461242,-96.824928,stage2_eia_v6:ROSELAND
ROSELAND_SOLAR3,2928,Solar,116.2,31.461242,-96.824928,stage2_eia_v6:ROSELAND
SAMSON_1_G1,3426,Solar,128.4,33.25102,-95.193426,stage2_eia_v6:SAMSON_1
SAMSON_1_G2,3426,Solar,128.4,33.25102,-95.193426,stage2_eia_v6:SAMSON_1
SAMSON_1_G3,3426,Solar,101.5,33.25102,-95.193426,stage2_eia_v6:SAMSON_1
SAMSON_1_G4,3426,Solar,101.5,33.25102,-95.193426,stage2_eia_v6:SAMSON_1
SAMSON_3_G1,3426,Solar,128.4,33.25102,-95.193426,stage2_eia_v6:SAMSON_3
SAMSON_3_G2,3426,Solar,128.4,33.25102,-95.193426,stage2_eia_v6:SAMSON_3
SBE_UNIT1,2739,Solar,233.5,,,stage1_v6_osm
STAR_SLR_UNIT1,587,Solar,70.5,26.88913,-98.233324,stage3_eia_county:Starr
STAR_SLR_UNIT2,587,Solar,66.3,26.88913,-98.233324,stage3_eia_county:Starr
STRG_SLR_UNIT1,1492,Solar,184.1,30.998647,-97.259017,stage3_eia_county:Milam
STRG_SLR_UNIT2,1492,Solar,17.5,30.998647,-97.259017,stage3_eia_county:Milam
SYBR_SLR_UNIT1,1492,Solar,132.5,30.998647,-97.259017,stage3_eia_county:Milam
SYBR_SLR_UNIT2,1492,Solar,128.6,30.998647,-97.259017,stage3_eia_county:Milam
TNG_SOLAR1,3421,Solar,125.1,29.191,-95.663,stage3_eia_county:Brazoria
TNG_SOLAR2,3421,Solar,125.1,29.191,-95.663,stage3_eia_county:Brazoria
TREB_SLR_SOLAR1,3,Solar,196.3,29.109147,-96.528761,stage3_eia_county:Calhoun
TUL_SLR_UNIT1,2833,Solar,128.1,28.871642,-97.696944,stage3_eia_county:Goliad
TUL_SLR_UNIT2,2833,Solar,128.1,28.871642,-97.696944,stage3_eia_county:Goliad
A4_DGR1,2603,Gas,35.0,29.45,-98.52,stage4_county_centroid:Bexar
A4_DGR2,2603,Gas,35.0,29.45,-98.52,stage4_county_centroid:Bexar
K2_DGR1,2603,Gas,29.4,29.45,-98.52,stage4_county_centroid:Bexar
K2_DGR2,2603,Gas,29.4,29.45,-98.52,stage4_county_centroid:Bexar
P2_DGR1,2603,Gas,40.9,29.45,-98.52,stage4_county_centroid:Bexar
P2_DGR2,2603,Gas,40.9,29.45,-98.52,stage4_county_centroid:Bexar
Q1_DGR1,2603,Gas,29.4,29.45,-98.52,stage4_county_centroid:Bexar
BRAUNIG_VHB3,2405,Gas,420.0,29.308056,-98.3242,stage3_eia_county:Bexar
V2_DGR1,2603,Gas,32.0,29.45,-98.52,stage4_county_centroid:Bexar
V2_DGR2,2603,Gas,32.0,29.45,-98.52,stage4_county_centroid:Bexar
V2_DGR3,2603,Gas,32.0,29.45,-98.52,stage4_county_centroid:Bexar
V4_DGR1,2603,Gas,40.9,29.45,-98.52,stage4_county_centroid:Bexar
X1_DGR1,2603,Gas,29.4,29.45,-98.52,stage4_county_centroid:Bexar
Z0_DGR1,2603,Gas,29.4,29.45,-98.52,stage4_county_centroid:Bexar
Z0_DGR2,2603,Gas,29.4,29.45,-98.52,stage4_county_centroid:Bexar
Z5_DGR1,2603,Gas,29.4,29.45,-98.52,stage4_county_centroid:Bexar
DC_E,3645,Gas,600.0,33.500378,-96.146489,stage3_eia_county:Fannin
DC_N,26,Gas,220.0,34.072251,-99.264676,stage3_eia_county:Wilbarger
DC_L,1585,Gas,100.0,27.612565,-99.471825,stage3_eia_county:Webb
DC_R,592,Gas,300.0,26.451111,-98.1775,stage3_eia_county:Hidalgo
CEDARVALE_GAS,832,Gas,9.9,30.896466,-102.907161,stage3_eia_county:Ward
ENCHANTED_ROCK_NEWPP,2622,Gas,30.0,29.829831,-95.377269,stage3_eia_county:Harris
BYNUM_SOLAR_PROJECT,1302,Solar,56.0,31.114983,-97.845111,stage3_eia_county:Coryell
GREYHOUND_SOLAR,1362,Solar,335.5,32.0015,-102.6337,stage3_eia_county:Ector
HERMES_SOLAR,1492,Solar,100.4,30.998647,-97.259017,stage3_eia_county:Bell
MRG_GOODY_SOLAR,3603,Solar,170.8,33.599167,-95.525056,stage3_eia_county:Lamar
PITTS_DUDIK_II,3392,Solar,30.2,31.86976,-97.01498,stage3_eia_county:Hill
SHAULA_I_SOLAR,2833,Solar,205.2,28.871642,-97.696944,stage3_eia_county:DeWitt
