Bus ID,Bus Name,Sub Name,BaseKV,Bus Type,MW Load,MVAR Load,Area,Sub Area,Zone,lat,lng,osm_id,is_split
0,Moraine_Road_Station,MORAINE ROAD STATION,115.0,PQ,0.0,0.0,1,1,A,42.45737,-77.74501,1443347120.0,False
1,Calspan_Substation,CALSPAN SUBSTATION,115.0,PQ,0.0,0.0,1,1,A,42.9322,-78.72264,1441736117.0,False
4,KCE_NY6_Substation,KCE NY6 SUBSTATION,115.0,PQ,0.0,0.0,1,1,A,42.80404,-78.82753,1437034349.0,False
5,Beth_8A_Substation,BETH 8A SUBSTATION,115.0,PQ,0.0,0.0,1,1,A,42.80003,-78.83692,1437034328.0,False
7,Ball_Hill_Wind_Substation,BALL HILL WIND SUBSTATION,230.0,PQ,0.0,0.0,1,1,A,42.51012,-79.15805,1436851747.0,False
8,West_Ashville_Station,WEST ASHVILLE STATION,115.0,PQ,0.0,0.0,1,1,A,42.07682,-79.44408,1432687467.0,False
9,Union_Valley_Substation,UNION VALLEY SUBSTATION,115.0,PQ,0.0,0.0,7,7,G,41.35207,-73.74658,1377930868.0,False
11,Ischua_Switch_Towers,ISCHUA SWITCH TOWERS,115.0,PQ,0.0,0.0,1,1,A,42.2659,-78.49374,1342736665.0,False
12,Starr_Road_Station,STARR ROAD STATION,115.0,PQ,0.0,0.0,3,3,C,42.5835,-76.19901,1323036169.0,False
13,Salisbury_Station,SALISBURY STATION,115.0,PQ,0.0,0.0,3,3,C,43.06566,-74.84521,1318913123.0,False
14,Watkins_Road_Station,WATKINS ROAD STATION,115.0,PQ,0.0,0.0,3,3,C,43.06332,-75.05691,1318905041.0,False
18,Middle_Road_Station,MIDDLE ROAD STATION,115.0,PQ,0.0,0.0,4,4,D,43.93855,-75.82966,1313125472.0,False
19,Chateaugay,CHATEAUGAY,115.0,PQ,0.0,0.0,4,4,D,44.92446,-74.11139,1297208149.0,False
20,Stark,STARK,115.0,PQ,0.0,0.0,4,4,D,44.45506,-74.76089,1293539059.0,False
21,Pyrites,PYRITES,115.0,PQ,0.0,0.0,4,4,D,44.51951,-75.18662,1290802028.0,False
23,North_Gouverneur_Station,NORTH GOUVERNEUR STATION,115.0,PQ,0.0,0.0,4,4,D,44.34457,-75.47728,1290673017.0,False
24,Balmat_Station,BALMAT STATION,115.0,PQ,0.0,0.0,4,4,D,44.25225,-75.39781,1290564521.0,False
25,Sunday_Creek_Station,SUNDAY CREEK STATION,115.0,PQ,0.0,0.0,3,3,C,43.87165,-75.13596,1288692222.0,False
26,Station_216,STATION 216,115.0,PQ,0.0,0.0,2,2,B,43.24081,-77.08013,1271230027.0,False
27,East_Stolle_Switchyard,EAST STOLLE SWITCHYARD,345.0,PQ,0.0,0.0,1,1,A,42.83714,-78.58029,1221864114.0,False
28,Princetown_Substation,PRINCETOWN SUBSTATION,345.0,PQ,0.0,0.0,5,5,E,42.84011,-74.10229,1221810455.0,False
29,Knickerbocker_Substation,KNICKERBOCKER SUBSTATION,345.0,PQ,0.0,0.0,6,6,F,42.49435,-73.73769,1221667976.0,False
30,Corning_Station,CORNING STATION,115.0,PQ,0.0,0.0,4,4,D,44.56074,-75.31606,1215786002.0,False
31,Brady_Station,BRADY STATION,115.0,PQ,0.0,0.0,4,4,D,44.78846,-75.15889,1215785991.0,False
32,Alcoa_Station,ALCOA STATION,115.0,PQ,0.0,0.0,4,4,D,44.96181,-74.89173,1215785989.0,False
33,Cloverbank_Substation,CLOVERBANK SUBSTATION,115.0,PQ,0.0,0.0,1,1,A,42.74642,-78.89286,1198777857.0,False
36,Battle_Hill_Station,BATTLE HILL STATION,115.0,PQ,0.0,0.0,4,4,D,44.33791,-75.41115,1192697957.0,False
38,Debalso_Station,DEBALSO STATION,115.0,PQ,0.0,0.0,3,3,C,43.08565,-75.29428,1192478020.0,False
39,Schaghticoke_Station,SCHAGHTICOKE STATION,115.0,PQ,0.0,0.0,6,6,F,42.89914,-73.61328,1179819599.0,False
42,Willet_Substation,WILLET SUBSTATION,115.0,PQ,0.0,0.0,3,3,C,42.46575,-75.92331,1174610860.0,False
46,Mallory_Road_Station,MALLORY ROAD STATION,115.0,PQ,0.0,0.0,3,3,C,43.29669,-76.13909,1155991973.0,False
47,Coffeen_Street_Station,COFFEEN STREET STATION,115.0,PQ,0.0,0.0,4,4,D,43.98946,-75.94854,1155601845.0,False
50,Dysinger_Switchyard,DYSINGER SWITCHYARD,345.0,PQ,0.0,0.0,1,1,A,43.10918,-78.56317,1133930822.0,False
52,Stony_Creek_Substation,STONY CREEK SUBSTATION,230.0,PQ,0.0,0.0,2,2,B,42.73763,-78.23966,1115890489.0,False
53,Taylorville,TAYLORVILLE,115.0,PQ,0.0,0.0,4,4,D,43.92713,-75.32088,1106707583.0,False
55,West_Woodbourne_Substation,WEST WOODBOURNE SUBSTATION,115.0,PQ,0.0,0.0,7,7,G,41.75657,-74.60824,1094377885.0,False
56,Flat_Rock,FLAT ROCK,115.0,PQ,0.0,0.0,4,4,D,44.22168,-75.07415,1091975431.0,False
58,Cricket_Valley_Substation,CRICKET VALLEY SUBSTATION,345.0,PQ,0.0,0.0,7,7,G,41.67657,-73.57874,1075629718.0,False
59,Mountain_Substation,MOUNTAIN SUBSTATION,115.0,PQ,0.0,0.0,1,1,A,43.15398,-79.02176,1074366050.0,False
60,Station_251,STATION 251,115.0,PQ,0.0,0.0,2,2,B,43.11591,-77.63469,1073597510.0,False
61,Station_33,STATION 33,115.0,PQ,0.0,0.0,2,2,B,43.12395,-77.62928,1073597507.0,False
62,Boonville,BOONVILLE,115.0,PQ,0.0,0.0,4,4,D,43.5095,-75.35775,1071840837.0,False
63,Brigham_Road_Substation,BRIGHAM ROAD SUBSTATION,115.0,PQ,0.0,0.0,1,1,A,42.45833,-79.34509,1060050651.0,False
65,Five_Mile_Road_Substation,FIVE MILE ROAD SUBSTATION,345.0,PQ,0.0,0.0,1,1,A,42.19453,-78.46445,1054304309.0,False
66,Spier_Falls_Station_34,SPIER FALLS STATION 34,115.0,PQ,0.0,0.0,5,5,E,43.23514,-73.75283,1051636632.0,False
68,Lasher_Road_Station_3221,LASHER ROAD STATION 3221,115.0,PQ,0.0,0.0,5,5,E,42.97716,-73.93027,1034915846.0,False
69,Higley_Falls,HIGLEY FALLS,115.0,PQ,0.0,0.0,4,4,D,44.53031,-74.93315,1021293176.0,False
71,Townline_Station,TOWNLINE STATION,115.0,PQ,0.0,0.0,4,4,D,44.45665,-74.77411,1021288564.0,False
72,Station_255,STATION 255,345.0,PQ,0.0,0.0,2,2,B,43.05151,-77.69897,1018896662.0,False
75,Woodard_Station,WOODARD STATION,115.0,PQ,0.0,0.0,3,3,C,43.12736,-76.19397,938615787.0,False
76,Maple_Ave_Station_502,MAPLE AVE STATION 502,115.0,PQ,0.0,0.0,4,4,D,42.98495,-74.18517,930827053.0,False
77,West_Olean_Substation,WEST OLEAN SUBSTATION,115.0,PQ,0.0,0.0,1,1,A,42.08198,-78.4553,925871871.0,False
80,Middletown_Tap,MIDDLETOWN TAP,345.0,PQ,0.0,0.0,7,7,G,41.4213,-74.42845,884660310.0,False
82,Inghams_Station,INGHAMS STATION,115.0,PQ,0.0,0.0,3,3,C,43.06048,-74.76382,842714316.0,False
86,Chadwicks_Station,CHADWICKS STATION,115.0,PQ,0.0,0.0,3,3,C,43.03827,-75.26901,770784528.0,False
87,Walesville_Station,WALESVILLE STATION,115.0,PQ,0.0,0.0,3,3,C,43.1234,-75.34523,770784523.0,False
88,Yahnundasis_Station,YAHNUNDASIS STATION,115.0,PQ,0.0,0.0,3,3,C,43.08888,-75.3342,770784515.0,False
89,Rock_Tavern_Substation_345kV,ROCK TAVERN SUBSTATION (345KV),345.0,PQ,0.0,0.0,7,7,G,41.46749,-74.19708,762948167.0,False
90,Union_Avenue_Substation,UNION AVENUE SUBSTATION,115.0,PQ,0.0,0.0,7,7,G,41.47837,-74.04399,762948165.0,False
91,Rome_Station,ROME STATION,115.0,PQ,0.0,0.0,3,3,C,43.20494,-75.4531,736777627.0,False
92,Sterling_Power_Plant,STERLING POWER PLANT,115.0,PQ,0.0,0.0,3,3,C,43.0804,-75.60048,736777621.0,False
94,Gardenville_Substation,GARDENVILLE SUBSTATION,115.0,PQ,0.0,0.0,1,1,A,42.85192,-78.77265,723891529.0,False
95,Curtis_Street_Station,CURTIS STREET STATION,115.0,PQ,0.0,0.0,3,3,C,43.29818,-76.41896,694839775.0,False
96,Richfield_Springs_Substation,RICHFIELD SPRINGS SUBSTATION,115.0,PQ,0.0,0.0,3,3,C,42.84489,-74.98536,694495651.0,False
97,Bethlehem_Road_Substation,BETHLEHEM ROAD SUBSTATION,115.0,PQ,0.0,0.0,7,7,G,41.46187,-74.09515,682946654.0,False
98,Sand_Dock_Substation,SAND DOCK SUBSTATION,115.0,PQ,0.0,0.0,7,7,G,41.64892,-73.93812,682790853.0,False
99,Modena_Substation,MODENA SUBSTATION,115.0,PQ,0.0,0.0,7,7,G,41.64914,-74.12131,682726557.0,False
100,East_Watertown_Station,EAST WATERTOWN STATION,115.0,PQ,0.0,0.0,4,4,D,43.9388,-75.85456,680178569.0,False
102,Station_424,STATION 424,115.0,PQ,0.0,0.0,2,2,B,43.23112,-77.40783,640670349.0,False
104,Browns_Falls_Station,BROWNS FALLS STATION,115.0,PQ,0.0,0.0,4,4,D,44.21081,-75.05888,638052149.0,False
106,Stoney_Point_Substation,STONEY POINT SUBSTATION,138.0,PQ,0.0,0.0,7,7,G,41.22899,-73.99413,570142770.0,False
107,Snake_Hill_Substation,SNAKE HILL SUBSTATION,138.0,PQ,0.0,0.0,7,7,G,41.10416,-73.96329,570138636.0,False
108,Sugarloaf_Substation,SUGARLOAF SUBSTATION,345.0,PQ,0.0,0.0,7,7,G,41.30811,-74.25844,567177044.0,False
110,Ogdensburg_Station,OGDENSBURG STATION,115.0,PQ,0.0,0.0,4,4,D,44.69235,-75.49446,556156199.0,False
111,North_Ogdensburg_Station,NORTH OGDENSBURG STATION,115.0,PQ,0.0,0.0,4,4,D,44.71392,-75.44023,556156197.0,False
112,Dunkirk_Substation,DUNKIRK SUBSTATION,230.0,PQ,0.0,0.0,1,1,A,42.49032,-79.34638,525373001.0,False
114,North_Angola_Station,NORTH ANGOLA STATION,115.0,PQ,0.0,0.0,1,1,A,42.64402,-79.02257,469316269.0,False
117,E_J_West_Station,E. J. WEST STATION,115.0,PQ,0.0,0.0,5,5,E,43.3181,-73.91981,445007805.0,False
119,Levitt_Station,LEVITT STATION,115.0,PQ,0.0,0.0,3,3,C,43.2249,-75.47143,442384663.0,False
121,Eastover_Road_Station,EASTOVER ROAD STATION,230.0,PQ,0.0,0.0,6,6,F,42.80016,-73.62914,387265182.0,False
122,Croton_Falls_Substation,CROTON FALLS SUBSTATION,115.0,PQ,0.0,0.0,7,7,G,41.35424,-73.66925,383498368.0,False
123,Hillburn_Substation,HILLBURN SUBSTATION,138.0,PQ,0.0,0.0,7,7,G,41.12692,-74.16503,383474562.0,False
124,Monsey_Substation,MONSEY SUBSTATION,138.0,PQ,0.0,0.0,7,7,G,41.10586,-74.0707,383474551.0,False
125,New_Hempstead_Substation,NEW HEMPSTEAD SUBSTATION,138.0,PQ,0.0,0.0,7,7,G,41.1513,-74.02818,383474539.0,False
133,Curry_Road_Substation,CURRY ROAD SUBSTATION,115.0,PQ,0.0,0.0,5,5,E,42.76141,-73.9326,382635285.0,False
134,Altamont_Substation,ALTAMONT SUBSTATION,115.0,PQ,0.0,0.0,6,6,F,42.70992,-73.99581,382635282.0,False
136,Voorheesville_Substation,VOORHEESVILLE SUBSTATION,115.0,PQ,0.0,0.0,6,6,F,42.64795,-73.93572,374864619.0,False
137,Meco_Station,MECO STATION,115.0,PQ,0.0,0.0,4,4,D,43.04143,-74.3806,373685788.0,False
138,Rochester_Street_Substation,ROCHESTER STREET SUBSTATION,115.0,PQ,0.0,0.0,1,1,A,42.15775,-78.70145,370766459.0,False
141,McIntyre_Station,MCINTYRE STATION,115.0,PQ,0.0,0.0,4,4,D,44.66224,-75.4723,355218565.0,False
142,PMLD_St_Lawrence_No_2,PMLD ST. LAWRENCE NO.2,115.0,PQ,0.0,0.0,4,4,D,44.70951,-73.49893,352999900.0,False
145,Valley_Station,VALLEY STATION,115.0,PQ,0.0,0.0,3,3,C,43.03289,-74.98229,339518788.0,False
147,Manchester_Substation,MANCHESTER SUBSTATION,115.0,PQ,0.0,0.0,7,7,G,41.68911,-73.87987,327192655.0,False
149,Lake_Colby,LAKE COLBY,115.0,PQ,0.0,0.0,4,4,D,44.35274,-74.12809,325280727.0,False
151,Besicorp_Empire_Substation,BESICORP EMPIRE SUBSTATION,345.0,PQ,0.0,0.0,6,6,F,42.6241,-73.74869,323014599.0,False
153,Albany_Steam_Substation,ALBANY STEAM SUBSTATION,115.0,PQ,0.0,0.0,6,6,F,42.59491,-73.76243,321933884.0,False
154,Rock_Hill_Substation,ROCK HILL SUBSTATION,115.0,PQ,0.0,0.0,7,7,G,41.62389,-74.59874,320090965.0,False
155,Langdon,LANGDON,115.0,PQ,0.0,0.0,3,3,C,42.08458,-75.81596,319048012.0,False
157,Armawalk_Substation,ARMAWALK SUBSTATION,115.0,PQ,0.0,0.0,7,7,G,41.28546,-73.77179,314056862.0,False
158,Churchtown_Substation,CHURCHTOWN SUBSTATION,115.0,PQ,0.0,0.0,6,6,F,42.19313,-73.74267,310702004.0,False
159,Sylvan_Lake_Substation,SYLVAN LAKE SUBSTATION,115.0,PQ,0.0,0.0,7,7,G,41.5949,-73.72201,308332182.0,False
162,Belmont_Station,BELMONT STATION,115.0,PQ,0.0,0.0,3,3,C,43.12613,-76.21592,296778841.0,False
163,Mountaindale_Substation,MOUNTAINDALE SUBSTATION,115.0,PQ,0.0,0.0,7,7,G,41.69731,-74.54644,294202665.0,False
165,Fairfield_Station,FAIRFIELD STATION,115.0,PQ,0.0,0.0,3,3,C,43.06256,-74.89939,255501930.0,False
166,Schodack_Substation,SCHODACK SUBSTATION,115.0,PQ,0.0,0.0,6,6,F,42.54899,-73.71449,252709854.0,False
167,Hopkins_Road_Station,HOPKINS ROAD STATION,115.0,PQ,0.0,0.0,3,3,C,43.10942,-76.17319,249018338.0,False
168,Scofield_Road_Station,SCOFIELD ROAD STATION,115.0,PQ,0.0,0.0,4,4,D,43.35354,-73.83862,247410141.0,False
169,Malone_Station,MALONE STATION,115.0,PQ,0.0,0.0,4,4,D,44.82917,-74.29251,242628261.0,False
171,Bristol_Hill_Station,BRISTOL HILL STATION,115.0,PQ,0.0,0.0,3,3,C,43.32906,-76.39664,224681105.0,False
173,Teall_Avenue_Station,TEALL AVENUE STATION,115.0,PQ,0.0,0.0,3,3,C,43.08897,-76.12274,220947888.0,False
174,East_Springfield_Station_477,EAST SPRINGFIELD STATION 477,115.0,PQ,0.0,0.0,3,3,C,42.8296,-74.80228,217914130.0,False
178,Shoemaker_Substation,SHOEMAKER SUBSTATION,138.0,PQ,0.0,0.0,7,7,G,41.42841,-74.41766,210465450.0,False
179,Highland_Substation,HIGHLAND SUBSTATION,115.0,PQ,0.0,0.0,7,7,G,41.71048,-73.95575,201351960.0,False
180,Dehi_Substation,DEHI SUBSTATION,115.0,PQ,0.0,0.0,5,5,E,42.26377,-74.92669,197389030.0,False
181,Turin_Station,TURIN STATION,115.0,PQ,0.0,0.0,3,3,C,43.29047,-75.47296,192097251.0,False
183,East_Norwich_Substation,EAST NORWICH SUBSTATION,115.0,PQ,0.0,0.0,3,3,C,42.52142,-75.51027,191017491.0,False
186,Fenner_Wind_Farm_Station,FENNER WIND FARM STATION,115.0,PQ,0.0,0.0,3,3,C,42.98094,-75.74313,189625179.0,False
187,Turning_Stone_Station,TURNING STONE STATION,115.0,PQ,0.0,0.0,3,3,C,43.11813,-75.58827,189475166.0,False
188,Oneida_Station,ONEIDA STATION,115.0,PQ,0.0,0.0,3,3,C,43.10212,-75.63176,189475161.0,False
190,Cavanaugh_Road_Station,CAVANAUGH ROAD STATION,115.0,PQ,0.0,0.0,3,3,C,43.14134,-75.27099,189470427.0,False
191,Terminal_Station,TERMINAL STATION,115.0,PQ,0.0,0.0,3,3,C,43.1116,-75.22643,189468371.0,False
192,Schuyler_Station,SCHUYLER STATION,115.0,PQ,0.0,0.0,3,3,C,43.08911,-75.17123,189468370.0,False
194,Clinton_Station_366,CLINTON STATION 366,115.0,PQ,0.0,0.0,5,5,E,42.90095,-74.58982,188846426.0,False
195,Stoner_Station_358,STONER STATION 358,115.0,PQ,0.0,0.0,4,4,D,42.98629,-74.32237,188846425.0,False
196,St_Johnsville_Station,ST. JOHNSVILLE STATION,115.0,PQ,0.0,0.0,5,5,E,42.99679,-74.68654,188839237.0,False
197,Middletown_Tap_2,MIDDLETOWN TAP 2,345.0,PQ,0.0,0.0,7,7,G,41.42293,-74.40395,188140536.0,False
199,Pawling_Substation,PAWLING SUBSTATION,115.0,PQ,0.0,0.0,7,7,G,41.57168,-73.59892,182284482.0,False
200,Coddington_Substation,CODDINGTON SUBSTATION,115.0,PQ,0.0,0.0,3,3,C,42.4043,-76.47281,180287250.0,False
201,Hickling,HICKLING,115.0,PQ,0.0,0.0,2,2,B,42.12368,-76.98309,179365736.0,False
202,Montour_Falls_Substation,MONTOUR FALLS SUBSTATION,115.0,PQ,0.0,0.0,2,2,B,42.32782,-76.8424,179361769.0,False
204,Buffalo_Avenue_Substation,BUFFALO AVENUE SUBSTATION,115.0,PQ,0.0,0.0,1,1,A,43.08044,-79.04249,178196881.0,False
205,Marlboro_Substation,MARLBORO SUBSTATION,115.0,PQ,0.0,0.0,7,7,G,41.59165,-73.98636,176696225.0,False
206,East_Walden_Substation,EAST WALDEN SUBSTATION,115.0,PQ,0.0,0.0,7,7,G,41.57173,-74.15462,176696220.0,False
207,Ladentown_Substation,LADENTOWN SUBSTATION,345.0,PQ,0.0,0.0,7,7,G,41.18388,-74.07603,175926062.0,False
208,West_Haverstraw_Substation,WEST HAVERSTRAW SUBSTATION,138.0,PQ,0.0,0.0,7,7,G,41.20325,-73.99325,175926049.0,False
209,Canandaigua_Substation,CANANDAIGUA SUBSTATION,230.0,PQ,0.0,0.0,2,2,B,42.43924,-77.52962,175833231.0,False
210,Stoney_Ridge_Substation,STONEY RIDGE SUBSTATION,230.0,PQ,0.0,0.0,2,2,B,42.23743,-77.16295,175833225.0,False
211,Hillside_Substation,HILLSIDE SUBSTATION,230.0,PQ,0.0,0.0,2,2,B,42.10232,-76.79362,175833186.0,False
213,Watercure_Substation,WATERCURE SUBSTATION,345.0,PQ,0.0,0.0,2,2,B,42.10861,-76.77125,175784546.0,False
214,Willis_Substation,WILLIS SUBSTATION,345.0,PQ,0.0,0.0,4,4,D,44.88926,-74.11849,175766583.0,False
215,Plattsburgh_Substation,PLATTSBURGH SUBSTATION,230.0,PQ,0.0,0.0,4,4,D,44.75947,-73.49394,175766529.0,False
217,Clarks_Corners_Substation,CLARKS CORNERS SUBSTATION,345.0,Slack,0.0,0.0,3,3,C,42.44452,-76.12437,175668442.0,False
219,Oakdale_Substation,OAKDALE SUBSTATION,345.0,PQ,0.0,0.0,3,3,C,42.13683,-75.98248,175668416.0,False
220,Marshville_Station_299,MARSHVILLE STATION 299,115.0,PQ,0.0,0.0,5,5,E,42.88134,-74.59823,175648258.0,False
221,Coopers_Corners_Substation,COOPERS CORNERS SUBSTATION,345.0,PQ,0.0,0.0,7,7,G,41.66959,-74.76131,175648229.0,False
222,Southwood_Station,SOUTHWOOD STATION,115.0,PQ,0.0,0.0,3,3,C,42.99185,-76.08387,175547535.0,False
223,Independence_Substation,INDEPENDENCE SUBSTATION,345.0,PQ,0.0,0.0,3,3,C,43.49895,-76.44712,173874082.0,False
224,Scriba_Station,SCRIBA STATION,345.0,PQ,0.0,0.0,3,3,C,43.51353,-76.4073,173867615.0,False
225,FitzPatrick,FITZPATRICK,345.0,PQ,0.0,0.0,3,3,C,43.52253,-76.39999,173867614.0,False
226,Nine_Mile_Point_1,NINE MILE POINT #1,345.0,PQ,0.0,0.0,3,3,C,43.51971,-76.40972,173867606.0,False
227,Volney_Substation,VOLNEY SUBSTATION,345.0,PQ,0.0,0.0,3,3,C,43.40035,-76.34802,173867575.0,False
228,Guardian_Glass,GUARDIAN GLASS,115.0,PQ,0.0,0.0,2,2,B,42.88895,-76.97264,173076453.0,False
229,Porter_Station,PORTER STATION,230.0,PQ,0.0,0.0,3,3,C,43.15313,-75.2244,168747175.0,False
230,Marcy_Substation,MARCY SUBSTATION,765.0,PQ,0.0,0.0,3,3,C,43.17749,-75.22284,168747174.0,False
232,Springville_Substation,SPRINGVILLE SUBSTATION,115.0,PQ,0.0,0.0,1,1,A,42.51851,-78.64257,166141432.0,False
233,South_Ripley_Switching_Station,SOUTH RIPLEY SWITCHING STATION,230.0,PQ,0.0,0.0,1,1,A,42.19647,-79.7602,166062068.0,False
234,West_Haverstraw_Substation_234,WEST HAVERSTRAW SUBSTATION,345.0,PQ,0.0,0.0,7,7,G,41.20162,-73.99419,162864817.0,False
236,Global_Foundries_Station,GLOBAL FOUNDRIES STATION,115.0,PQ,0.0,0.0,5,5,E,42.97343,-73.75719,162320042.0,False
237,Fraser_Substation,FRASER SUBSTATION,345.0,PQ,0.0,0.0,5,5,E,42.256,-74.99877,161897427.0,False
238,Butternut_Station,BUTTERNUT STATION,115.0,PQ,0.0,0.0,3,3,C,43.0495,-76.04413,159935253.0,False
240,OCRRA,OCRRA,115.0,PQ,0.0,0.0,3,3,C,43.00487,-76.11439,159063483.0,False
243,Bath,BATH,115.0,PQ,0.0,0.0,2,2,B,42.31623,-77.27173,154880746.0,False
244,Rock_Cut_Station,ROCK CUT STATION,115.0,PQ,0.0,0.0,3,3,C,43.01113,-76.13467,150641565.0,False
245,Tilden_Station,TILDEN STATION,115.0,PQ,0.0,0.0,3,3,C,42.97419,-76.12137,150583946.0,False
246,Lafayette_Station,LAFAYETTE STATION,345.0,PQ,0.0,0.0,3,3,C,42.97274,-76.11873,150583898.0,False
247,Harris_Road_Station,HARRIS ROAD STATION,115.0,PQ,0.0,0.0,3,3,C,43.0173,-76.23031,150583706.0,False
248,Geres_Lock_Switching_Station,GERES LOCK SWITCHING STATION,115.0,PQ,0.0,0.0,3,3,C,43.06229,-76.23402,150538189.0,False
249,Station_230,STATION 230,115.0,PQ,0.0,0.0,2,2,B,43.16345,-77.32613,150534375.0,False
250,Station_124,STATION 124,115.0,PQ,0.0,0.0,2,2,B,43.16721,-77.4081,150533502.0,False
251,Station_204,STATION 204,115.0,PQ,0.0,0.0,2,2,B,43.22616,-77.33061,150528732.0,False
252,Station_135,STATION 135,115.0,PQ,0.0,0.0,2,2,B,43.22852,-77.32278,150527528.0,False
253,Station_13A,STATION 13A,115.0,PQ,0.0,0.0,2,2,B,43.2705,-77.31107,150271325.0,False
254,Macedon_Station,MACEDON STATION,115.0,PQ,0.0,0.0,2,2,B,43.07282,-77.28996,150269843.0,False
255,Station_199,STATION 199,115.0,PQ,0.0,0.0,2,2,B,43.05295,-76.83039,150254510.0,False
256,Elbridge_Substation_256,ELBRIDGE SUBSTATION,345.0,PQ,0.0,0.0,3,3,C,43.04051,-76.38829,150246110.0,False
257,Wright_Avenue_Substation,WRIGHT AVENUE SUBSTATION,115.0,PQ,0.0,0.0,3,3,C,42.92621,-76.59071,150215827.0,False
258,Station_168,STATION 168,115.0,PQ,0.0,0.0,2,2,B,42.96628,-77.24664,149985295.0,False
259,Station_121,STATION 121,115.0,PQ,0.0,0.0,2,2,B,43.0825,-77.33389,149790980.0,False
260,Substation_56,SUBSTATION 56,115.0,PQ,0.0,0.0,2,2,B,43.08856,-77.53762,149777325.0,False
261,Station_89,STATION 89,115.0,PQ,0.0,0.0,2,2,B,43.09312,-77.58329,149776289.0,False
262,Palmiter_Substation,PALMITER SUBSTATION,115.0,PQ,0.0,0.0,1,1,A,42.26648,-77.77475,149768761.0,False
263,Dugan_Road_Substation,DUGAN ROAD SUBSTATION,115.0,PQ,0.0,0.0,1,1,A,42.0763,-78.38921,149760657.0,False
264,Station_140,STATION 140,115.0,PQ,0.0,0.0,1,1,A,42.99206,-78.75466,149690975.0,False
265,Buffalo_Tungsten_Substation,BUFFALO TUNGSTEN SUBSTATION,115.0,PQ,0.0,0.0,1,1,A,42.90661,-78.69648,149668506.0,False
266,Depew_Substation,DEPEW SUBSTATION,115.0,PQ,0.0,0.0,1,1,A,42.90898,-78.69967,149668416.0,False
267,Moon_Switching_Station,MOON SWITCHING STATION,115.0,PQ,0.0,0.0,1,1,A,42.28414,-79.29941,149439111.0,False
268,Cold_Springs_Substation,COLD SPRINGS SUBSTATION,115.0,PQ,0.0,0.0,1,1,A,42.15243,-78.97246,149429842.0,False
270,Baker_Street_Substation,BAKER STREET SUBSTATION,115.0,PQ,0.0,0.0,1,1,A,42.07378,-79.33181,149327774.0,False
271,Westfield_Village_Substation,WESTFIELD VILLAGE SUBSTATION,115.0,PQ,0.0,0.0,1,1,A,42.33095,-79.58243,149198477.0,False
272,Finley_Road_Switching_Station,FINLEY ROAD SWITCHING STATION,115.0,PQ,0.0,0.0,1,1,A,42.33491,-79.48807,149196295.0,False
273,Berry_Road,BERRY ROAD,115.0,PQ,0.0,0.0,1,1,A,42.43615,-79.38129,149191877.0,False
274,Silver_Creek_Substation,SILVER CREEK SUBSTATION,115.0,PQ,0.0,0.0,1,1,A,42.54908,-79.16565,149088868.0,False
278,Davis_Road_Substation,DAVIS ROAD SUBSTATION,115.0,PQ,0.0,0.0,1,1,A,42.72765,-78.68246,149069388.0,False
283,Andover_Substation,ANDOVER SUBSTATION,115.0,PQ,0.0,0.0,1,1,A,42.15534,-77.80152,148616796.0,False
284,Wellsville_Substation,WELLSVILLE SUBSTATION,115.0,PQ,0.0,0.0,1,1,A,42.11401,-77.9577,148616165.0,False
285,Homer_Hill_Switch_Structure,HOMER HILL SWITCH STRUCTURE,115.0,PQ,0.0,0.0,1,1,A,42.08944,-78.45741,148611138.0,False
286,Machias_Substation,MACHIAS SUBSTATION,115.0,PQ,0.0,0.0,1,1,A,42.40568,-78.49485,148544291.0,False
290,Station_180,STATION 180,115.0,PQ,0.0,0.0,1,1,A,42.41775,-78.16156,148502927.0,False
291,Station_162,STATION 162,115.0,PQ,0.0,0.0,2,2,B,42.7004,-77.99682,148498292.0,False
293,Station_419,STATION 419,115.0,PQ,0.0,0.0,2,2,B,43.05457,-77.68405,148407188.0,False
294,Station_80,STATION 80,345.0,PQ,0.0,0.0,2,2,B,43.05416,-77.67249,148402399.0,False
295,Golah_Station,GOLAH STATION,115.0,PQ,0.0,0.0,2,2,B,42.9709,-77.71488,148356537.0,False
296,Mumford_Station,MUMFORD STATION,115.0,PQ,0.0,0.0,2,2,B,42.98827,-77.85777,148354055.0,False
297,North_LeRoy_Station,NORTH LEROY STATION,115.0,PQ,0.0,0.0,2,2,B,42.98813,-77.99141,148351964.0,False
313,Telegraph_Road_Station,TELEGRAPH ROAD STATION,115.0,PQ,0.0,0.0,1,1,A,43.20521,-78.46655,147550313.0,False
314,Batavia_Station,BATAVIA STATION,115.0,PQ,0.0,0.0,2,2,B,42.996,-78.1941,147500372.0,False
315,Alabama_Switch,ALABAMA SWITCH,115.0,PQ,0.0,0.0,1,1,A,43.14755,-78.4937,147498581.0,False
316,Packard_Substation,PACKARD SUBSTATION,230.0,PQ,0.0,0.0,1,1,A,43.09874,-79.00776,147381638.0,False
317,North_Akron_Station,NORTH AKRON STATION,115.0,PQ,0.0,0.0,1,1,A,43.01367,-78.47076,147300042.0,False
318,David_M_Barnes_Substation,DAVID M. BARNES SUBSTATION,115.0,PQ,0.0,0.0,1,1,A,43.02393,-78.49899,147297238.0,False
319,Black_River_Station,BLACK RIVER STATION,115.0,PQ,0.0,0.0,4,4,D,44.00305,-75.81616,146840489.0,False
320,Sawyer_Avenue_Substation,SAWYER AVENUE SUBSTATION,230.0,PQ,0.0,0.0,1,1,A,42.97821,-78.91833,146689493.0,False
321,Robinson_Road_Substation,ROBINSON ROAD SUBSTATION,230.0,PQ,0.0,0.0,1,1,A,43.13862,-78.7161,146665131.0,False
322,Wethersfield_Substation,WETHERSFIELD SUBSTATION,230.0,PQ,0.0,0.0,2,2,B,42.72637,-78.19161,146646819.0,False
323,High_Sheldon_Substation,HIGH SHELDON SUBSTATION,230.0,PQ,0.0,0.0,2,2,B,42.7643,-78.41996,146645873.0,False
324,Colliers_Substation,COLLIERS SUBSTATION,115.0,PQ,0.0,0.0,3,3,C,42.50181,-74.98313,146581550.0,False
326,Sweethome_Road_Station,SWEETHOME ROAD STATION,115.0,PQ,0.0,0.0,1,1,A,43.02483,-78.80222,146539762.0,False
327,Dupont_Substation,DUPONT SUBSTATION,115.0,PQ,0.0,0.0,1,1,A,42.97238,-78.92103,146491556.0,False
328,Chevrolet_Substation,CHEVROLET SUBSTATION,115.0,PQ,0.0,0.0,1,1,A,42.9659,-78.91025,146432467.0,False
332,Everett_Substation,EVERETT SUBSTATION,115.0,PQ,0.0,0.0,6,6,F,42.69527,-73.76926,142738636.0,False
333,Hemstreet_Station,HEMSTREET STATION,115.0,PQ,0.0,0.0,6,6,F,42.90777,-73.61065,142661419.0,False
334,Sand_Creek_Substation,SAND CREEK SUBSTATION,115.0,PQ,0.0,0.0,6,6,F,42.73127,-73.82508,142437894.0,False
335,Massena_Substation,MASSENA SUBSTATION,765.0,PQ,0.0,0.0,4,4,D,44.92127,-74.83528,142431633.0,False
336,Burdeck_Street_Substation,BURDECK STREET SUBSTATION,115.0,PQ,0.0,0.0,5,5,E,42.79171,-74.00599,142331872.0,False
338,Grooms_Road_Substation,GROOMS ROAD SUBSTATION,115.0,PQ,0.0,0.0,5,5,E,42.83504,-73.82874,141717004.0,False
339,Wolf_Road_Substation,WOLF ROAD SUBSTATION,115.0,PQ,0.0,0.0,6,6,F,42.71952,-73.80278,141691304.0,False
342,Queensbury_Substation,QUEENSBURY SUBSTATION,115.0,PQ,0.0,0.0,4,4,D,43.33466,-73.66408,141166151.0,False
343,Cedar_Station,CEDAR STATION,115.0,PQ,0.0,0.0,4,4,D,43.32132,-73.60308,141165978.0,False
344,Mohican_Station,MOHICAN STATION,115.0,PQ,0.0,0.0,5,5,E,43.29025,-73.60568,141049532.0,False
345,Butler_Station,BUTLER STATION,115.0,PQ,0.0,0.0,5,5,E,43.25836,-73.66114,141049521.0,False
347,Whitehall_Substation,WHITEHALL SUBSTATION,115.0,PQ,0.0,0.0,4,4,D,43.55025,-73.38019,140644696.0,False
348,Meyer_Substation,MEYER SUBSTATION,230.0,PQ,0.0,0.0,2,2,B,42.55667,-77.70938,140540233.0,False
349,General_Electric_Research_Development_Substation,GENERAL ELECTRIC RESEARCH & DEVELOPMENT SUBSTATION,115.0,PQ,0.0,0.0,5,5,E,42.83471,-73.8785,140369137.0,False
350,Inman_Road_Substation,INMAN ROAD SUBSTATION,115.0,PQ,0.0,0.0,5,5,E,42.78938,-73.86505,140369134.0,False
351,Greenbush_Substation,GREENBUSH SUBSTATION,115.0,PQ,0.0,0.0,6,6,F,42.60568,-73.71466,140369125.0,False
352,Roseton_Substation,ROSETON SUBSTATION,345.0,PQ,0.0,0.0,7,7,G,41.57482,-73.97863,140259930.0,False
353,Ohioville_Substation,OHIOVILLE SUBSTATION,115.0,PQ,0.0,0.0,7,7,G,41.74042,-74.04986,140259928.0,False
354,Hurley_Avenue_Substation,HURLEY AVENUE SUBSTATION,345.0,PQ,0.0,0.0,7,7,G,41.93675,-74.04782,140251931.0,False
355,Inwood_Avenue_Substation,INWOOD AVENUE SUBSTATION,115.0,PQ,0.0,0.0,7,7,G,41.72811,-73.91782,140122592.0,False
356,New_Scotland_Substation,NEW SCOTLAND SUBSTATION,345.0,PQ,0.0,0.0,6,6,F,42.60921,-73.90436,140111530.0,False
357,Firehouse_Road_Station,FIREHOUSE ROAD STATION,115.0,PQ,0.0,0.0,5,5,E,42.82319,-73.75168,140090481.0,False
358,Malta_Station_443,MALTA STATION 443,115.0,PQ,0.0,0.0,5,5,E,42.96428,-73.79929,139955408.0,False
359,Leeds_Substation,LEEDS SUBSTATION,345.0,PQ,0.0,0.0,6,6,F,42.2646,-73.84671,139903895.0,False
360,Athens_Substation,ATHENS SUBSTATION,345.0,PQ,0.0,0.0,6,6,F,42.27093,-73.85009,139903894.0,False
362,Maplewood_Substation,MAPLEWOOD SUBSTATION,115.0,PQ,0.0,0.0,6,6,F,42.74553,-73.70862,139791683.0,False
363,Johnson_Road_Station,JOHNSON ROAD STATION,115.0,PQ,0.0,0.0,6,6,F,42.76472,-73.74332,139791029.0,False
365,Alps_Substation,ALPS SUBSTATION,345.0,PQ,0.0,0.0,6,6,F,42.59621,-73.49712,139630804.0,False
366,Rotterdam_Substation,ROTTERDAM SUBSTATION,345.0,PQ,0.0,0.0,5,5,E,42.82897,-73.99755,139587105.0,False
367,North_Troy_Station,NORTH TROY STATION,115.0,PQ,0.0,0.0,6,6,F,42.78704,-73.63715,139286065.0,False
368,Hoosick_Substation,HOOSICK SUBSTATION,115.0,PQ,0.0,0.0,6,6,F,42.91216,-73.35748,139286064.0,False
369,Boyntonville_Substation,BOYNTONVILLE SUBSTATION,115.0,PQ,0.0,0.0,6,6,F,42.84142,-73.44616,139286063.0,False
370,Wynantskill_Substation,WYNANTSKILL SUBSTATION,115.0,PQ,0.0,0.0,6,6,F,42.68661,-73.62879,139211589.0,False
371,South_Oswego_Station,SOUTH OSWEGO STATION,115.0,PQ,0.0,0.0,3,3,C,43.43966,-76.51852,139210346.0,False
372,Soft_Maple_Station_768,SOFT MAPLE STATION 768,115.0,PQ,0.0,0.0,4,4,D,43.91968,-75.24743,138509694.0,False
374,Lowville_Station,LOWVILLE STATION,115.0,PQ,0.0,0.0,4,4,D,43.78571,-75.47645,137778516.0,False
375,Luther_Forest_Station,LUTHER FOREST STATION,115.0,PQ,0.0,0.0,5,5,E,42.96367,-73.74806,137725010.0,False
376,Gilboa_Substation,GILBOA SUBSTATION,345.0,PQ,0.0,0.0,5,5,E,42.44004,-74.4479,135584387.0,False
378,Station_128,STATION 128,115.0,PQ,0.0,0.0,2,2,B,42.76141,-77.88776,131410576.0,False
379,Big_Tree_Substation,BIG TREE SUBSTATION,115.0,PQ,0.0,0.0,1,1,A,42.76246,-78.78356,130450748.0,False
380,Walmore_Road_Substation,WALMORE ROAD SUBSTATION,115.0,PQ,0.0,0.0,1,1,A,43.10179,-78.92681,128367234.0,False
381,Military_Road_Station_210,MILITARY ROAD STATION 210,115.0,PQ,0.0,0.0,1,1,A,43.09272,-78.97135,128367226.0,False
383,Church_Street_Substation,CHURCH STREET SUBSTATION,115.0,PQ,0.0,0.0,5,5,E,42.93753,-74.17528,125083175.0,False
385,Warrensburg_Station,WARRENSBURG STATION,115.0,PQ,0.0,0.0,4,4,D,43.48801,-73.77582,124127353.0,False
387,Lockport_Substation,LOCKPORT SUBSTATION,115.0,PQ,0.0,0.0,1,1,A,43.14748,-78.71914,118672054.0,False
390,Robert_Moses_Substation,ROBERT MOSES SUBSTATION,345.0,PQ,0.0,0.0,1,1,A,43.13979,-79.02889,118097924.0,False
391,NYSEG_Robble_Ave,NYSEG - ROBBLE AVE,115.0,PQ,0.0,0.0,3,3,C,42.10494,-76.05438,115576607.0,False
392,Somerset_Substation,SOMERSET SUBSTATION,345.0,PQ,0.0,0.0,1,1,A,43.35221,-78.60887,115339578.0,False
393,Gardenville_Substation_393,GARDENVILLE SUBSTATION,230.0,PQ,0.0,0.0,1,1,A,42.85196,-78.7685,112381234.0,False
395,State_Street_Substation,STATE STREET SUBSTATION,115.0,PQ,0.0,0.0,3,3,C,42.95207,-76.57763,109485721.0,False
396,Hyatt_Road_Substation,HYATT ROAD SUBSTATION,115.0,PQ,0.0,0.0,2,2,B,42.93627,-76.76983,109435971.0,False
398,Edic_Station,EDIC STATION,345.0,PQ,0.0,0.0,3,3,C,43.15742,-75.22749,107706686.0,False
399,Station_122,STATION 122,345.0,PQ,0.0,0.0,2,2,B,43.05488,-77.38368,107706684.0,False
400,Clay_Station,CLAY STATION,345.0,PQ,0.0,0.0,3,3,C,43.19792,-76.17179,107706683.0,False
401,Patroon_Substation,PATROON SUBSTATION,115.0,PQ,0.0,0.0,6,6,F,42.68889,-73.80882,107460526.0,False
402,Front_Street_Substation,FRONT STREET SUBSTATION,115.0,PQ,0.0,0.0,5,5,E,42.82144,-73.9414,107378786.0,False
403,Menands_Substation,MENANDS SUBSTATION,115.0,PQ,0.0,0.0,6,6,F,42.6852,-73.7311,105014766.0,False
404,Station_060,STATION 060,115.0,PQ,0.0,0.0,1,1,A,43.01976,-78.75474,103686215.0,False
407,Sterling_Forest_Substation,STERLING FOREST SUBSTATION,138.0,PQ,0.0,0.0,7,7,G,41.21316,-74.22976,96320933.0,False
408,Sugarloaf_Substation_408,SUGARLOAF SUBSTATION,138.0,PQ,0.0,0.0,7,7,G,41.31072,-74.26001,96120129.0,False
409,Sugarloaf_Substation_409,SUGARLOAF SUBSTATION,115.0,PQ,0.0,0.0,7,7,G,41.31133,-74.25977,96118729.0,False
410,Ramapo_Substation,RAMAPO SUBSTATION,500.0,PQ,0.0,0.0,7,7,G,41.14994,-74.15493,95825721.0,False
411,Tallman_Substation,TALLMAN SUBSTATION,138.0,PQ,0.0,0.0,7,7,G,41.11516,-74.11426,95807537.0,False
412,Border_City_Substation,BORDER CITY SUBSTATION,115.0,PQ,0.0,0.0,2,2,B,42.87938,-76.95323,95517140.0,False
413,West_Nyack_Substation,WEST NYACK SUBSTATION,138.0,PQ,0.0,0.0,7,7,G,41.09317,-73.96346,95197288.0,False
414,Huntley_Substation,HUNTLEY SUBSTATION,230.0,PQ,0.0,0.0,1,1,A,42.97248,-78.93406,94483111.0,False
415,Stolle_Road_Substation,STOLLE ROAD SUBSTATION,345.0,PQ,0.0,0.0,1,1,A,42.83296,-78.58093,92967236.0,False
417,North_Broadway_Substation,NORTH BROADWAY SUBSTATION,115.0,PQ,0.0,0.0,1,1,A,42.9062,-78.72559,90896346.0,False
418,Erie_Street_Substation,ERIE STREET SUBSTATION,115.0,PQ,0.0,0.0,1,1,A,42.90714,-78.66133,87643522.0,False
419,Forts_Ferry_Station,FORTS FERRY STATION,115.0,PQ,0.0,0.0,6,6,F,42.76369,-73.76801,86472973.0,False
420,McKownville_Substation,MCKOWNVILLE SUBSTATION,115.0,PQ,0.0,0.0,6,6,F,42.68396,-73.84301,86356092.0,False
421,Etna_Substation,ETNA SUBSTATION,115.0,PQ,0.0,0.0,3,3,C,42.47207,-76.40563,86301905.0,False
422,Cortland_Station,CORTLAND STATION,115.0,PQ,0.0,0.0,3,3,C,42.59499,-76.15193,86301524.0,False
423,Buchanan_Substation,BUCHANAN SUBSTATION,345.0,PQ,0.0,0.0,7,7,G,41.26431,-73.94697,86300404.0,False
424,Fishkill_Plains_Substation,FISHKILL PLAINS SUBSTATION,115.0,PQ,0.0,0.0,7,7,G,41.59715,-73.84181,86299729.0,False
426,Pleasant_Valley_Substation,PLEASANT VALLEY SUBSTATION,345.0,PQ,0.0,0.0,7,7,G,41.73973,-73.83415,86251100.0,False
427,Wood_Street_Substation,WOOD STREET SUBSTATION,345.0,PQ,0.0,0.0,7,7,G,41.35298,-73.79373,86249380.0,False
428,Carmel_Substation,CARMEL SUBSTATION,115.0,PQ,0.0,0.0,7,7,G,41.37017,-73.7944,86249379.0,False
429,East_Fishkill_Substation,EAST FISHKILL SUBSTATION,345.0,PQ,0.0,0.0,7,7,G,41.56801,-73.8351,86220650.0,False
430,North_Chelsea_Substation,NORTH CHELSEA SUBSTATION,115.0,PQ,0.0,0.0,7,7,G,41.56438,-73.93791,86220645.0,False
446,Reynolds_Substation,REYNOLDS SUBSTATION,345.0,PQ,0.0,0.0,6,6,F,42.67277,-73.68791,81411053.0,False
447,Dennison_Station,DENNISON STATION,115.0,PQ,0.0,0.0,4,4,D,44.9548,-74.86219,81128961.0,False
449,Rock_Tavern_Substation_115kV,ROCK TAVERN SUBSTATION (115KV),115.0,PQ,0.0,0.0,7,7,G,41.4675,-74.19456,79211815.0,False
450,Pleasantville_Substation,PLEASANTVILLE SUBSTATION,345.0,PQ,0.0,0.0,7,7,G,41.14193,-73.78225,74203235.0,False
451,Dunwoodie_Substation,DUNWOODIE SUBSTATION,345.0,PQ,0.0,0.0,7,7,G,40.93954,-73.85795,73667439.0,False
452,Sprainbrook_Substation,SPRAINBROOK SUBSTATION,345.0,PQ,0.0,0.0,7,7,G,40.95754,-73.85636,73578036.0,False
453,Millwood_Substation,MILLWOOD SUBSTATION,345.0,PQ,0.0,0.0,7,7,G,41.19276,-73.80034,73571276.0,False
454,Eastview_Substation,EASTVIEW SUBSTATION,345.0,PQ,0.0,0.0,7,7,G,41.07696,-73.83206,73568847.0,False
455,Benette,BENETTE,115.0,PQ,0.0,0.0,2,2,B,42.30721,-77.65732,62711068.0,False
457,Katonah_Substation,KATONAH SUBSTATION,115.0,PQ,0.0,0.0,7,7,G,41.27662,-73.68705,60816523.0,False
458,North_Waverly_Substation,NORTH WAVERLY SUBSTATION,115.0,PQ,0.0,0.0,3,3,C,42.03799,-76.52875,50979036.0,False
459,Shandaken_Substation,SHANDAKEN SUBSTATION,115.0,PQ,0.0,0.0,7,7,G,42.12103,-74.39349,20223992.0,False
461,OSM_461,SPL_461,115.0,PQ,0.0,0.0,3,3,C,42.95384,-76.57321,1443610017.0,False
462,OSM_462,SPL_462,115.0,PQ,0.0,0.0,2,2,B,42.98213,-78.15841,1442734219.0,False
463,OSM_463,SPL_463,115.0,PQ,0.0,0.0,1,1,A,43.16165,-78.7453,1442490094.0,False
464,OSM_464,SPL_464,115.0,PQ,0.0,0.0,1,1,A,43.08242,-79.00325,1442054199.0,False
467,OSM_467,SPL_467,115.0,PQ,0.0,0.0,1,1,A,43.08563,-79.0153,1442042049.0,False
473,OSM_473,SPL_473,115.0,PQ,0.0,0.0,6,6,F,42.2319,-74.39296,1427170348.0,False
476,OSM_476,SPL_476,115.0,PQ,0.0,0.0,4,4,D,44.08815,-73.51319,1426662469.0,False
480,OSM_480,SPL_480,115.0,PQ,0.0,0.0,2,2,B,42.10178,-77.70133,1357071750.0,False
481,OSM_481,SPL_481,115.0,PQ,0.0,0.0,2,2,B,42.68435,-77.05435,1351265387.0,False
482,OSM_482,SPL_482,115.0,PQ,0.0,0.0,4,4,D,43.83036,-73.43257,1345991882.0,False
483,OSM_483,SPL_483,115.0,PQ,0.0,0.0,3,3,C,42.58583,-76.21689,1323036168.0,False
485,OSM_485,SPL_485,115.0,PQ,0.0,0.0,3,3,C,43.02,-75.0415,1318905044.0,False
489,OSM_489,SPL_489,115.0,PQ,0.0,0.0,4,4,D,44.06131,-75.80101,1313125467.0,False
491,OSM_491,SPL_491,115.0,PQ,0.0,0.0,7,7,G,41.66454,-73.8142,1306274513.0,False
492,OSM_492,SPL_492,115.0,PQ,0.0,0.0,7,7,G,41.62914,-73.91248,1306272653.0,False
493,OSM_493,SPL_493,115.0,PQ,0.0,0.0,7,7,G,41.52895,-73.91646,1306272628.0,False
494,OSM_494,SPL_494,138.0,PQ,0.0,0.0,7,7,G,41.1848,-74.00633,1305327132.0,False
495,OSM_495,SPL_495,115.0,PQ,0.0,0.0,7,7,G,41.56652,-73.95356,1305101837.0,False
496,OSM_496,SPL_496,115.0,PQ,0.0,0.0,7,7,G,41.56344,-73.95735,1305101836.0,False
497,OSM_497,SPL_497,138.0,PQ,0.0,0.0,7,7,G,41.24857,-73.9919,1304303565.0,False
501,OSM_501,SPL_501,115.0,PQ,0.0,0.0,4,4,D,44.25708,-75.39836,1290639811.0,False
507,OSM_507,SPL_507,115.0,PQ,0.0,0.0,7,7,G,41.47933,-73.97183,1231165434.0,False
509,OSM_509,SPL_509,115.0,PQ,0.0,0.0,3,3,C,43.14588,-75.24632,1221819858.0,False
510,OSM_510,SPL_510,345.0,PQ,0.0,0.0,7,7,G,41.74552,-73.84796,1221659222.0,False
512,OSM_512,SPL_512,345.0,PQ,0.0,0.0,5,5,E,42.25931,-75.00135,1217769021.0,False
513,OSM_513,SPL_513,345.0,PQ,0.0,0.0,5,5,E,42.25444,-74.9952,1217769020.0,False
514,OSM_514,SPL_514,115.0,PQ,0.0,0.0,3,3,C,42.20725,-75.52174,1217767259.0,False
515,OSM_515,SPL_515,115.0,PQ,0.0,0.0,5,5,E,42.08707,-75.4072,1217767258.0,False
516,OSM_516,SPL_516,115.0,PQ,0.0,0.0,4,4,D,44.72547,-75.4417,1215785994.0,False
518,OSM_518,SPL_518,115.0,PQ,0.0,0.0,7,7,G,41.53813,-74.02631,1200899139.0,False
521,OSM_521,SPL_521,115.0,PQ,0.0,0.0,1,1,A,42.85425,-78.86309,1188184659.0,False
524,OSM_524,SPL_524,115.0,PQ,0.0,0.0,7,7,G,41.52955,-74.13915,1163659816.0,False
525,OSM_525,SPL_525,115.0,PQ,0.0,0.0,3,3,C,42.44186,-76.47397,1133979982.0,False
526,OSM_526,SPL_526,115.0,PQ,0.0,0.0,1,1,A,42.99599,-78.7995,1133559976.0,False
527,OSM_527,SPL_527,115.0,PQ,0.0,0.0,3,3,C,42.89599,-75.44961,1124881606.0,False
528,OSM_528,SPL_528,115.0,PQ,0.0,0.0,3,3,C,42.72839,-75.47171,1124879540.0,False
530,OSM_530,SPL_530,115.0,PQ,0.0,0.0,4,4,D,43.91356,-75.69917,1112556501.0,False
531,OSM_531,SPL_531,115.0,PQ,0.0,0.0,4,4,D,44.88877,-74.11687,1112546000.0,False
532,OSM_532,SPL_532,115.0,PQ,0.0,0.0,3,3,C,42.20139,-75.86332,1107718480.0,False
535,OSM_535,SPL_535,115.0,PQ,0.0,0.0,7,7,G,41.76963,-74.73688,1094382758.0,False
537,OSM_537,SPL_537,115.0,PQ,0.0,0.0,7,7,G,41.84762,-74.04714,1089980818.0,False
540,OSM_540,SPL_540,115.0,PQ,0.0,0.0,1,1,A,43.10406,-78.93065,1074065479.0,False
543,OSM_543,SPL_543,115.0,PQ,0.0,0.0,2,2,B,43.11602,-77.68434,1073556058.0,False
544,OSM_544,SPL_544,115.0,PQ,0.0,0.0,2,2,B,43.11285,-77.67745,1073556055.0,False
545,OSM_545,SPL_545,115.0,PQ,0.0,0.0,1,1,A,42.46943,-79.34061,1060050646.0,False
547,OSM_547,SPL_547,115.0,PQ,0.0,0.0,4,4,D,44.70205,-73.38482,1052054054.0,False
548,OSM_548,SPL_548,115.0,PQ,0.0,0.0,5,5,E,42.35886,-74.51038,1032607123.0,False
549,OSM_549,SPL_549,115.0,PQ,0.0,0.0,4,4,D,44.2783,-73.99834,1020876893.0,False
550,OSM_550,SPL_550,115.0,PQ,0.0,0.0,7,7,G,41.71027,-73.93887,1020859247.0,False
551,OSM_551,SPL_551,115.0,PQ,0.0,0.0,2,2,B,42.17239,-76.89798,1009721720.0,False
552,OSM_552,SPL_552,138.0,PQ,0.0,0.0,7,7,G,41.04379,-73.9653,998496432.0,False
553,OSM_553,SPL_553,115.0,PQ,0.0,0.0,3,3,C,42.27566,-75.47855,998481077.0,False
554,OSM_554,SPL_554,115.0,PQ,0.0,0.0,1,1,A,42.90317,-78.76786,995239267.0,False
555,OSM_555,SPL_555,115.0,PQ,0.0,0.0,3,3,C,43.0913,-76.06632,987851194.0,False
557,OSM_557,SPL_557,115.0,PQ,0.0,0.0,6,6,F,42.59768,-73.89613,954776628.0,False
560,OSM_560,SPL_560,115.0,PQ,0.0,0.0,3,3,C,43.31339,-76.41089,890802174.0,False
561,OSM_561,SPL_561,138.0,PQ,0.0,0.0,7,7,G,41.34206,-74.27648,884660321.0,False
562,OSM_562,SPL_562,115.0,PQ,0.0,0.0,6,6,F,42.72068,-73.71459,865693969.0,False
564,OSM_564,SPL_564,115.0,PQ,0.0,0.0,4,4,D,44.21553,-74.98736,843313155.0,False
566,OSM_566,SPL_566,115.0,PQ,0.0,0.0,3,3,C,43.10983,-76.25427,842725829.0,False
568,OSM_568,SPL_568,115.0,PQ,0.0,0.0,1,1,A,42.97681,-78.88985,837221198.0,False
569,OSM_569,SPL_569,115.0,PQ,0.0,0.0,1,1,A,42.98891,-78.91546,837221191.0,False
574,OSM_574,SPL_574,115.0,PQ,0.0,0.0,7,7,G,41.5356,-73.83987,799003816.0,False
575,OSM_575,SPL_575,115.0,PQ,0.0,0.0,7,7,G,41.53439,-73.87778,799003809.0,False
576,OSM_576,SPL_576,115.0,PQ,0.0,0.0,3,3,C,43.08769,-75.28566,781358309.0,False
577,OSM_577,SPL_577,115.0,PQ,0.0,0.0,1,1,A,42.99681,-78.90138,768660459.0,False
578,OSM_578,SPL_578,115.0,PQ,0.0,0.0,7,7,G,41.96455,-73.9949,762954895.0,False
579,OSM_579,SPL_579,115.0,PQ,0.0,0.0,1,1,A,42.83138,-78.84392,736900213.0,False
581,OSM_581,SPL_581,115.0,PQ,0.0,0.0,3,3,C,42.09407,-76.09421,725984585.0,False
582,OSM_582,SPL_582,115.0,PQ,0.0,0.0,3,3,C,42.06762,-75.89532,723293986.0,False
583,OSM_583,SPL_583,115.0,PQ,0.0,0.0,3,3,C,42.07053,-75.97702,723293610.0,False
584,OSM_584,SPL_584,115.0,PQ,0.0,0.0,3,3,C,42.07801,-76.08581,723293605.0,False
585,OSM_585,SPL_585,115.0,PQ,0.0,0.0,3,3,C,42.09847,-76.09324,723293602.0,False
586,OSM_586,SPL_586,115.0,PQ,0.0,0.0,2,2,B,42.30491,-77.55547,718224489.0,False
588,OSM_588,SPL_588,115.0,PQ,0.0,0.0,1,1,A,43.16938,-78.74943,682721553.0,False
591,OSM_591,SPL_591,115.0,PQ,0.0,0.0,6,6,F,42.235,-73.86796,635403801.0,False
592,OSM_592,SPL_592,115.0,PQ,0.0,0.0,2,2,B,42.11248,-77.15874,626273082.0,False
593,OSM_593,SPL_593,115.0,PQ,0.0,0.0,3,3,C,42.60258,-76.63286,571688108.0,False
597,OSM_597,SPL_597,115.0,PQ,0.0,0.0,3,3,C,42.94186,-75.42095,502143913.0,False
599,OSM_599,SPL_599,115.0,PQ,0.0,0.0,7,7,G,41.65828,-73.89485,449617044.0,False
601,OSM_601,SPL_601,115.0,PQ,0.0,0.0,4,4,D,44.27411,-73.97583,400475702.0,False
603,OSM_603,SPL_603,115.0,PQ,0.0,0.0,3,3,C,43.14431,-75.21521,396614106.0,False
606,OSM_606,SPL_606,138.0,PQ,0.0,0.0,7,7,G,41.13606,-74.02969,383474535.0,False
607,OSM_607,SPL_607,115.0,PQ,0.0,0.0,6,6,F,42.69213,-73.83564,382687510.0,False
610,OSM_610,SPL_610,115.0,PQ,0.0,0.0,6,6,F,42.18524,-73.65386,382666388.0,False
611,OSM_611,SPL_611,115.0,PQ,0.0,0.0,6,6,F,42.62721,-73.76535,358724049.0,False
612,OSM_612,SPL_612,115.0,PQ,0.0,0.0,4,4,D,44.88816,-73.539,352968113.0,False
613,OSM_613,SPL_613,115.0,PQ,0.0,0.0,3,3,C,43.11009,-76.19114,342981199.0,False
614,OSM_614,SPL_614,115.0,PQ,0.0,0.0,6,6,F,42.20874,-73.79406,326175770.0,False
615,OSM_615,SPL_615,115.0,PQ,0.0,0.0,6,6,F,42.62458,-73.75026,323014598.0,False
618,OSM_618,SPL_618,115.0,PQ,0.0,0.0,3,3,C,42.59001,-76.20649,321649082.0,False
620,OSM_620,SPL_620,115.0,PQ,0.0,0.0,3,3,C,42.04136,-76.34467,319010011.0,False
621,OSM_621,SPL_621,115.0,PQ,0.0,0.0,6,6,F,42.3155,-74.24561,310697595.0,False
622,OSM_622,SPL_622,115.0,PQ,0.0,0.0,3,3,C,42.11548,-76.05998,256659597.0,False
623,OSM_623,SPL_623,115.0,PQ,0.0,0.0,7,7,G,41.67709,-74.9778,243603941.0,False
624,OSM_624,SPL_624,115.0,PQ,0.0,0.0,4,4,D,44.78832,-73.48244,242628268.0,False
625,OSM_625,SPL_625,115.0,PQ,0.0,0.0,3,3,C,42.13268,-75.93166,240081428.0,False
628,OSM_628,SPL_628,115.0,PQ,0.0,0.0,7,7,G,42.1489,-74.48608,197444701.0,False
629,OSM_629,SPL_629,115.0,PQ,0.0,0.0,5,5,E,42.19632,-74.74383,197402680.0,False
630,OSM_630,SPL_630,115.0,PQ,0.0,0.0,5,5,E,42.27754,-74.93456,197389032.0,False
632,OSM_632,SPL_632,115.0,PQ,0.0,0.0,7,7,G,41.5398,-73.8295,188839533.0,False
633,OSM_633,SPL_633,115.0,PQ,0.0,0.0,2,2,B,42.75316,-77.83679,187031281.0,False
634,OSM_634,SPL_634,115.0,PQ,0.0,0.0,7,7,G,41.41771,-73.64066,182673234.0,False
635,OSM_635,SPL_635,115.0,PQ,0.0,0.0,2,2,B,42.14769,-77.08729,180022057.0,False
636,OSM_636,SPL_636,115.0,PQ,0.0,0.0,2,2,B,42.05969,-76.78703,179902922.0,False
638,OSM_638,SPL_638,115.0,PQ,0.0,0.0,2,2,B,42.57631,-77.45742,179302123.0,False
639,OSM_639,SPL_639,115.0,PQ,0.0,0.0,1,1,A,43.08378,-79.02795,178198070.0,False
642,OSM_642,SPL_642,115.0,PQ,0.0,0.0,7,7,G,41.74104,-73.83246,176702521.0,False
643,OSM_643,SPL_643,115.0,PQ,0.0,0.0,7,7,G,41.57343,-73.96528,176696227.0,False
644,OSM_644,SPL_644,115.0,PQ,0.0,0.0,7,7,G,41.57542,-74.07778,176696219.0,False
645,OSM_645,SPL_645,115.0,PQ,0.0,0.0,3,3,C,42.52069,-76.13939,175668433.0,False
646,OSM_646,SPL_646,115.0,PQ,0.0,0.0,7,7,G,41.92824,-74.84977,175620362.0,False
647,OSM_647,SPL_647,115.0,PQ,0.0,0.0,4,4,D,43.84553,-73.446,169510877.0,False
648,OSM_648,SPL_648,115.0,PQ,0.0,0.0,2,2,B,42.19558,-76.81095,163670977.0,False
649,OSM_649,SPL_649,115.0,PQ,0.0,0.0,5,5,E,42.96065,-73.78039,162320148.0,False
650,OSM_650,SPL_650,115.0,PQ,0.0,0.0,6,6,F,42.67578,-73.69845,161619816.0,False
652,OSM_652,SPL_652,115.0,PQ,0.0,0.0,2,2,B,43.06326,-77.07288,150255958.0,False
653,OSM_653,SPL_653,115.0,PQ,0.0,0.0,2,2,B,43.08725,-77.43275,149788133.0,False
654,OSM_654,SPL_654,115.0,PQ,0.0,0.0,1,1,A,42.07317,-78.3902,149760560.0,False
655,OSM_655,SPL_655,115.0,PQ,0.0,0.0,1,1,A,42.10687,-79.1997,149329465.0,False
658,OSM_658,SPL_658,115.0,PQ,0.0,0.0,1,1,A,42.81828,-78.85215,149009707.0,False
659,OSM_659,SPL_659,115.0,PQ,0.0,0.0,1,1,A,42.81223,-78.84836,149009620.0,False
660,OSM_660,SPL_660,115.0,PQ,0.0,0.0,1,1,A,42.82069,-78.83902,149002299.0,False
662,OSM_662,SPL_662,115.0,PQ,0.0,0.0,1,1,A,42.8309,-78.78049,148891199.0,False
664,OSM_664,SPL_664,115.0,PQ,0.0,0.0,1,1,A,43.08423,-79.0096,148653458.0,False
669,OSM_669,SPL_669,115.0,PQ,0.0,0.0,1,1,A,42.50927,-78.47623,148530670.0,False
671,OSM_671,SPL_671,115.0,PQ,0.0,0.0,2,2,B,42.65382,-78.07711,148499456.0,False
677,OSM_677,SPL_677,115.0,PQ,0.0,0.0,1,1,A,42.96292,-78.76281,148098026.0,False
682,OSM_682,SPL_682,115.0,PQ,0.0,0.0,2,2,B,43.06316,-78.27763,147499299.0,False
684,OSM_684,SPL_684,115.0,PQ,0.0,0.0,1,1,A,43.14153,-78.93649,147380637.0,False
686,OSM_686,SPL_686,115.0,PQ,0.0,0.0,1,1,A,43.16174,-78.7386,146666493.0,False
688,OSM_688,SPL_688,115.0,PQ,0.0,0.0,1,1,A,43.15895,-78.71772,146664496.0,False
689,OSM_689,SPL_689,230.0,PQ,0.0,0.0,2,2,B,42.6699,-78.22774,146647696.0,False
690,OSM_690,SPL_690,115.0,PQ,0.0,0.0,1,1,A,42.81268,-78.60817,146641912.0,False
693,OSM_693,SPL_693,115.0,PQ,0.0,0.0,1,1,A,43.00057,-78.64865,146497275.0,False
694,OSM_694,SPL_694,115.0,PQ,0.0,0.0,1,1,A,42.96504,-78.89264,146490482.0,False
698,OSM_698,SPL_698,115.0,PQ,0.0,0.0,6,6,F,42.74064,-73.64974,142993760.0,False
699,OSM_699,SPL_699,115.0,PQ,0.0,0.0,5,5,E,43.24939,-73.80895,142856223.0,False
701,OSM_701,SPL_701,115.0,PQ,0.0,0.0,4,4,D,43.48577,-73.78569,142217252.0,False
703,OSM_703,SPL_703,115.0,PQ,0.0,0.0,4,4,D,44.99059,-73.37338,141161322.0,False
704,OSM_704,SPL_704,115.0,PQ,0.0,0.0,4,4,D,44.98078,-73.41787,141160510.0,False
709,OSM_709,SPL_709,115.0,PQ,0.0,0.0,4,4,D,44.71249,-73.45917,139809010.0,False
710,OSM_710,SPL_710,115.0,PQ,0.0,0.0,2,2,B,43.07063,-77.42122,139322774.0,False
711,OSM_711,SPL_711,115.0,PQ,0.0,0.0,5,5,E,41.9606,-75.29489,138889949.0,False
716,OSM_716,SPL_716,115.0,PQ,0.0,0.0,1,1,A,43.14764,-78.71462,118672048.0,False
717,OSM_717,SPL_717,115.0,PQ,0.0,0.0,2,2,B,42.97198,-78.00842,117208265.0,False
718,OSM_718,SPL_718,115.0,PQ,0.0,0.0,3,3,C,42.11157,-75.97588,115576639.0,False
720,OSM_720,SPL_720,115.0,PQ,0.0,0.0,2,2,B,42.82859,-77.02885,114751058.0,False
721,OSM_721,SPL_721,115.0,PQ,0.0,0.0,2,2,B,42.67946,-76.95076,114751052.0,False
722,OSM_722,SPL_722,115.0,PQ,0.0,0.0,2,2,B,42.02918,-76.62227,114037155.0,False
724,OSM_724,SPL_724,115.0,PQ,0.0,0.0,1,1,A,42.96042,-78.76287,99659465.0,False
726,OSM_726,SPL_726,115.0,PQ,0.0,0.0,1,1,A,42.91889,-78.62073,90282401.0,False
727,OSM_727,SPL_727,345.0,PQ,0.0,0.0,7,7,G,41.5635,-73.95467,86220649.0,False
728,OSM_728,SPL_728,115.0,PQ,0.0,0.0,1,1,A,42.91832,-78.76796,49924084.0,False
729,OSM_729,SPL_729,345.0,PQ,0.0,0.0,3,3,C,42.14712,-75.98419,,True
730,OSM_730,SPL_730,345.0,PQ,0.0,0.0,3,3,C,42.96967,-76.11193,,True
731,OSM_731,SPL_731,345.0,PQ,0.0,0.0,5,5,E,42.43138,-74.43311,,True
732,OSM_732,SPL_732,345.0,PQ,0.0,0.0,7,7,G,41.26542,-73.98024,,True
733,OSM_733,SPL_733,345.0,PQ,0.0,0.0,7,7,G,41.7993,-74.80079,,True
734,OSM_734,SPL_734,345.0,PQ,0.0,0.0,7,7,G,41.26522,-73.97823,,True
735,OSM_735,SPL_735,345.0,PQ,0.0,0.0,1,1,A,43.10502,-78.56366,,True
736,OSM_736,SPL_736,345.0,PQ,0.0,0.0,3,3,C,43.50621,-76.41311,,True
737,OSM_737,SPL_737,345.0,PQ,0.0,0.0,3,3,C,43.45285,-76.52911,,True
738,OSM_738,SPL_738,345.0,PQ,0.0,0.0,3,3,C,43.3776,-76.45223,,True
739,OSM_739,SPL_739,345.0,PQ,0.0,0.0,3,3,C,43.0223,-75.11286,,True
740,OSM_740,SPL_740,345.0,PQ,0.0,0.0,3,3,C,43.17276,-75.22075,,True
741,OSM_741,SPL_741,345.0,PQ,0.0,0.0,3,3,C,42.99005,-75.02873,,True
742,OSM_742,SPL_742,230.0,PQ,0.0,0.0,3,3,C,42.13581,-75.98394,,True
743,OSM_743,SPL_743,115.0,PQ,0.0,0.0,1,1,A,42.10518,-77.96722,,True
744,OSM_744,SPL_744,115.0,PQ,0.0,0.0,3,3,C,42.92663,-76.59838,,True
745,OSM_745,SPL_745,115.0,PQ,0.0,0.0,1,1,A,42.08448,-78.94984,,True
746,OSM_746,SPL_746,115.0,PQ,0.0,0.0,1,1,A,42.50614,-78.49335,,True
747,OSM_747,SPL_747,115.0,PQ,0.0,0.0,1,1,A,42.07325,-78.38578,,True
748,OSM_748,SPL_748,115.0,PQ,0.0,0.0,1,1,A,42.14516,-78.7073,,True
749,OSM_749,SPL_749,230.0,PQ,0.0,0.0,1,1,A,42.47448,-79.35479,,True
750,OSM_750,SPL_750,115.0,PQ,0.0,0.0,1,1,A,42.11164,-79.20442,,True
751,OSM_751,SPL_751,230.0,PQ,0.0,0.0,2,2,B,42.68256,-77.92674,,True
752,OSM_752,SPL_752,115.0,PQ,0.0,0.0,3,3,C,42.51109,-76.42863,,True
753,OSM_753,SPL_753,115.0,PQ,0.0,0.0,1,1,A,42.5071,-78.48819,,True
755,OSM_755,SPL_755,230.0,PQ,0.0,0.0,1,1,A,42.55943,-79.09574,,True
756,OSM_756,SPL_756,230.0,PQ,0.0,0.0,1,1,A,42.45938,-79.32251,,True
757,OSM_757,SPL_757,115.0,PQ,0.0,0.0,1,1,A,42.46866,-79.34717,,True
760,OSM_760,SPL_760,115.0,PQ,0.0,0.0,1,1,A,42.08671,-79.20279,,True
761,OSM_761,SPL_761,230.0,PQ,0.0,0.0,2,2,B,42.69707,-77.9606,,True
762,OSM_762,SPL_762,230.0,PQ,0.0,0.0,2,2,B,42.10717,-76.78073,,True
763,OSM_763,SPL_763,115.0,PQ,0.0,0.0,3,3,C,42.47374,-76.40058,,True
764,OSM_764,SPL_764,115.0,PQ,0.0,0.0,3,3,C,42.78845,-76.10956,,True
765,OSM_765,SPL_765,115.0,PQ,0.0,0.0,1,1,A,42.26005,-78.6416,,True
766,OSM_766,SPL_766,115.0,PQ,0.0,0.0,3,3,C,42.09557,-76.08619,,True
767,OSM_767,SPL_767,115.0,PQ,0.0,0.0,1,1,A,42.52226,-78.49185,,True
768,OSM_768,SPL_768,115.0,PQ,0.0,0.0,1,1,A,42.52545,-78.49096,,True
769,OSM_769,SPL_769,115.0,PQ,0.0,0.0,1,1,A,42.50758,-78.49325,,True
770,OSM_770,SPL_770,115.0,PQ,0.0,0.0,6,6,F,42.25825,-73.85564,,True
771,OSM_771,SPL_771,115.0,PQ,0.0,0.0,6,6,F,42.73567,-73.62665,,True
772,OSM_772,SPL_772,115.0,PQ,0.0,0.0,6,6,F,42.59077,-73.82694,,True
773,OSM_773,SPL_773,115.0,PQ,0.0,0.0,6,6,F,42.61474,-73.71573,,True
774,OSM_774,SPL_774,115.0,PQ,0.0,0.0,5,5,E,42.40151,-74.62873,,True
775,OSM_775,SPL_775,115.0,PQ,0.0,0.0,6,6,F,42.30655,-74.42975,,True
776,OSM_776,SPL_776,115.0,PQ,0.0,0.0,7,7,G,41.66791,-74.76045,,True
778,OSM_778,SPL_778,138.0,PQ,0.0,0.0,7,7,G,41.1136,-74.034,,True
781,OSM_781,SPL_781,138.0,PQ,0.0,0.0,7,7,G,40.95486,-73.85566,,True
782,OSM_782,SPL_782,115.0,PQ,0.0,0.0,6,6,F,42.684,-73.72765,,True
785,OSM_785,SPL_785,115.0,PQ,0.0,0.0,6,6,F,42.59369,-73.86414,,True
786,OSM_786,SPL_786,115.0,PQ,0.0,0.0,6,6,F,42.57661,-73.86377,,True
787,OSM_787,SPL_787,115.0,PQ,0.0,0.0,6,6,F,42.60713,-73.90168,,True
788,OSM_788,SPL_788,115.0,PQ,0.0,0.0,6,6,F,42.59135,-73.83099,,True
789,OSM_789,SPL_789,115.0,PQ,0.0,0.0,6,6,F,42.60502,-73.88621,,True
790,OSM_790,SPL_790,115.0,PQ,0.0,0.0,7,7,G,41.40969,-73.63563,,True
791,OSM_791,SPL_791,115.0,PQ,0.0,0.0,6,6,F,42.72492,-73.72219,,True
792,OSM_792,SPL_792,115.0,PQ,0.0,0.0,6,6,F,42.68788,-73.72345,,True
793,OSM_793,SPL_793,115.0,PQ,0.0,0.0,6,6,F,42.66026,-73.82751,,True
797,OSM_797,SPL_797,115.0,PQ,0.0,0.0,6,6,F,42.61302,-73.71331,,True
800,OSM_800,SPL_800,115.0,PQ,0.0,0.0,6,6,F,42.55431,-73.72488,,True
801,OSM_801,SPL_801,138.0,PQ,0.0,0.0,7,7,G,41.14828,-74.1513,,True
802,OSM_802,SPL_802,138.0,PQ,0.0,0.0,7,7,G,41.13135,-74.15818,,True
804,OSM_804,SPL_804,115.0,PQ,0.0,0.0,7,7,G,41.29691,-73.68319,,True
805,OSM_805,SPL_805,115.0,PQ,0.0,0.0,6,6,F,42.61376,-73.71559,,True
806,OSM_806,SPL_806,115.0,PQ,0.0,0.0,7,7,G,41.53416,-74.17822,,True
807,OSM_807,SPL_807,115.0,PQ,0.0,0.0,7,7,G,41.52545,-73.91143,,True
808,OSM_808,SPL_808,115.0,PQ,0.0,0.0,7,7,G,41.53117,-74.15506,,True
809,OSM_809,SPL_809,115.0,PQ,0.0,0.0,6,6,F,42.25714,-73.82397,,True
811,OSM_811,SPL_811,138.0,PQ,0.0,0.0,7,7,G,41.30922,-74.25985,,True
812,OSM_812,SPL_812,115.0,PQ,0.0,0.0,6,6,F,42.60475,-73.79893,,True
813,OSM_813,SPL_813,115.0,PQ,0.0,0.0,6,6,F,42.60834,-73.71424,,True
814,OSM_814,SPL_814,115.0,PQ,0.0,0.0,1,1,A,43.1463,-78.50137,,True
815,OSM_815,SPL_815,115.0,PQ,0.0,0.0,1,1,A,43.02389,-78.95244,,True
816,OSM_816,SPL_816,115.0,PQ,0.0,0.0,3,3,C,43.1965,-76.17111,,True
817,OSM_817,SPL_817,115.0,PQ,0.0,0.0,3,3,C,43.37651,-76.48853,,True
818,OSM_818,SPL_818,115.0,PQ,0.0,0.0,2,2,B,43.16505,-77.90167,,True
819,OSM_819,SPL_819,115.0,PQ,0.0,0.0,2,2,B,43.09909,-77.64749,,True
820,OSM_820,SPL_820,115.0,PQ,0.0,0.0,2,2,B,43.09941,-77.65079,,True
821,OSM_821,SPL_821,115.0,PQ,0.0,0.0,1,1,A,42.97031,-78.90426,,True
822,OSM_822,SPL_822,115.0,PQ,0.0,0.0,1,1,A,42.97563,-78.91271,,True
824,OSM_824,SPL_824,115.0,PQ,0.0,0.0,1,1,A,43.16292,-78.73173,,True
825,OSM_825,SPL_825,115.0,PQ,0.0,0.0,1,1,A,43.04072,-78.46939,,True
826,OSM_826,SPL_826,115.0,PQ,0.0,0.0,2,2,B,42.99399,-78.24422,,True
827,OSM_827,SPL_827,230.0,PQ,0.0,0.0,1,1,A,43.12111,-79.01449,,True
828,OSM_828,SPL_828,230.0,PQ,0.0,0.0,1,1,A,43.10011,-79.01011,,True
829,OSM_829,SPL_829,115.0,PQ,0.0,0.0,1,1,A,43.12043,-79.01331,,True
830,OSM_830,SPL_830,230.0,PQ,0.0,0.0,1,1,A,43.11991,-79.01866,,True
831,OSM_831,SPL_831,115.0,PQ,0.0,0.0,1,1,A,43.14289,-78.9732,,True
832,OSM_832,SPL_832,115.0,PQ,0.0,0.0,1,1,A,43.14249,-78.97464,,True
833,OSM_833,SPL_833,115.0,PQ,0.0,0.0,2,2,B,43.06271,-78.28183,,True
834,OSM_834,SPL_834,115.0,PQ,0.0,0.0,2,2,B,43.09825,-77.64847,,True
835,OSM_835,SPL_835,115.0,PQ,0.0,0.0,2,2,B,43.09851,-77.64825,,True
836,OSM_836,SPL_836,115.0,PQ,0.0,0.0,2,2,B,43.09215,-77.6131,,True
837,OSM_837,SPL_837,115.0,PQ,0.0,0.0,2,2,B,43.09259,-77.6086,,True
839,OSM_839,SPL_839,115.0,PQ,0.0,0.0,1,1,A,42.99591,-78.80381,,True
840,OSM_840,SPL_840,115.0,PQ,0.0,0.0,1,1,A,42.9925,-78.91043,,True
841,OSM_841,SPL_841,115.0,PQ,0.0,0.0,1,1,A,43.04744,-78.85726,,True
843,OSM_843,SPL_843,115.0,PQ,0.0,0.0,1,1,A,42.9725,-78.9301,,True
844,OSM_844,SPL_844,115.0,PQ,0.0,0.0,1,1,A,42.97813,-78.9144,,True
845,OSM_845,SPL_845,115.0,PQ,0.0,0.0,1,1,A,42.96949,-78.89117,,True
847,OSM_847,SPL_847,230.0,PQ,0.0,0.0,1,1,A,42.97646,-78.92342,,True
848,OSM_848,SPL_848,115.0,PQ,0.0,0.0,1,1,A,42.91704,-78.76873,,True
849,OSM_849,SPL_849,115.0,PQ,0.0,0.0,1,1,A,42.89241,-78.76872,,True
850,OSM_850,SPL_850,115.0,PQ,0.0,0.0,2,2,B,43.05501,-77.67005,,True
851,OSM_851,SPL_851,115.0,PQ,0.0,0.0,1,1,A,43.08227,-78.92562,,True
852,OSM_852,SPL_852,115.0,PQ,0.0,0.0,1,1,A,43.09812,-79.00587,,True
853,OSM_853,SPL_853,230.0,PQ,0.0,0.0,1,1,A,42.85071,-78.76483,,True
854,OSM_854,SPL_854,230.0,PQ,0.0,0.0,1,1,A,42.81292,-78.61031,,True
855,OSM_855,SPL_855,115.0,PQ,0.0,0.0,1,1,A,42.80332,-78.8312,,True
856,OSM_856,SPL_856,115.0,PQ,0.0,0.0,1,1,A,42.82428,-78.83727,,True
857,OSM_857,SPL_857,115.0,PQ,0.0,0.0,1,1,A,42.83418,-78.83953,,True
858,OSM_858,SPL_858,115.0,PQ,0.0,0.0,1,1,A,42.85096,-78.76717,,True
859,OSM_859,SPL_859,115.0,PQ,0.0,0.0,1,1,A,42.85052,-78.77226,,True
860,OSM_860,SPL_860,115.0,PQ,0.0,0.0,2,2,B,43.09191,-77.6278,,True
861,OSM_861,SPL_861,115.0,PQ,0.0,0.0,2,2,B,43.08412,-77.51057,,True
862,OSM_862,SPL_862,115.0,PQ,0.0,0.0,2,2,B,43.08788,-77.49975,,True
863,OSM_863,SPL_863,115.0,PQ,0.0,0.0,2,2,B,43.08702,-77.4375,,True
864,OSM_864,SPL_864,115.0,PQ,0.0,0.0,2,2,B,43.08402,-77.5118,,True
865,OSM_865,SPL_865,115.0,PQ,0.0,0.0,2,2,B,43.22574,-77.32796,,True
866,OSM_866,SPL_866,115.0,PQ,0.0,0.0,2,2,B,43.08254,-77.33032,,True
867,OSM_867,SPL_867,115.0,PQ,0.0,0.0,2,2,B,43.05356,-77.38191,,True
868,OSM_868,SPL_868,115.0,PQ,0.0,0.0,2,2,B,42.94127,-76.96252,,True
869,OSM_869,SPL_869,115.0,PQ,0.0,0.0,2,2,B,42.94665,-76.77587,,True
870,OSM_870,SPL_870,115.0,PQ,0.0,0.0,3,3,C,43.01123,-76.57994,,True
871,OSM_871,SPL_871,115.0,PQ,0.0,0.0,3,3,C,43.0411,-76.39026,,True
872,OSM_872,SPL_872,115.0,PQ,0.0,0.0,3,3,C,42.95509,-76.57661,,True
873,OSM_873,SPL_873,115.0,PQ,0.0,0.0,3,3,C,43.02107,-76.46152,,True
874,OSM_874,SPL_874,115.0,PQ,0.0,0.0,3,3,C,43.04104,-76.38579,,True
875,OSM_875,SPL_875,115.0,PQ,0.0,0.0,2,2,B,43.26892,-77.31121,,True
876,OSM_876,SPL_876,115.0,PQ,0.0,0.0,3,3,C,43.10498,-76.26293,,True
879,OSM_879,SPL_879,115.0,PQ,0.0,0.0,3,3,C,42.97473,-76.1167,,True
880,OSM_880,SPL_880,115.0,PQ,0.0,0.0,3,3,C,43.0048,-76.12652,,True
881,OSM_881,SPL_881,115.0,PQ,0.0,0.0,1,1,A,43.11633,-79.00653,,True
882,OSM_882,SPL_882,115.0,PQ,0.0,0.0,1,1,A,43.12298,-79.01878,,True
883,OSM_883,SPL_883,230.0,PQ,0.0,0.0,1,1,A,43.12107,-79.01681,,True
884,OSM_884,SPL_884,115.0,PQ,0.0,0.0,3,3,C,43.4654,-76.38314,,True
886,OSM_886,SPL_886,115.0,PQ,0.0,0.0,3,3,C,43.19155,-76.17396,,True
887,OSM_887,SPL_887,115.0,PQ,0.0,0.0,3,3,C,43.15241,-76.18941,,True
888,OSM_888,SPL_888,230.0,PQ,0.0,0.0,1,1,A,43.13701,-78.71535,,True
890,OSM_890,SPL_890,115.0,PQ,0.0,0.0,1,1,A,43.08256,-79.01544,,True
892,OSM_892,SPL_892,115.0,PQ,0.0,0.0,3,3,C,43.09484,-76.06739,,True
893,OSM_893,SPL_893,115.0,PQ,0.0,0.0,3,3,C,43.4621,-76.40125,,True
894,OSM_894,SPL_894,115.0,PQ,0.0,0.0,3,3,C,43.45006,-76.48155,,True
895,OSM_895,SPL_895,115.0,PQ,0.0,0.0,3,3,C,43.52342,-75.97154,,True
896,OSM_896,SPL_896,115.0,PQ,0.0,0.0,3,3,C,43.15822,-76.10386,,True
897,OSM_897,SPL_897,115.0,PQ,0.0,0.0,3,3,C,43.09361,-75.75185,,True
898,OSM_898,SPL_898,115.0,PQ,0.0,0.0,2,2,B,43.22291,-77.38824,,True
899,OSM_899,SPL_899,115.0,PQ,0.0,0.0,3,3,C,43.12622,-76.19609,,True
901,OSM_901,SPL_901,115.0,PQ,0.0,0.0,1,1,A,42.9558,-78.89351,,True
902,OSM_902,SPL_902,115.0,PQ,0.0,0.0,2,2,B,43.09725,-77.64679,,True
904,OSM_904,SPL_904,115.0,PQ,0.0,0.0,1,1,A,43.15198,-79.02085,,True
906,OSM_906,SPL_906,115.0,PQ,0.0,0.0,3,3,C,43.0608,-76.08161,,True
907,OSM_907,SPL_907,115.0,PQ,0.0,0.0,2,2,B,43.0921,-77.63655,,True
908,OSM_908,SPL_908,115.0,PQ,0.0,0.0,4,4,D,44.00018,-75.81175,,True
909,OSM_909,SPL_909,115.0,PQ,0.0,0.0,4,4,D,43.99991,-75.7776,,True
910,OSM_910,SPL_910,115.0,PQ,0.0,0.0,3,3,C,43.19645,-76.16799,,True
911,OSM_911,SPL_911,115.0,PQ,0.0,0.0,3,3,C,43.00887,-76.12717,,True
912,OSM_912,SPL_912,115.0,PQ,0.0,0.0,1,1,A,42.9739,-78.93245,,True
913,OSM_913,SPL_913,115.0,PQ,0.0,0.0,1,1,A,42.9917,-78.91203,,True
914,OSM_914,SPL_914,115.0,PQ,0.0,0.0,1,1,A,42.9052,-78.76859,,True
915,OSM_915,SPL_915,115.0,PQ,0.0,0.0,2,2,B,43.08532,-78.40456,,True
916,OSM_916,SPL_916,115.0,PQ,0.0,0.0,4,4,D,43.09879,-73.55083,,True
917,OSM_917,SPL_917,115.0,PQ,0.0,0.0,5,5,E,43.31438,-73.89134,,True
918,OSM_918,SPL_918,115.0,PQ,0.0,0.0,6,6,F,42.77022,-73.76699,,True
919,OSM_919,SPL_919,115.0,PQ,0.0,0.0,4,4,D,43.10199,-73.55245,,True
920,OSM_920,SPL_920,115.0,PQ,0.0,0.0,4,4,D,44.58482,-74.95832,,True
922,OSM_922,SPL_922,115.0,PQ,0.0,0.0,4,4,D,44.52159,-75.18141,,True
923,OSM_923,SPL_923,115.0,PQ,0.0,0.0,4,4,D,44.70333,-73.59552,,True
924,OSM_924,SPL_924,115.0,PQ,0.0,0.0,4,4,D,44.86184,-74.12749,,True
925,OSM_925,SPL_925,115.0,PQ,0.0,0.0,5,5,E,43.01959,-74.73887,,True
926,OSM_926,SPL_926,115.0,PQ,0.0,0.0,4,4,D,43.989,-75.58241,,True
927,OSM_927,SPL_927,115.0,PQ,0.0,0.0,4,4,D,43.78708,-75.47613,,True
928,OSM_928,SPL_928,115.0,PQ,0.0,0.0,5,5,E,43.02397,-74.73869,,True
929,OSM_929,SPL_929,115.0,PQ,0.0,0.0,3,3,C,43.12809,-75.34571,,True
930,OSM_930,SPL_930,115.0,PQ,0.0,0.0,4,4,D,43.48191,-73.77552,,True
931,OSM_931,SPL_931,115.0,PQ,0.0,0.0,4,4,D,43.3205,-73.59648,,True
932,OSM_932,SPL_932,230.0,PQ,0.0,0.0,4,4,D,44.97705,-74.80134,,True
936,OSM_936,SPL_936,115.0,PQ,0.0,0.0,5,5,E,42.82777,-73.99646,,True
937,OSM_937,SPL_937,115.0,PQ,0.0,0.0,5,5,E,42.8411,-73.88148,,True
938,OSM_938,SPL_938,115.0,PQ,0.0,0.0,5,5,E,42.8026,-73.84244,,True
939,OSM_939,SPL_939,115.0,PQ,0.0,0.0,4,4,D,44.97854,-73.43022,,True
940,OSM_940,SPL_940,115.0,PQ,0.0,0.0,5,5,E,42.96727,-73.74815,,True
941,OSM_941,SPL_941,115.0,PQ,0.0,0.0,3,3,C,43.06846,-75.05191,,True
942,OSM_942,SPL_942,115.0,PQ,0.0,0.0,3,3,C,43.14265,-75.2692,,True
943,OSM_943,SPL_943,115.0,PQ,0.0,0.0,3,3,C,43.15294,-75.22652,,True
944,OSM_944,SPL_944,115.0,PQ,0.0,0.0,4,4,D,42.99086,-74.40492,,True
946,OSM_946,SPL_946,115.0,PQ,0.0,0.0,5,5,E,42.94444,-74.14896,,True
947,OSM_947,SPL_947,115.0,PQ,0.0,0.0,5,5,E,42.82477,-74.00122,,True
948,OSM_948,SPL_948,115.0,PQ,0.0,0.0,4,4,D,44.58343,-74.95739,,True
949,OSM_949,SPL_949,115.0,PQ,0.0,0.0,6,6,F,42.79233,-73.63747,,True
950,OSM_950,SPL_950,115.0,PQ,0.0,0.0,3,3,C,43.09412,-75.74764,,True
952,OSM_952,SPL_952,115.0,PQ,0.0,0.0,3,3,C,43.12924,-75.3419,,True
955,OSM_955,SPL_955,115.0,PQ,0.0,0.0,4,4,D,42.98395,-74.18275,,True
956,OSM_956,SPL_956,115.0,PQ,0.0,0.0,5,5,E,43.30585,-73.59856,,True
957,OSM_957,SPL_957,115.0,PQ,0.0,0.0,4,4,D,43.3069,-73.61463,,True
958,OSM_958,SPL_958,115.0,PQ,0.0,0.0,4,4,D,43.3052,-73.62726,,True
959,OSM_959,SPL_959,115.0,PQ,0.0,0.0,6,6,F,42.89766,-73.61232,,True
960,OSM_960,SPL_960,115.0,PQ,0.0,0.0,4,4,D,43.99772,-75.63877,,True
961,OSM_961,SPL_961,115.0,PQ,0.0,0.0,4,4,D,43.99046,-75.58576,,True
962,OSM_962,SPL_962,115.0,PQ,0.0,0.0,4,4,D,44.58411,-74.95891,,True
963,OSM_963,SPL_963,115.0,PQ,0.0,0.0,4,4,D,44.57885,-74.95656,,True
964,OSM_964,SPL_964,115.0,PQ,0.0,0.0,3,3,C,43.05512,-74.9677,,True
965,OSM_965,SPL_965,115.0,PQ,0.0,0.0,3,3,C,43.06042,-74.90205,,True
966,OSM_966,SPL_966,115.0,PQ,0.0,0.0,3,3,C,43.06076,-74.89758,,True
