substation_id,lat,lng,mw_load,assigned_generators,total_assigned_gen_mw,substation_type,has_high_voltage_345kv,has_high_voltage_115kv
1,33.089854,-96.6086,147.832,,0.0,A,False,True
2,32.962141,-96.898585,104.462,,0.0,A,False,True
3,33.005262,-96.896742,115.026,,0.0,A,False,True
4,33.114327,-96.693964,85.912,H7961;H7962;H7963;GEN1;H7941;H7942;H7943;GEN1;GEN2;GEN3;GEN1;H7901;H7902;H7903;GEN1;GEN1;GEN2;GEN3;3,166.5,B,False,True
5,32.963417,-96.984664,86.274,,0.0,A,False,True
6,33.056789,-96.730859,101.846,,0.0,A,False,True
7,33.075422,-96.802686,86.08200000000001,,0.0,A,False,True
8,33.090085,-96.740008,109.306,,0.0,A,False,True
9,33.149434,-96.860974,232.31,,0.0,A,True,True
10,33.157388,-96.778665,160.538,,0.0,A,True,True
11,32.928902,-96.619782,123.016,,0.0,A,False,True
12,32.857447,-96.575798,125.44200000000001,,0.0,A,True,True
13,32.773069,-97.005227,86.38,,0.0,A,False,True
14,32.729439,-96.996469,82.634,,0.0,A,True,True
15,32.664684,-97.029478,188.12,GEN1;GEN2;GEN3;6;GER01,216.89999999999998,B,False,True
16,33.070183,-96.917762,119.348,,0.0,A,True,True
17,32.796483,-96.954806,98.614,,0.0,A,False,True
18,32.825907,-96.966915,107.96600000000001,,0.0,A,False,True
19,32.84737,-96.957871,98.592,,0.0,A,False,True
20,32.920035,-96.984164,79.662,,0.0,A,False,True
21,33.013747,-97.000171,134.394,,0.0,A,False,True
22,33.172654,-96.9517,139.312,GEN1;H7891;H7892;H7893;CSS1;1;TOYHQ;5,80.4,B,False,True
23,33.171698,-96.695086,218.17000000000002,,0.0,A,False,True
24,33.245816,-96.63072,125.538,,0.0,A,False,True
25,33.031561,-96.673164,106.918,,0.0,A,True,True
26,32.976063,-96.74208,107.416,,0.0,A,False,True
27,32.948918,-96.709719,81.65,,0.0,A,True,True
28,32.942177,-96.452525,73.436,,0.0,A,False,True
29,33.604131,-96.550405,51.464,,0.0,A,True,True
30,33.034224,-96.811608,95.816,,0.0,A,True,True
31,32.51693,-95.883547,30.716,,0.0,A,False,True
32,32.042784,-96.343754,8.3,,0.0,A,False,True
33,32.599427,-96.864075,106.236,,0.0,A,True,True
34,32.32695,-96.589539,57.802,GT1,285.0,B,False,True
35,32.742601,-96.452883,104.156,,0.0,A,False,True
36,32.568163,-96.250214,43.492000000000004,,0.0,A,True,True
37,32.364579,-96.244987,28.672,,0.0,A,False,True
38,32.436676,-96.079558,13.902000000000001,,0.0,A,False,True
39,32.817399,-96.630416,123.726,,0.0,A,True,True
40,32.703269,-95.994666,25.874,,0.0,A,False,True
41,32.736827,-96.907506,155.84,,0.0,A,True,True
42,32.711324,-96.781215,108.506,,0.0,A,False,True
43,32.710306,-96.678549,173.622,,0.0,A,False,True
44,32.868529,-96.876118,82.22,,0.0,A,False,True
45,32.76681,-96.6869,121.264,,0.0,A,False,True
46,32.824924,-96.679438,150.606,,0.0,A,False,True
47,32.912633,-96.736637,136.506,,0.0,A,True,True
48,32.999309,-96.841688,110.12,,0.0,A,False,True
49,32.790203,-95.631982,8.664,,0.0,A,False,True
50,33.857959,-95.64937,1.48,,0.0,A,False,True
51,33.801868,-95.151966,1.318,,0.0,A,False,True
52,33.141516,-95.934235,6.168,,0.0,A,False,True
53,33.321715,-96.378507,5.782,,0.0,A,False,True
54,33.663063,-94.997258,8.354000000000001,,0.0,A,True,True
55,33.615093,-95.900092,6.83,,0.0,A,False,True
56,33.40225,-95.483203,0.394,,0.0,A,False,True
57,32.997657,-95.932679,5.322,,0.0,A,False,True
58,33.216815,-94.975144,55.4,,0.0,A,False,True
59,33.815579,-95.488005,6.886,,0.0,A,False,True
60,32.924005,-96.109433,31.824,,0.0,A,False,True
61,33.708311,-96.240654,2.062,,0.0,A,False,True
62,33.167968,-95.608224,50.216,,0.0,A,False,True
63,32.924728,-95.568154,7.926,,0.0,A,False,True
64,33.119332,-94.220491,22.536,,0.0,A,False,True
65,33.503694,-94.627358,10.526,,0.0,A,False,True
66,33.185033,-94.36393,2.34,,0.0,A,False,True
67,33.002696,-94.383454,8.45,,0.0,A,False,True
68,33.459359,-94.439042,21.406,,0.0,A,False,True
69,33.325004,-94.550659,2.738,,0.0,A,False,True
70,32.867555,-94.549488,4.208,,0.0,A,False,True
71,32.138496,-94.274156,25.662,,0.0,A,False,True
72,33.020475,-94.729699,10.212,,0.0,A,False,True
73,32.791213,-94.999846,27.766000000000002,,0.0,A,False,True
74,32.688692,-94.871843,20.786,SOLAR;GEN1,173.0,B,False,True
75,32.239409,-94.728328,32.156,,0.0,A,False,True
76,33.011304,-94.572161,9.794,,0.0,A,False,True
77,32.794973,-94.310306,14.548,,0.0,A,False,True
78,32.631317,-94.171261,5.172,,0.0,A,False,True
79,32.038799,-94.57588,2.664,,0.0,A,False,True
80,32.468303,-94.299079,32.96,,0.0,A,False,True
81,31.925449,-94.704029,4.8500000000000005,,0.0,A,False,True
82,32.965131,-94.951917,26.966,,0.0,A,True,True
83,32.470841,-94.118036,8.774000000000001,,0.0,A,False,True
84,32.094348,-95.906047,34.712,,0.0,A,False,True
85,32.42667,-95.667877,16.042,,0.0,A,False,True
86,32.641695,-95.075624,9.61,,0.0,A,False,True
87,32.110362,-95.348104,27.282,,0.0,A,False,True
88,32.642043,-95.234859,15.014000000000001,,0.0,A,False,True
89,32.158557,-95.643712,5.104,,0.0,A,False,True
90,32.681453,-95.447702,28.61,,0.0,A,False,True
91,31.863226,-95.484612,0.22,,0.0,A,False,True
92,32.816459,-95.424768,16.236,,0.0,A,False,True
93,31.775433,-95.19655,21.862000000000002,,0.0,A,False,True
94,32.109512,-95.094194,16.758,,0.0,A,False,True
95,32.4761,-95.100668,5.722,,0.0,A,False,True
96,31.734462,-95.531204,31.616,,0.0,A,False,True
97,31.881777,-95.679494,43.022,,0.0,A,False,True
98,31.473667,-96.009365,12.31,,0.0,A,False,True
99,31.268635,-95.843907,4.896,,0.0,A,False,True
100,31.284891,-95.490625,22.85,,0.0,A,True,True
101,31.4789,-96.229757,1.358,,0.0,A,False,True
102,31.606693,-95.58334,12.796000000000001,,0.0,A,False,True
103,31.782559,-96.093621,12.594,,0.0,A,False,True
104,31.087576,-95.076959,6.258,,0.0,A,False,True
105,31.356209,-95.152898,3.49,,0.0,A,False,True
106,31.135677,-95.935045,2.774,,0.0,A,False,True
107,31.092367,-95.499937,9.832,,0.0,A,False,True
108,30.959521,-95.715509,7.268,,0.0,A,False,True
109,31.557331,-95.863641,5.904,,0.0,A,False,True
110,31.188898,-95.255739,0.342,,0.0,A,False,True
111,31.893076,-96.236904,3.65,,0.0,A,False,True
112,31.61135,-96.238051,12.702,,0.0,A,False,True
113,30.964728,-95.325895,20.23,,0.0,A,False,True
114,31.301675,-94.641408,58.296,,0.0,A,True,True
115,31.340325,-94.826061,70.416,,0.0,A,False,True
116,31.614855,-95.062493,7.8260000000000005,,0.0,A,False,True
117,31.248085,-94.969099,2.414,,0.0,A,False,True
118,30.671395,-93.71134,2.636,,0.0,A,False,True
119,31.245162,-94.175514,3.306,,0.0,A,False,True
120,31.113664,-94.021385,3.934,,0.0,A,False,True
121,31.056147,-93.615655,3.2560000000000002,,0.0,A,False,True
122,30.553812,-93.812696,2.098,,0.0,A,False,True
123,31.732513,-94.19129,25.988,,0.0,A,False,True
124,30.952076,-94.579622,1.9020000000000001,,0.0,A,False,True
125,30.940517,-94.35364,4.8500000000000005,,0.0,A,False,True
126,31.187072,-94.758803,17.474,,0.0,A,False,True
127,31.658422,-94.894177,2.676,,0.0,A,False,True
128,31.307588,-93.784102,12.144,,0.0,A,False,True
129,31.229843,-94.509183,17.036,,0.0,A,False,True
130,30.934425,-94.059578,32.308,,0.0,A,False,True
131,31.904341,-94.048094,5.268,,0.0,A,False,True
132,30.676367,-93.98312,19.19,,0.0,A,True,True
133,31.512307,-93.861732,1.718,,0.0,A,False,True
134,30.827971,-93.714454,9.068,,0.0,A,False,True
135,31.483597,-94.131501,12.504,,0.0,A,False,True
136,31.711317,-93.942853,6.072,,0.0,A,False,True
137,31.065187,-93.786673,0.888,,0.0,A,False,True
138,31.138382,-94.375214,4.51,,0.0,A,False,True
139,32.631994,-97.150534,74.462,,0.0,A,False,True
140,32.722829,-97.080316,119.052,,0.0,A,True,True
141,32.900196,-97.561179,60.974000000000004,,0.0,A,False,True
142,32.532677,-97.306547,144.986,GEN1;GEN2;GEN3;GT-1;ST-1,283.79999999999995,B,False,True
143,32.275189,-97.511185,51.954,,0.0,A,False,True
144,32.924857,-97.068211,108.26,,0.0,A,False,True
145,32.162541,-97.15481,6.362,,0.0,A,False,True
146,32.57074,-97.144837,153.218,,0.0,A,False,True
147,32.469436,-96.99067,77.60000000000001,,0.0,A,False,True
148,32.704456,-97.993148,8.212,,0.0,A,False,True
149,32.799741,-98.126932,40.874,,0.0,A,False,True
150,32.747426,-97.217658,84.436,,0.0,A,False,True
151,32.720723,-97.447033,100.742,,0.0,A,False,True
152,32.691147,-97.262625,104.558,GEN1;GEN2;GEN3;4,456.2,B,True,True
153,32.881821,-97.345943,94.754,GEN1;GEN2;GEN3;CHS01,101.2,B,True,True
154,32.652918,-97.379538,107.388,,0.0,A,False,True
155,32.859685,-97.291523,119.96600000000001,,0.0,A,False,True
156,32.909919,-97.434281,138.132,,0.0,A,True,True
157,33.149467,-97.096016,92.092,,0.0,A,False,True
158,33.114714,-97.173909,58.480000000000004,4;DEC1;DEC10;DEC11,117.5,B,False,True
159,33.61791,-98.062664,2.43,,0.0,A,False,True
160,33.520572,-97.95612,19.266000000000002,,0.0,A,False,True
161,33.276319,-97.514178,37.874,,0.0,A,False,True
162,33.479016,-97.351845,0.552,,0.0,A,False,True
163,32.927988,-97.283692,157.63,,0.0,A,True,True
164,32.924955,-97.230259,79.282,,0.0,A,False,True
165,33.631922,-97.688998,1.526,,0.0,A,False,True
166,33.82471,-97.739095,10.954,,0.0,A,False,True
167,33.793074,-97.963802,0.522,,0.0,A,False,True
168,33.009335,-97.22672,82.316,,0.0,A,True,True
169,33.75668,-97.538121,2.928,,0.0,A,False,True
170,33.799085,-98.50984,37.816,,0.0,A,False,True
171,33.558025,-98.695427,3.61,,0.0,A,False,True
172,34.103277,-98.622462,24.646,,0.0,A,False,True
173,33.75849,-98.202251,9.196,,0.0,A,False,True
174,33.723849,-98.783672,4.304,,0.0,A,False,True
175,33.9732,-98.720985,26.77,,0.0,A,False,True
176,33.527389,-98.884746,0.65,,0.0,A,False,True
177,33.250203,-98.925556,1.9060000000000001,,0.0,A,False,True
178,34.131724,-99.106566,0.28800000000000003,,0.0,A,False,True
179,33.358656,-98.740056,7.782,,0.0,A,False,True
180,33.668239,-98.489118,1.36,,0.0,A,False,True
181,33.621035,-99.243769,7.202,,0.0,A,True,True
182,34.160505,-99.34314,24.224,,0.0,A,False,True
183,33.322836,-99.642126,0.462,,0.0,A,False,True
184,33.513054,-98.457321,3.084,,0.0,A,False,True
185,32.801213,-98.88698,17.796,,0.0,A,False,True
186,33.166041,-97.845101,25.388,,0.0,A,False,True
187,33.158189,-98.377664,2.082,,0.0,A,False,True
188,32.759373,-98.666449,0.308,,0.0,A,False,True
189,32.790132,-99.241839,4.338,,0.0,A,False,True
190,33.332344,-97.868439,7.416,,0.0,A,False,True
191,31.842565,-98.805134,2.934,,0.0,A,False,True
192,31.863019,-98.2281,0.296,,0.0,A,False,True
193,32.403542,-99.038804,11.798,,0.0,A,False,True
194,31.890896,-98.613096,15.624,,0.0,A,False,True
195,32.13383,-99.213349,3.806,,0.0,A,False,True
196,32.123666,-98.577422,7.03,,0.0,A,False,True
197,32.302818,-98.552383,0.972,,0.0,A,False,True
198,32.07458,-98.349791,16.240000000000002,,0.0,A,False,True
199,32.901592,-98.315542,4.702,,0.0,A,False,True
200,32.584194,-98.335694,2.876,,0.0,A,False,True
201,31.944662,-98.027972,8.09,,0.0,A,False,True
202,33.219589,-98.188154,12.242,,0.0,A,False,True
203,32.527015,-98.008849,8.824,,0.0,A,False,True
204,32.455408,-98.418168,0.9,,0.0,A,False,True
205,32.556004,-99.164736,1.032,,0.0,A,False,True
206,32.495875,-98.66402,7.0360000000000005,,0.0,A,False,True
207,32.116953,-98.98514,3.544,,0.0,A,False,True
208,32.600503,-98.17276,3.004,,0.0,A,False,True
209,32.673266,-98.485899,2.408,,0.0,A,False,True
210,33.195202,-99.268024,1.79,,0.0,A,False,True
211,32.764096,-98.276879,1.818,,0.0,A,False,True
212,33.036872,-99.048807,0.932,,0.0,A,False,True
213,31.051469,-97.500003,84.324,GEN1;GEN2;GEN3;GEN1;GEN2;GEN3;H1821;H1822;H1823;HTE10;HTE11;HTE12;HTEM1;HTEM2;HTEM3;HTEM4;HTEM5;HTEM6;HTEM7;HTEM8;HTEM9;STG-2,347.59999999999997,B,True,True
214,30.891129,-96.907601,16.066,,0.0,A,True,True
215,31.219045,-97.968224,74.764,,0.0,A,False,True
216,30.841795,-97.809699,7.392,,0.0,A,False,True
217,31.686812,-98.18703,9.19,,0.0,A,False,True
218,31.628871,-97.922097,2.334,,0.0,A,False,True
219,31.095582,-98.027458,17.648,,0.0,A,False,True
220,31.010374,-97.741512,99.53,,0.0,A,False,True
221,31.149188,-97.633113,64.062,,0.0,A,False,True
222,31.102486,-98.259569,28.338,,0.0,A,False,True
223,30.700413,-96.830663,3.414,,0.0,A,False,True
224,31.285086,-97.390061,11.982000000000001,,0.0,A,False,True
225,31.409504,-97.531155,1.994,,0.0,A,False,True
226,31.643709,-98.351,0.35000000000000003,,0.0,A,False,True
227,30.649554,-97.006117,17.734,,0.0,A,False,True
228,31.082267,-96.953514,5.5600000000000005,,0.0,A,False,True
229,31.881712,-97.085481,2.122,,0.0,A,False,True
230,31.816191,-97.243292,3.074,,0.0,A,False,True
231,31.14975,-96.651785,3.908,,0.0,A,False,True
232,31.695107,-97.328851,10.668000000000001,,0.0,A,False,True
233,31.817062,-97.546568,15.22,,0.0,A,False,True
234,31.769065,-97.804444,0.922,,0.0,A,False,True
235,31.503056,-96.520013,13.256,,0.0,A,False,True
236,32.022463,-97.13336,21.026,,0.0,A,False,True
237,31.848596,-96.807361,5.394,,0.0,A,False,True
238,32.001589,-97.882698,1.292,,0.0,A,False,True
239,32.117538,-97.575601,2.178,,0.0,A,False,True
240,31.560686,-96.802657,6.774,,0.0,A,False,True
241,31.916215,-97.710123,5.124,,0.0,A,False,True
242,31.651982,-96.468387,21.982,,0.0,A,False,True
243,31.988449,-97.531227,3.496,,0.0,A,False,True
244,31.45345,-96.913489,6.0680000000000005,,0.0,A,False,True
245,31.662159,-97.506079,7.642,,0.0,A,False,True
246,32.083642,-97.736491,2.162,,0.0,A,False,True
247,31.959701,-97.330421,20.096,,0.0,A,False,True
248,31.526544,-97.261231,52.208,,0.0,A,False,True
249,30.766987,-99.050013,0.17200000000000001,,0.0,A,False,True
250,31.738576,-99.934162,9.36,,0.0,A,False,True
251,31.106301,-99.394237,13.364,,0.0,A,False,True
252,31.517913,-99.135467,1.184,,0.0,A,False,True
253,32.006167,-99.292204,0.398,,0.0,A,False,True
254,30.985763,-98.73555,1.418,,0.0,A,False,True
255,31.881956,-99.480043,10.74,,0.0,A,False,True
256,31.222792,-99.896165,4.14,,0.0,A,True,True
257,30.915116,-100.108691,0.34800000000000003,,0.0,A,False,True
258,31.432854,-98.52307,6.7860000000000005,,0.0,A,False,True
259,30.843122,-99.570053,0.158,,0.0,A,False,True
260,30.472352,-99.821506,7.5200000000000005,,0.0,A,False,True
261,31.267613,-98.371832,2.666,,0.0,A,False,True
262,30.694786,-99.581344,0.612,,0.0,A,False,True
263,30.691484,-99.273312,7.492,,0.0,A,False,True
264,31.176951,-99.616412,0.6,,0.0,A,False,True
265,30.885268,-99.858861,3.5740000000000003,,0.0,A,False,True
266,31.592014,-100.192581,3.968,,0.0,A,False,True
267,31.411505,-99.682323,0.42,,0.0,A,False,True
268,31.553975,-98.731107,1.714,,0.0,A,False,True
269,31.460967,-99.933766,1.324,,0.0,A,False,True
270,31.627357,-98.546717,0.47600000000000003,,0.0,A,False,True
271,31.289123,-98.995473,1.6460000000000001,,0.0,A,False,True
272,31.331919,-99.165902,1.752,,0.0,A,False,True
273,30.45867,-100.06915,0.028,,0.0,A,False,True
274,31.602931,-99.999545,0.898,,0.0,A,False,True
275,31.157059,-98.764007,8.45,,0.0,A,False,True
276,31.657754,-99.292932,3.34,,0.0,A,False,True
277,31.816904,-99.702274,0.5,,0.0,A,False,True
278,31.736907,-99.567789,0.196,,0.0,A,False,True
279,30.858957,-98.861313,0.468,,0.0,A,False,True
280,31.609899,-99.64049,0.274,,0.0,A,False,True
281,31.687955,-98.773665,1.73,,0.0,A,False,True
282,31.272555,-101.172785,0.17200000000000001,,0.0,A,False,True
283,31.268726,-101.542078,7.882000000000001,,0.0,A,False,True
284,31.083442,-100.423683,3.704,,0.0,A,False,True
285,30.883194,-100.595683,5.796,,0.0,A,False,True
286,31.272382,-100.889468,2.842,,0.0,A,False,True
287,30.533977,-101.306031,6.412,,0.0,A,False,True
288,31.884956,-100.61071,3.524,,0.0,A,False,True
289,32.04114,-100.69458,0.026000000000000002,,0.0,A,False,True
290,30.441414,-100.56062,7.648000000000001,,0.0,A,False,True
291,31.802748,-101.055625,2.548,,0.0,A,False,True
292,31.723763,-100.331847,0.166,,0.0,A,False,True
293,31.289523,-100.15267,0.28200000000000003,,0.0,A,False,True
294,31.595106,-100.799358,0.268,,0.0,A,False,True
295,29.76393,-95.173121,115.10600000000001,,0.0,A,False,True
296,29.772179,-95.514203,77.446,,0.0,A,True,True
297,29.655689,-95.471263,72.784,,0.0,A,False,True
298,29.701847,-95.534537,138.308,,0.0,A,True,True
299,29.874575,-95.527099,100.686,,0.0,A,False,True
300,29.740605,-95.560257,81.318,,0.0,A,False,True
301,29.906312,-95.180561,103.956,,0.0,A,False,True
302,29.647339,-95.431435,70.02,,0.0,A,False,True
303,29.832928,-95.14904,77.83,,0.0,A,True,True
304,29.796871,-95.49165,90.402,,0.0,A,False,True
305,29.736298,-95.523277,83.658,,0.0,A,False,True
306,29.917097,-95.537531,98.084,,0.0,A,False,True
307,29.92647,-95.603801,79.902,,0.0,A,True,True
308,29.979455,-95.573317,112.52,,0.0,A,False,True
309,29.699688,-95.584817,130.03,CTG-1;CTG-2,121.0,B,True,True
310,29.687947,-95.515725,81.782,,0.0,A,False,True
311,29.751562,-95.615374,123.816,1;GEN1;GEN2;GEN3;NFB1;NFB2;NFB3;NFB4;NFB5;NFB6;H1091;H1092;H1093;GEN1;GEN2;GEN3;GEN1;GEN2;GEN3;GEN1;GEN2;GEN3;CLA1;CLA10;CLA11;CLA12;CLA13;CLA14;CLA15;CLA2;CLA3;CLA4;CLA5;CLA6;CLA7;CLA8;CLA9;HDC10;HDC11;HDC12;HDC13;HDC14;HDC15;HDC16;HDC17;HDC18;HDC19;HDC20;HDC21;HDC22;HDC23;HDC24;HDC25;HDC26;HDC27;HDC28;HDC29;HDC30;HDC31;HDC32;HHDC1;HHDC2;HHDC3;HHDC4;HHDC5;HHDC6;HHDC7;HHDC8;HHDC9;HSNP1;HSNP2;HSNP3;HSNP4;GEN1;GEN2;GEN3;GEN1;GEN2;GEN3;H7761;H7762;H7763;GEN1;GEN2;GEN3;GEN1;GEN2;GEN3;GEN1;GEN2;GEN3;GEN1;GEN2;GEN3;B0401;B0402;B0403;B0404;GEN1;GEN2;GEN3;GEN1;GEN2;GEN3;GT-1,169.39999999999992,B,False,True
312,29.815894,-95.522885,90.508,,0.0,A,False,True
313,29.712099,-95.480935,103.562,,0.0,A,True,True
314,29.694401,-95.649565,156.48,FLD10;FLD11;FLD12;FLD13;FLD14;FLD15;FLD16;FLD17;FLD18;FLD19;FLD20;FLD21;FLD22;FLD23;FLD24;FLD25;FLD26;FLD27;FLD28;FLID1;FLID2;FLID3;FLID4;FLID5;FLID6;FLID7;FLID8;FLID9;GEN1;GEN2;GEN3;CTG-3;CTG-4,133.4,B,True,True
315,29.827486,-95.65992,216.322,,0.0,A,True,True
316,29.881487,-95.452619,114.354,,0.0,A,False,True
317,29.586959,-95.225601,110.82000000000001,,0.0,A,False,True
318,30.009427,-95.439603,78.578,,0.0,A,False,True
319,29.830024,-95.474409,79.682,,0.0,A,False,True
320,29.863156,-95.341927,93.97,,0.0,A,False,True
321,29.909513,-95.651476,147.912,52;53;54,255.0,B,True,True
322,29.670869,-95.58599,100.652,,0.0,A,True,True
323,30.306163,-95.68639,54.95,,0.0,A,True,True
324,30.804665,-95.550875,72.182,,0.0,A,False,True
325,30.318169,-94.91573,52.412,,0.0,A,False,True
326,30.392374,-95.191181,33.664,,0.0,A,False,True
327,30.633963,-95.161912,16.128,,0.0,A,False,True
328,30.008015,-95.289431,90.184,,0.0,A,False,True
329,30.046777,-95.221022,84.386,,0.0,A,False,True
330,30.640258,-95.5384,62.808,,0.0,A,False,True
331,29.994499,-95.177499,127.544,GEN1;GEN2;GEN3;CH1;CH2,122.2,B,True,True
332,30.717792,-94.817231,68.734,,0.0,A,False,True
333,30.156257,-95.74926,62.402,,0.0,A,False,True
334,30.316241,-95.849802,5.922,,0.0,A,False,True
335,30.241145,-95.160299,30.968,,0.0,A,False,True
336,30.062169,-95.383966,124.7,,0.0,A,False,True
337,30.094665,-95.586187,120.23,55,85.0,B,False,True
338,30.061727,-95.681504,76.46600000000001,,0.0,A,True,True
339,30.039457,-95.534383,164.986,,0.0,A,False,True
340,30.100262,-95.356488,120.504,,0.0,A,False,True
341,30.057832,-95.471001,101.944,,0.0,A,False,True
342,29.64609,-95.794526,115.244,,0.0,A,False,True
343,29.670004,-95.708089,122.764,,0.0,A,True,True
344,28.908185,-95.868152,48.508,,0.0,A,False,True
345,29.987117,-96.252942,20.5,,0.0,A,True,True
346,28.960348,-95.557701,27.93,,0.0,A,True,True
347,30.1223,-96.258442,4.83,,0.0,A,False,True
348,29.995758,-95.665088,181.012,,0.0,A,False,True
349,29.945301,-95.741369,188.69,,0.0,A,True,True
350,29.527956,-96.305186,9.124,,0.0,A,False,True
351,29.212328,-96.280585,34.354,,0.0,A,False,True
352,30.047619,-95.833733,32.618,,0.0,A,False,True
353,29.837611,-95.73374,246.314,,0.0,A,False,True
354,29.743565,-95.740717,151.504,,0.0,A,True,True
355,29.526401,-95.530936,153.324,,0.0,A,False,True
356,29.383068,-95.806472,24.266000000000002,,0.0,A,False,True
357,29.566996,-95.636016,191.23000000000002,,0.0,A,False,True
358,29.743948,-95.830502,252.62,,0.0,A,True,True
359,29.64355,-95.65327,105.9,,0.0,A,False,True
360,29.380858,-95.241857,100.28,,0.0,A,False,True
361,29.703595,-94.600429,10.922,,0.0,A,False,True
362,29.173439,-95.451545,67.268,,0.0,A,False,True
363,29.733275,-94.994118,67.674,,0.0,A,False,True
364,29.801948,-94.971708,121.406,,0.0,A,True,True
365,29.932894,-95.057219,60.084,,0.0,A,False,True
366,30.054844,-94.922316,69.206,,0.0,A,True,True
367,29.974167,-94.522942,1.616,,0.0,A,False,True
368,29.015519,-95.282536,38.144,,0.0,A,False,True
369,29.515074,-95.192133,106.296,,0.0,A,False,True
370,29.688455,-95.05738,75.398,1;2,176.4,B,False,True
371,29.503785,-95.0873,182.90800000000002,,0.0,A,False,True
372,29.485422,-95.362322,45.644,,0.0,A,True,True
373,29.561597,-95.279759,101.474,,0.0,A,False,True
374,29.380856,-95.468782,82.61,,0.0,A,True,True
375,29.545041,-95.350692,183.986,,0.0,A,True,True
376,30.397704,-93.923702,19.238,,0.0,A,False,True
377,30.326641,-94.052041,1.846,,0.0,A,False,True
378,30.377327,-94.374331,19.994,,0.0,A,False,True
379,29.426496,-94.685696,3.86,,0.0,A,False,True
380,29.710502,-93.93785,0.528,,0.0,A,False,True
381,30.414774,-94.173656,33.488,,0.0,A,False,True
382,30.171444,-94.432275,11.298,,0.0,A,True,True
383,30.177924,-94.018171,55.174,,0.0,A,False,True
384,29.898029,-94.161175,80.44800000000001,,0.0,A,True,True
385,30.797736,-96.312084,24.496000000000002,2,49.1,B,False,True
386,30.530233,-96.012991,6.014,,0.0,A,False,True
387,30.715806,-95.908313,5.694,,0.0,A,False,True
388,30.215075,-96.410272,57.014,,0.0,A,False,True
389,30.193586,-96.588051,6.242,,0.0,A,False,True
390,30.541565,-96.676232,25.032,,0.0,A,False,True
391,31.003109,-96.688981,3.746,,0.0,A,False,True
392,30.60907,-96.325998,119.4,,0.0,A,True,True
393,30.562014,-96.2739,137.514,,0.0,A,False,True
394,30.354551,-96.840806,2.378,,0.0,A,False,True
395,31.075823,-96.425784,10.984,,0.0,A,False,True
396,30.785329,-96.704162,1.534,,0.0,A,False,True
397,30.871914,-96.526934,12.68,,0.0,A,False,True
398,30.721716,-96.109298,4.2700000000000005,,0.0,A,False,True
399,30.953672,-95.905344,15.648,,0.0,A,False,True
400,30.743004,-96.548436,0.63,,0.0,A,False,True
401,30.365776,-96.04642,36.688,,0.0,A,False,True
402,30.879381,-96.138959,4.356,,0.0,A,False,True
403,30.286936,-96.189365,3.6,,0.0,A,False,True
404,28.291992,-96.898424,0.314,,0.0,A,False,True
405,29.097035,-97.282413,22.094,7,49.2,B,False,True
406,29.042415,-96.689715,16.908,,0.0,A,False,True
407,28.67673,-97.198682,0.124,,0.0,A,False,True
408,28.652457,-97.405775,11.466000000000001,,0.0,A,False,True
409,29.378848,-96.834606,15.748000000000001,,0.0,A,False,True
410,29.559671,-97.081874,3.444,,0.0,A,False,True
411,29.453329,-97.191865,8.258000000000001,,0.0,A,False,True
412,29.342572,-97.075651,0.436,,0.0,A,False,True
413,29.202324,-97.076306,21.462,,0.0,A,False,True
414,29.707222,-99.095171,20.258,,0.0,A,False,True
415,28.941736,-98.851298,2.352,,0.0,A,False,True
416,29.85855,-98.703353,75.136,,0.0,A,False,True
417,28.703692,-98.263517,0.7020000000000001,,0.0,A,False,True
418,29.912815,-99.039927,8.448,,0.0,A,False,True
419,28.764527,-98.485947,0.454,,0.0,A,False,True
420,29.972311,-98.904698,12.42,,0.0,A,False,True
421,28.371399,-99.135335,11.02,,0.0,A,False,True
422,29.17158,-98.967448,21.88,,0.0,A,False,True
423,28.711947,-99.177422,12.24,,0.0,A,False,True
424,28.040092,-99.402695,4.222,,0.0,A,False,True
425,28.496731,-98.827726,0.316,,0.0,A,False,True
426,28.257475,-98.143051,8.164,,0.0,A,False,True
427,29.578233,-98.748415,59.694,,0.0,A,False,True
428,27.513375,-99.50214,79.994,,0.0,A,False,True
429,27.545395,-99.462018,94.414,,0.0,A,True,True
430,27.554788,-99.265533,92.282,,0.0,A,False,True
431,27.751747,-99.126085,1.2,,0.0,A,False,True
432,27.833815,-99.681424,135.962,,0.0,A,False,True
433,27.368619,-99.347342,143.452,1,150.0,B,True,True
434,29.070547,-98.48181,1.364,,0.0,A,False,True
435,29.830348,-99.331352,4.24,,0.0,A,False,True
436,29.537033,-98.933944,4.048,,0.0,A,False,True
437,29.037278,-99.001103,1.04,,0.0,A,False,True
438,28.888354,-99.141337,25.132,,0.0,A,False,True
439,29.689692,-98.911216,18.924,,0.0,A,False,True
440,28.935779,-98.428996,33.444,,0.0,A,False,True
441,29.079818,-98.642303,22.268,,0.0,A,False,True
442,27.128042,-99.331147,1.23,,0.0,A,False,True
443,29.897838,-98.40311,31.074,,0.0,A,False,True
444,28.470281,-98.226391,8.788,,0.0,A,False,True
445,28.310347,-98.573186,1.016,,0.0,A,False,True
446,26.930929,-99.162765,26.558,,0.0,A,False,True
447,28.407712,-97.71062,56.506,,0.0,A,False,True
448,28.568278,-97.579237,0.632,,0.0,A,False,True
449,29.487657,-98.290904,78.848,,0.0,A,False,True
450,28.867033,-98.240425,6.506,,0.0,A,False,True
451,29.102255,-97.743964,0.662,,0.0,A,False,True
452,28.800642,-98.062937,8.836,,0.0,A,False,True
453,28.733411,-97.894958,13.92,,0.0,A,False,True
454,29.69811,-98.070311,159.572,,0.0,A,False,True
455,29.758817,-98.191068,66.736,,0.0,A,True,True
456,28.98256,-97.520734,7.98,,0.0,A,False,True
457,29.468413,-98.528889,100.672,,0.0,A,False,True
458,29.422124,-98.525978,115.4,,0.0,A,False,True
459,29.516395,-98.523017,90.248,,0.0,A,False,True
460,29.537264,-98.487882,90.65,,0.0,A,False,True
461,29.31194,-98.391006,112.968,,0.0,A,False,True
462,29.460646,-98.571279,122.882,,0.0,A,False,True
463,29.546515,-98.557207,91.322,,0.0,A,False,True
464,29.555818,-98.361905,96.12,,0.0,A,False,True
465,29.52502,-98.606564,123.87400000000001,,0.0,A,False,True
466,29.474147,-98.348083,67.976,1;OCIA3;570;2,969.3,B,True,True
467,29.40009,-98.730555,152.784,,0.0,A,False,True
468,29.585862,-98.406811,107.194,,0.0,A,False,True
469,29.568476,-98.614271,123.424,,0.0,A,False,True
470,29.502729,-98.664897,125.902,,0.0,A,True,True
471,29.461683,-98.676727,131.77,,0.0,A,False,True
472,29.537675,-98.73503,122.282,,0.0,A,False,True
473,29.634097,-98.497426,94.292,,0.0,A,False,True
474,27.742714,-97.915595,1.266,,0.0,A,False,True
475,28.1207,-97.19689,0.874,,0.0,A,False,True
476,27.634419,-98.496692,4.636,1,150.0,B,True,True
477,27.479974,-98.86473,0.838,,0.0,A,False,True
478,26.880517,-98.216213,0.64,,0.0,A,False,True
479,27.194074,-98.207295,14.444,,0.0,A,False,True
480,27.836017,-98.628776,5.39,TWE,300.0,B,True,True
481,27.053231,-98.747572,10.546,,0.0,A,False,True
482,27.444204,-97.865597,58.800000000000004,,0.0,A,False,True
483,28.103445,-97.808184,18.61,,0.0,A,False,True
484,27.36513,-98.996708,0.756,,0.0,A,False,True
485,27.615256,-98.946373,0.34,,0.0,A,False,True
486,27.987983,-98.06698,9.934000000000001,,0.0,A,False,True
487,27.778915,-97.113625,8.814,,0.0,A,False,True
488,27.421353,-98.514272,0.894,,0.0,A,False,True
489,28.322116,-97.162472,7.0200000000000005,,0.0,A,False,True
490,27.306614,-97.780427,2.57,,0.0,A,False,True
491,28.08816,-97.956246,12.158,,0.0,A,True,True
492,27.849558,-98.385775,11.242,,0.0,A,False,True
493,27.139396,-97.90137,0.782,,0.0,A,False,True
494,28.121595,-97.553008,19.748,,0.0,A,False,True
495,28.187118,-97.382226,4.364,,0.0,A,False,True
496,27.662421,-97.371535,88.028,,0.0,A,True,True
497,27.65787,-97.479816,83.952,,0.0,A,False,True
498,26.215817,-98.239572,120.598,,0.0,A,False,True
499,26.271967,-98.236568,122.364,,0.0,A,True,True
500,26.144539,-98.121312,72.496,,0.0,A,False,True
501,25.963264,-97.550453,118.776,,0.0,A,False,True
502,25.943923,-97.317944,179.258,GEN1;GEN2;GEN3;10;9;6,137.2,B,False,True
503,26.162145,-98.058771,90.24,,0.0,A,False,True
504,26.280689,-98.183295,74.822,,0.0,A,False,True
505,26.452135,-98.276811,89.48,,0.0,A,False,True
506,26.451476,-98.092002,161.674,,0.0,A,False,True
507,26.274827,-98.654824,1.166,,0.0,A,False,True
508,26.255523,-97.667502,104.044,,0.0,A,True,True
509,26.654454,-98.259766,0.586,,0.0,A,False,True
510,26.678196,-99.103088,0.41000000000000003,,0.0,A,False,True
511,26.229363,-98.378613,160.27,,0.0,A,True,True
512,26.296191,-98.299959,82.672,GEN1;GEN2;GEN3;CC1;CC10;CC11;CC12;CC13;CC14;CC15;CC2;CC3;CC4;CC5;CC6;CC7;CC8;CC9;GEN1;GEN2;GEN3;GEN1;GEN2;GEN3;CTG1,279.6,B,True,True
513,26.318906,-98.370049,125.944,,0.0,A,False,True
514,26.15153,-98.189752,157.462,,0.0,A,False,True
515,26.530903,-98.740235,88.09400000000001,,0.0,A,False,True
516,26.261363,-97.489015,13.83,,0.0,A,False,True
517,26.57331,-98.96276,36.572,,0.0,A,False,True
518,26.106086,-97.629292,118.72,,0.0,A,True,True
519,26.737863,-98.397207,0.27,,0.0,A,False,True
520,26.167843,-98.154834,82.224,,0.0,A,False,True
521,26.158622,-97.989155,137.968,,0.0,A,False,True
522,26.280733,-97.284166,5.596,,0.0,A,False,True
523,26.569407,-97.442394,0.254,,0.0,A,False,True
524,30.12382,-97.32771,57.072,,0.0,A,False,True
525,30.083786,-98.476159,12.63,,0.0,A,False,True
526,30.078514,-97.838012,78.996,,0.0,A,False,True
527,30.801051,-98.28349,24.908,,0.0,A,False,True
528,30.50391,-97.82418,167.752,,0.0,A,True,True
529,30.465163,-99.156225,0.6960000000000001,,0.0,A,False,True
530,30.225607,-98.136297,36.84,,0.0,A,False,True
531,30.338855,-97.361789,49.18,,0.0,A,False,True
532,30.280938,-98.876683,45.502,,0.0,A,False,True
533,30.657895,-97.617843,77.074,,0.0,A,False,True
534,29.476842,-97.44894,25.224,,0.0,A,True,True
535,30.33977,-99.30658,6.314,,0.0,A,False,True
536,29.69611,-97.470663,2.536,,0.0,A,False,True
537,30.560604,-97.54626,74.596,TX19;TX21;AES1,130.0,B,False,True
538,29.99911,-97.828217,123.982,,0.0,A,False,True
539,30.562557,-97.907846,157.136,,0.0,A,False,True
540,30.688543,-98.689889,13.876,,0.0,A,False,True
541,29.690184,-97.633555,16.528,,0.0,A,False,True
542,30.339695,-97.523488,59.244,,0.0,A,False,True
543,30.581216,-98.208732,37.048,,0.0,A,False,True
544,30.531427,-98.378052,13.018,,0.0,A,False,True
545,30.43963,-97.594687,203.874,,0.0,A,True,True
546,30.505414,-97.647284,127.322,H5911;H5912;H5913;H5914;GEN1;GEN2;GEN3;GEN1;GEN2;GEN3;PV;1;TX12,115.3,B,False,True
547,30.543255,-97.645202,103.85000000000001,,0.0,A,False,True
548,29.880162,-97.966164,163.68800000000002,U3,252.8,B,True,True
549,30.43072,-98.112778,28.076,,0.0,A,False,True
550,30.434638,-98.707142,0.608,,0.0,A,False,True
551,30.034449,-98.142776,27.962,,0.0,A,False,True
552,30.534424,-97.725741,117.96600000000001,,0.0,A,False,True
553,30.243032,-97.765081,102.84400000000001,,0.0,A,True,True
554,30.206851,-97.797381,126.574,1;2;GEN8;GEN10;GEN9,128.1,B,False,True
555,30.382024,-97.673638,120.07000000000001,,0.0,A,False,True
556,30.387987,-97.706848,101.15,,0.0,A,True,True
557,30.402667,-97.761038,91.802,,0.0,A,False,True
558,29.362904,-99.898132,45.414,,0.0,A,False,True
559,29.151012,-100.01587,0.452,,0.0,A,False,True
560,29.867563,-100.01853,0.188,,0.0,A,False,True
561,28.888748,-99.562652,3.528,,0.0,A,False,True
562,28.524903,-99.50848,1.754,,0.0,A,False,True
563,29.395621,-100.439985,7.348,,0.0,A,False,True
564,29.6747,-100.078588,3.052,,0.0,A,False,True
565,28.454034,-99.917847,16.490000000000002,,0.0,A,False,True
566,29.83722,-101.212436,0.424,,0.0,A,False,True
567,28.718319,-99.823476,17.580000000000002,,0.0,A,False,True
568,29.729903,-100.881337,95.986,RKSP;1,182.3,B,False,True
569,29.358463,-100.776883,1.426,,0.0,A,False,True
570,29.285285,-99.329182,2.112,,0.0,A,False,True
571,30.028067,-101.970461,0.022,,0.0,A,False,True
572,28.729787,-100.316678,114.32000000000001,,0.0,A,False,True
573,29.430007,-99.149034,28.636,,0.0,A,False,True
574,30.006991,-101.654794,0.062,,0.0,A,False,True
575,28.926452,-99.865146,2.7520000000000002,,0.0,A,False,True
576,29.815376,-99.727302,3.678,,0.0,A,False,True
577,28.951173,-100.593386,1.8760000000000001,,0.0,A,False,True
578,29.98903,-100.285177,3.472,,0.0,A,False,True
579,29.673791,-99.317226,0.628,,0.0,A,False,True
580,29.605008,-99.459791,3.29,,0.0,A,False,True
581,29.809429,-99.540242,0.248,,0.0,A,False,True
582,29.135837,-99.168888,0.98,,0.0,A,False,True
583,29.804778,-96.685899,0.628,,0.0,A,False,True
584,30.167624,-96.923038,19.13,,0.0,A,False,True
585,29.912267,-96.889573,20.776,,0.0,A,False,True
586,29.686382,-96.933775,11.954,,0.0,A,False,True
587,30.013881,-97.182098,18.436,,0.0,A,False,True
588,29.657572,-96.733177,10.58,,0.0,A,False,True
589,35.339757,-102.794987,0.34800000000000003,,0.0,A,False,True
590,35.581845,-100.068724,0.404,,0.0,A,False,True
591,35.706836,-101.398807,27.872,,0.0,A,False,True
592,35.451665,-102.140733,1.666,,0.0,A,False,True
593,35.63422,-100.231976,0.404,,0.0,A,False,True
594,35.264761,-102.127678,4.312,,0.0,A,False,True
595,36.038768,-102.003123,6.894,,0.0,A,False,True
596,35.908257,-100.285338,7.688,,0.0,A,False,True
597,35.748254,-102.213391,0.66,,0.0,A,False,True
598,35.0071,-101.394035,3.7800000000000002,,0.0,A,False,True
599,36.098125,-102.60691,22.42,,0.0,A,False,True
600,34.408048,-102.419542,9.746,,0.0,A,False,True
601,35.901966,-102.025897,30.698,,0.0,A,False,True
602,34.270256,-102.449583,2.72,,0.0,A,False,True
603,34.282885,-101.941418,0.17,,0.0,A,False,True
604,36.359771,-100.157216,1.002,,0.0,A,False,True
605,34.690472,-102.784877,10.332,,0.0,A,False,True
606,35.259837,-101.096311,1.688,,0.0,A,False,True
607,36.318349,-101.559411,4.17,,0.0,A,False,True
608,34.741356,-101.911489,2.102,,0.0,A,False,True
609,34.368347,-102.134819,2.96,,0.0,A,False,True
610,35.863315,-102.367488,1.3880000000000001,,0.0,A,False,True
611,34.914806,-102.554528,37.412,MAR1,230.4,B,False,True
612,34.361144,-101.744226,2.644,,0.0,A,False,True
613,34.408017,-102.579402,0.146,,0.0,A,False,True
614,35.374819,-100.821516,1.168,,0.0,A,False,True
615,35.246,-100.642178,2.64,,0.0,A,False,True
616,35.830763,-100.765905,1.304,,0.0,A,False,True
617,35.524915,-100.442492,0.364,,0.0,A,False,True
618,36.037941,-101.50697,0.534,,0.0,A,False,True
619,34.531086,-102.09627,1.508,,0.0,A,False,True
620,34.195546,-102.1193,4.872,,0.0,A,False,True
621,35.541234,-100.906572,40.296,,0.0,A,False,True
622,35.346662,-101.444262,7.0120000000000005,,0.0,A,False,True
623,36.269994,-100.79416,19.304000000000002,,0.0,A,False,True
624,34.169757,-101.73385,52.808,,0.0,A,False,True
625,35.20898,-100.242918,5.14,,0.0,A,False,True
626,35.74865,-101.213702,0.906,,0.0,A,False,True
627,36.24162,-101.218409,7.0920000000000005,,0.0,A,False,True
628,34.224256,-102.287745,0.33,,0.0,A,False,True
629,35.886791,-101.514898,4.216,,0.0,A,False,True
630,36.276881,-101.996725,4.042,JDW5,10.0,B,False,True
631,34.740717,-102.514426,0.052000000000000005,,0.0,A,False,True
632,36.045967,-101.783782,4.952,,0.0,A,False,True
633,36.2878,-102.913883,1.274,,0.0,A,False,True
634,34.580896,-101.697218,10.802,,0.0,A,False,True
635,35.312969,-102.446391,2.248,,0.0,A,False,True
636,34.840077,-101.5097,0.024,,0.0,A,False,True
637,34.90404,-100.20826,5.354,,0.0,A,False,True
638,35.437391,-100.196706,4.3500000000000005,,0.0,A,False,True
639,35.437786,-101.181077,2.0020000000000002,,0.0,A,False,True
640,35.152354,-102.215756,0.73,,0.0,A,False,True
641,35.106367,-101.739911,47.336,,0.0,A,False,True
642,35.109084,-102.017887,37.02,GEN1,161.0,B,False,True
643,34.437766,-100.280962,14.454,,0.0,A,False,True
644,33.753501,-100.794632,0.542,,0.0,A,False,True
645,34.90076,-100.994549,5.534,,0.0,A,False,True
646,33.899685,-99.769784,2.52,,0.0,A,False,True
647,33.665706,-100.676563,0.902,,0.0,A,False,True
648,34.702273,-100.069222,0.312,,0.0,A,False,True
649,33.906379,-101.070036,0.224,,0.0,A,False,True
650,34.230443,-100.935228,0.084,,0.0,A,False,True
651,33.961932,-101.246145,6.67,,0.0,A,False,True
652,33.710684,-100.384217,0.53,,0.0,A,False,True
653,34.655623,-100.763893,0.322,,0.0,A,False,True
654,33.774479,-100.990114,0.116,,0.0,A,False,True
655,34.041936,-100.852771,1.788,,0.0,A,False,True
656,33.994322,-100.287247,3.19,,0.0,A,False,True
657,33.877689,-101.594755,2.876,,0.0,A,False,True
658,34.304335,-99.818916,6.034,,0.0,A,False,True
659,34.349913,-101.050762,0.96,,0.0,A,False,True
660,33.900389,-100.745875,0.718,,0.0,A,False,True
661,34.457478,-101.287161,1.806,,0.0,A,False,True
662,34.447226,-100.809848,0.74,,0.0,A,False,True
663,33.857882,-101.881538,7.554,,0.0,A,False,True
664,34.019064,-102.419954,2.254,,0.0,A,False,True
665,33.804916,-102.162277,3.0100000000000002,,0.0,A,False,True
666,33.584898,-103.014508,0.218,,0.0,A,False,True
667,33.137907,-102.326183,21.544,,0.0,A,False,True
668,33.633175,-101.178516,4.064,,0.0,A,False,True
669,32.945746,-102.869403,14.694,,0.0,A,False,True
670,33.897884,-102.68249,0.116,,0.0,A,False,True
671,34.077938,-102.216144,0.126,,0.0,A,False,True
672,33.715143,-101.674963,5.782,,0.0,A,False,True
673,33.040779,-101.224823,0.14,,0.0,A,False,True
674,32.695214,-102.00957,24.618000000000002,,0.0,A,False,True
675,33.603401,-102.39884,33.654,,0.0,A,False,True
676,33.889082,-102.337301,13.182,,0.0,A,True,True
677,32.908208,-102.3366,0.9580000000000001,,0.0,A,False,True
678,33.337542,-102.33135,2.496,,0.0,A,False,True
679,33.648085,-102.824937,4.396,,0.0,A,False,True
680,34.17256,-102.78941,13.908,,0.0,A,False,True
681,32.92701,-101.764414,2.956,,0.0,A,False,True
682,33.783518,-102.581946,0.022,,0.0,A,False,True
683,33.181661,-102.876716,3.852,,0.0,A,False,True
684,33.28459,-101.342082,11.862,,0.0,A,False,True
685,33.442185,-102.195033,2.612,,0.0,A,False,True
686,32.689865,-102.724434,33.52,LAP,100.0,B,False,True
687,33.621453,-102.190786,1.334,,0.0,A,False,True
688,33.955743,-102.145171,0.138,,0.0,A,False,True
689,33.507585,-100.908386,2.966,,0.0,A,False,True
690,33.434243,-102.488401,2.976,,0.0,A,False,True
691,33.182577,-101.827198,5.97,,0.0,A,False,True
692,33.233866,-102.673105,0.03,,0.0,A,False,True
693,32.929648,-102.133506,0.492,,0.0,A,False,True
694,33.510496,-102.646424,1.102,,0.0,A,False,True
695,33.735629,-102.332216,0.188,,0.0,A,False,True
696,33.312912,-101.770523,3.18,,0.0,A,False,True
697,33.439985,-101.855477,84.708,,0.0,A,True,True
698,32.747613,-99.904852,5.07,,0.0,A,False,True
699,33.183064,-100.245133,2.594,,0.0,A,False,True
700,33.577057,-99.809712,0.614,,0.0,A,False,True
701,32.106426,-100.313408,1.11,,0.0,A,False,True
702,32.266413,-99.518894,15.602,,0.0,A,False,True
703,32.415915,-101.250314,2.834,,0.0,A,False,True
704,32.304117,-100.924392,14.902000000000001,,0.0,A,False,True
705,32.879511,-101.246784,0.452,,0.0,A,False,True
706,33.341053,-100.714732,0.134,,0.0,A,False,True
707,32.857153,-100.124111,4.572,,0.0,A,False,True
708,33.122685,-99.650389,7.126,,0.0,A,False,True
709,32.630369,-99.830593,5.122,,0.0,A,False,True
710,32.636295,-100.71688,1.746,,0.0,A,False,True
711,32.593166,-101.059439,0.45,,0.0,A,False,True
712,33.182928,-100.895056,1.25,,0.0,A,False,True
713,32.223438,-100.479835,0.376,,0.0,A,False,True
714,32.473616,-100.032549,10.46,,0.0,A,False,True
715,32.291861,-100.210748,0.048,,0.0,A,False,True
716,32.71433,-100.407773,2.638,,0.0,A,False,True
717,32.891818,-100.498206,3.468,,0.0,A,False,True
718,32.887589,-100.841389,31.416,,0.0,A,False,True
719,32.458787,-100.357939,25.366,,0.0,A,False,True
720,32.515491,-100.195108,0.88,,0.0,A,False,True
721,32.397372,-101.087816,0.39,,0.0,A,False,True
722,32.108984,-100.134588,0.436,,0.0,A,False,True
723,31.97243,-99.950305,6.298,,0.0,A,False,True
724,32.576489,-99.665323,54.77,,0.0,A,False,True
725,32.335677,-99.667488,52.066,,0.0,A,False,True
726,32.051161,-102.059536,86.238,,0.0,A,False,True
727,31.814269,-102.002454,54.708,,0.0,A,False,True
728,32.042554,-102.204703,77.288,,0.0,A,True,True
729,32.335729,-102.697303,36.454,,0.0,A,False,True
730,31.004969,-103.759065,2.058,,0.0,A,False,True
731,31.460655,-103.404137,0.93,,0.0,A,False,True
732,32.253541,-101.47264,68.908,,0.0,A,False,True
733,31.169521,-103.085135,0.458,,0.0,A,False,True
734,31.422796,-102.487774,9.238,,0.0,A,False,True
735,32.102911,-101.365434,0.898,,0.0,A,False,True
736,30.686139,-103.96015,4.088,,0.0,A,False,True
737,30.753974,-102.805469,27.272000000000002,,0.0,A,False,True
738,32.751934,-101.474837,0.374,,0.0,A,False,True
739,31.769325,-101.506391,2.556,,0.0,A,False,True
740,31.969312,-102.630882,0.394,,0.0,A,False,True
741,31.34204,-102.868447,1.234,,0.0,A,False,True
742,31.185703,-102.593762,0.678,,0.0,A,False,True
743,30.922006,-101.970261,2.724,,0.0,A,False,True
744,31.832862,-103.054925,13.566,,0.0,A,False,True
745,32.289048,-101.871764,0.984,,0.0,A,False,True
746,31.22887,-102.162001,4.83,,0.0,A,False,True
747,31.802991,-103.601477,0.234,,0.0,A,False,True
748,31.517628,-101.918007,0.20600000000000002,,0.0,A,False,True
749,31.855051,-102.350647,67.91,,0.0,A,False,True
750,31.422363,-103.627309,28.53,,0.0,A,False,True
751,31.484586,-103.161046,0.34800000000000003,,0.0,A,False,True
752,31.176246,-101.923824,2.23,,0.0,A,False,True
753,31.061959,-103.592093,0.254,,0.0,A,False,True
754,30.596998,-101.78453,0.534,,0.0,A,False,True
755,32.149838,-101.826743,8.608,,0.0,A,False,True
756,32.321673,-102.042298,0.558,,0.0,A,False,True
757,31.327482,-103.906799,0.25,,0.0,A,False,True
758,31.714874,-103.157617,2.0460000000000003,,0.0,A,False,True
759,29.802094,-103.22236,15.912,,0.0,A,False,True
760,29.182799,-103.262437,0.404,,0.0,A,False,True
761,31.333177,-105.902546,4.364,,0.0,A,False,True
762,30.085732,-103.11774,0.794,,0.0,A,False,True
763,30.285296,-104.005761,4.914,,0.0,A,False,True
764,29.888044,-104.519138,8.634,,0.0,A,False,True
765,29.387969,-103.990395,0.046,,0.0,A,False,True
766,31.835905,-105.052957,0.18,,0.0,A,False,True
767,30.261302,-102.301073,1.67,,0.0,A,False,True
768,31.278279,-105.31166,3.378,,0.0,A,False,True
769,29.39623,-103.617232,1.352,,0.0,A,False,True
770,30.59127,-104.660157,0.35000000000000003,,0.0,A,False,True
771,31.09348,-104.624514,4.216,,0.0,A,False,True
772,31.707231,-106.326563,102.416,,0.0,A,False,True
773,31.848583,-106.534316,159.722,,0.0,A,False,True
774,31.902442,-106.413245,119.632,,0.0,A,False,True
775,31.631426,-106.160065,124.688,,0.0,A,False,True
776,31.950669,-106.433518,52.72,,0.0,A,False,True
777,31.776593,-106.296976,217.336,,0.0,A,False,True
778,31.829712,-105.971362,166.65200000000002,,0.0,A,True,True
779,30.77571655555555,-98.62128529629634,0.0,,0.0,A,False,True
780,29.74548450419664,-95.48149424488102,130.104,,0.0,A,True,True
781,29.765354127432722,-95.41051889922282,124.552,,0.0,A,False,True
782,29.40477496173733,-98.6289085978319,112.172,,0.0,A,True,True
783,32.936019020579145,-96.79236275132219,114.58200000000001,,0.0,A,True,True
784,32.83305109593191,-96.78053271854176,128.758,,0.0,A,False,True
785,32.79392129204805,-96.79436558396345,135.69,,0.0,A,False,True
786,29.730256815933476,-95.31466254707226,92.836,,0.0,A,True,True
787,29.651945369782467,-95.52997158487783,89.458,,0.0,A,False,True
788,35.160493969344124,-101.88141300875657,126.762,,0.0,A,True,True
789,30.301690253137696,-97.73241565635814,132.9,,0.0,A,False,True
790,32.734595534070905,-97.27079017671612,79.54,,0.0,A,False,True
791,29.72060609967604,-95.41705327830181,111.742,,0.0,A,False,True
792,29.9549668750772,-93.89966717090562,106.866,,0.0,A,False,True
793,32.846635796693334,-97.13462255327511,98.226,,0.0,A,False,True
794,29.683205913458337,-95.4210854656607,108.156,,0.0,A,False,True
795,29.714318879252595,-95.36101406872383,128.98,,0.0,A,False,True
796,32.66274958561455,-96.85369386727909,108.86,,0.0,A,True,True
797,32.714805704448096,-97.33222329502351,105.97800000000001,,0.0,A,True,True
798,29.83982876718085,-95.43114246718083,112.8,,0.0,A,False,True
799,29.84752143318032,-95.38102773181613,123.736,,0.0,A,False,True
800,29.545940768323284,-98.27433080701917,128.334,,0.0,A,False,True
801,32.981481644390826,-96.79345058959714,130.964,,0.0,A,True,True
802,32.70907998184219,-96.84892448299767,109.044,8,580.5,B,True,True
803,32.97379799659399,-96.65420819006724,137.404,,0.0,A,False,True
804,29.99069557927717,-95.47047732037892,94.794,,0.0,A,False,True
805,29.63032654760441,-95.19112090796159,123.644,GEN1;GEN2;GEN3;GEN1;GEN2;GEN3;H0541;H0542;H0543;GEN1;GEN2;GEN3;GEN1;GEN2;GEN3;H7691;H7692;H7693;TG2;GEN1;GEN2;GEN3;GEN1;CTG2,229.7,B,False,True
806,29.7853075661923,-95.32086595335923,94.724,,0.0,A,False,True
807,28.938680574144488,-97.92274706463878,1.052,,0.0,A,False,True
808,32.67870905613056,-97.09055454962524,123.284,,0.0,A,False,True
809,30.34985465033519,-97.75074172645849,108.298,PV1;5C,191.8,B,False,True
810,29.325881163424814,-98.46868834071299,56.552,,0.0,A,False,True
811,30.47444836179815,-97.75456993272695,114.34,1;2;3;PSF,252.0,B,True,True
812,32.46267506564552,-96.40422902538293,9.14,,0.0,A,False,True
813,29.674075852150004,-95.2090523797102,110.558,,0.0,A,False,True
814,32.75075079734899,-96.82564102084409,96.718,,0.0,A,False,True
815,32.65940056041131,-96.9209951031491,112.032,,0.0,A,False,True
816,30.314081592515127,-97.692328110833,116.662,,0.0,A,False,True
817,29.748375541657406,-95.3730754707297,98.974,,0.0,A,False,True
818,29.48613056985672,-98.45446183604378,99.246,,0.0,A,False,True
819,32.71014988423176,-97.14784147921426,105.072,,0.0,A,False,True
820,30.439797940200698,-97.70737350747491,107.426,,0.0,A,True,True
821,29.62264933570443,-95.58346117364424,120.33800000000001,,0.0,A,False,True
822,29.60680539604854,-95.50601680659386,115.19800000000001,,0.0,A,True,True
823,29.700587684468843,-95.13722110137738,113.694,,0.0,A,False,True
824,29.4094431190137,-98.46408692560469,127.75,,0.0,A,True,True
825,29.677936431491712,-95.31755890939226,133.94,,0.0,A,False,True
826,29.686316647201625,-95.47258747283176,105.45400000000001,,0.0,A,True,True
827,29.936699349915397,-95.444074503461,130.02,,0.0,A,False,True
828,29.699985189743593,-95.26009116068376,105.3,,0.0,A,False,True
829,32.770153617078435,-96.74983447152795,83.38,,0.0,A,True,True
830,29.557441788328354,-95.12506248655363,136.022,,0.0,A,False,True
831,32.8007236165111,-97.18372077982707,133.704,,0.0,A,True,True
832,32.8510762080729,-97.235747551533,121.592,,0.0,A,True,True
833,32.87901217922709,-97.19995539612408,88.134,,0.0,A,False,True
834,32.863718089327726,-96.70569587246024,112.21600000000001,,0.0,A,False,True
835,31.787741133461157,-106.34840200092444,116.828,,0.0,A,False,True
836,30.26621690643406,-97.71333751094683,98.476,,0.0,A,False,True
837,32.87047817376971,-96.76255319053807,126.19,,0.0,A,False,True
838,32.89737233678756,-96.66424834886767,137.416,,0.0,A,False,True
839,32.79315890297308,-97.28086723985535,109.516,,0.0,A,False,True
840,32.82791773537045,-96.82808542153165,115.58800000000001,,0.0,A,False,True
841,33.21189349154754,-97.14727979022126,131.796,,0.0,A,False,True
842,30.29534009456304,-97.79115280261841,95.936,,0.0,A,False,True
843,32.75827036034559,-97.39311763781032,117.132,,0.0,A,False,True
844,29.414685911067274,-98.57096301217842,99.35600000000001,CGT2;CGT3;CGT4,172.2,B,True,True
845,31.84287035965285,-106.46472700750195,122.36800000000001,DEPIC;9541;9542;3001;3002;3003;1,105.7,B,False,True
846,29.79113941519132,-95.59509073750066,115.566,,0.0,A,True,True
847,32.9203712449285,-96.55105825637347,128.266,,0.0,A,False,True
848,29.967486982415412,-95.51248112137698,115.44200000000001,,0.0,A,False,True
849,29.85006106746752,-95.28597461933101,126.69800000000001,,0.0,A,False,True
850,32.65581185444945,-97.33251635581868,101.518,HY1;GEN1;GEN2;GEN3;CLFK1;CLFK2;CLFK3;GEN1;GEN2;GEN3;5,459.9,B,True,True
851,32.683596927285464,-97.40217074844972,99.98,,0.0,A,False,True
852,30.653114954899028,-96.33736701720268,80.22,,0.0,A,True,True
853,31.130141065425914,-97.74724451324266,83.82000000000001,,0.0,A,False,True
854,29.50177943078445,-98.38311177723503,131.43,,0.0,A,False,True
855,31.055005392203487,-97.63802963392739,74.854,,0.0,A,False,True
856,32.6952005503549,-96.61457628929122,97.21000000000001,,0.0,A,True,True
857,32.60292388006471,-97.4049436267139,129.82,,0.0,A,True,True
858,33.399304234946875,-95.67956689374262,6.776,,0.0,A,False,True
859,30.129038309079665,-95.49697604699577,135.842,,0.0,A,False,True
860,27.713337824459394,-97.3603313785789,135.866,,0.0,A,True,True
861,31.986810976087146,-102.10335885416994,114.75,,0.0,A,True,True
862,29.922672669968144,-95.39617462754312,126.812,GEN1;GEN2;GEN3;51,86.2,B,True,True
863,28.112217980815586,-97.04615143717356,39.824,,0.0,A,False,True
864,32.804089598338685,-97.0903382958232,127.61,PV1;TG1;TG2;GEN1;GEN2;GEN3;GEN1;GEN2;GEN3;GEN1;GEN2;GEN3;3,420.2,B,False,True
865,34.93777477429984,-101.91605343657332,46.132,UT-1;MT-1;ASTRA,166.5,B,True,True
866,29.626511519485426,-95.3840136273313,100.58800000000001,,0.0,A,False,True
867,27.791525841318613,-97.7431289835589,48.172000000000004,,0.0,A,False,True
868,32.35715135795925,-97.32795065164818,48.296,,0.0,A,False,True
869,32.87919925072754,-96.9747261455467,101.026,,0.0,A,True,True
870,31.543839550517298,-97.16668708797285,123.72,,0.0,A,False,True
871,29.2985339218174,-98.50184646574712,130.208,,0.0,A,True,True
872,30.203019920248924,-97.8672943802212,118.268,,0.0,A,False,True
873,29.76948097342341,-95.24315996428038,93.842,ST-1,285.0,B,False,True
874,32.79931563084571,-97.35351381847829,126.33200000000001,,0.0,A,False,True
875,32.75370035558781,-97.11312700834542,99.21600000000001,,0.0,A,False,True
876,29.564009981913802,-95.46657359851206,109.144,,0.0,A,False,True
877,29.619934727529643,-95.284663989863,130.216,,0.0,A,True,True
878,32.65866413503769,-97.17180196358207,109.836,,0.0,A,True,True
879,29.94600317641638,-95.25802749651118,136.722,,0.0,A,False,True
880,29.996444997054038,-95.38599189582504,110.66,GEN1;GEN2;GEN3;GEN1;GEN2;GEN3;CUT1;CUT10;CUT11;CUT12;CUT13;CUT14;CUT15;CUT2;CUT3;CUT4;CUT5;CUT6;CUT7;CUT8;CUT9;GEN1;GEN2;GEN3;GE N3;GEN1;GEN2;3;4,240.0,B,False,True
881,26.142666029924754,-98.24562839847782,69.374,,0.0,A,True,True
882,29.587331385583095,-98.49632568439426,127.184,RANCH;STG1,211.8,B,True,True
883,33.22037106034819,-97.08330541517684,102.47200000000001,,0.0,A,False,True
884,31.433565358333333,-100.14385467500001,0.24,,0.0,A,False,True
885,32.598824944058336,-96.97019609834065,134.39000000000001,GEN1;GEN2;GEN3;GEN1;GEN2;GEN3;GEN1;GEN2;GEN3;7,139.6,B,False,True
886,29.093278070588234,-95.90402378117646,3.4,,0.0,A,False,True
887,30.056142874460242,-95.14008081839917,81.982,,0.0,A,False,True
888,30.22924672993189,-97.71248845396497,98.664,,0.0,A,False,True
889,30.16289082784475,-97.72949230942814,137.376,,0.0,A,False,True
890,32.93190140417408,-96.86882732223745,137.228,,0.0,A,False,True
891,29.69406666111669,-96.55993355332282,13.934000000000001,,0.0,A,False,True
892,31.55775359341432,-94.5050484683504,31.28,,0.0,A,False,True
893,31.1157511658501,-97.3987392071909,131.44400000000002,,0.0,A,False,True
894,27.643875099836865,-97.2621542188907,61.300000000000004,,0.0,A,False,True
895,31.775339145656858,-106.45874494138307,135.524,,0.0,A,False,True
896,33.08851270191157,-97.0469721645105,103.58,,0.0,A,False,True
897,32.61378408093704,-97.07921281988773,98.694,,0.0,A,True,True
898,30.163085646708968,-97.82850136321514,115.678,,0.0,A,True,True
899,30.19774869995243,-95.49913963536903,109.316,,0.0,A,False,True
900,29.20180490048014,-98.80655961274553,22.91,,0.0,A,False,True
901,29.49183181003258,-98.5886587785071,125.232,,0.0,A,False,True
902,36.30302048,-101.01763,0.3,,0.0,A,False,True
903,33.87765233817093,-98.51613535411548,122.926,,0.0,A,False,True
904,29.732210854726553,-95.64712749548957,127.70400000000001,,0.0,A,True,True
905,30.412405226655803,-97.81762785805412,115.382,,0.0,A,False,True
906,30.212770423501578,-98.59866285410095,2.536,,0.0,A,False,True
907,31.426889206965985,-97.75188979367665,46.684,,0.0,A,True,True
908,30.181922121040724,-96.76287835633484,3.536,,0.0,A,False,True
909,29.470239812475196,-98.79868480969722,85.674,,0.0,A,False,True
910,27.62104405343956,-97.75445089253789,10.292,,0.0,A,False,True
911,30.081178083625385,-94.15460687268065,131.826,,0.0,A,False,True
912,33.66064738777174,-97.17817251745923,58.88,,0.0,A,False,True
913,26.194870397038827,-97.75055924490105,79.428,,0.0,A,False,True
914,30.210586796520573,-95.6496568343928,89.67,H7671;H7672;H7673;GEN1;GEN2;GEN3;H5941;H5942;H5943;GEN1;GEN2;GEN3;GEN1;GEN2;GEN3;H0991;H0992;H0993;H0201;H0202;H0203;GEN1;GEN2;GEN3;2,281.0,B,False,True
915,33.465378204692755,-101.95451535791773,115.412,,0.0,A,False,True
916,32.13978232799014,-99.79318237114673,3.244,,0.0,A,False,True
917,32.70766430120106,-95.83527643066603,12.822000000000001,,0.0,A,False,True
918,30.46678911801242,-94.81612660869565,0.322,,0.0,A,False,True
919,32.438486275270094,-94.67682098756845,54.056000000000004,,0.0,A,False,True
920,29.249534169014083,-95.30318876079055,8.804,,0.0,A,False,True
921,32.89757062508106,-96.83201392572455,120.282,,0.0,A,False,True
922,29.408381457597173,-97.5869333268551,1.1320000000000001,,0.0,A,False,True
923,32.993988738265614,-96.59653745045483,98.94,,0.0,A,False,True
924,33.651859551072725,-96.70083001451681,53.042,,0.0,A,False,True
925,32.39930792678152,-98.79634582850431,10.216000000000001,,0.0,A,False,True
926,32.8731762779111,-97.11236145100558,129.178,,0.0,A,True,True
927,29.568459568359533,-98.20852865911993,100.264,,0.0,A,False,True
928,30.053825445927494,-93.8600584915429,71.774,4,591.6,B,True,True
929,29.777076274139848,-95.4272767709071,113.526,,0.0,A,False,True
930,29.346775372900108,-98.87460876048686,19.882,H0851;H0852;H0853;H0854;UNIT1;UNIT2;UNIT3;UNIT4;1;2;BA1;PV1;CGT1,89.0,B,True,True
931,29.385779071862977,-94.95492330880968,125.294,,0.0,A,True,True
932,26.547903352380956,-99.11450304761905,1.05,,0.0,A,False,True
933,29.780151695704145,-96.1809494897273,26.77,,0.0,A,False,True
934,32.77600108161734,-96.61190668044154,127.914,GEN1;GEN2;GEN3;GEN1;GEN2;GEN3;2,533.4,B,True,True
935,32.80353709468599,-97.50615334375544,126.27,,0.0,A,True,True
936,32.538083863606715,-96.78920221010262,125.71000000000001,,0.0,A,True,True
937,29.253037436317992,-97.9247020530544,11.950000000000001,,0.0,A,False,True
938,29.93136979982744,-98.5490842096635,4.636,,0.0,A,False,True
939,31.808100190854866,-98.38288070377735,2.012,,0.0,A,False,True
940,33.01217902001863,-96.52901045288202,126.682,,0.0,A,False,True
941,32.28020344827586,-98.19735175862068,61.712,BWIND;1,153.3,B,True,True
942,28.753482304347823,-95.86554678260869,1.84,,0.0,A,False,True
943,30.251577781185805,-95.32989185748116,70.096,,0.0,A,False,True
944,29.221130072262003,-98.64270561449219,30.168,,0.0,A,False,True
945,33.41697094029076,-96.260177028297,15.408,,0.0,A,False,True
946,33.37822447298617,-94.13878788850049,77.812,,0.0,A,False,True
947,31.067899996901144,-96.12787005515959,6.454,,0.0,A,False,True
948,29.366265996865803,-98.54601213464245,125.072,1;1;1;3,260.7,B,False,True
949,28.849693383157895,-96.4108252568421,0.9500000000000001,,0.0,A,False,True
950,28.48669528782288,-96.92630678720786,1.6260000000000001,,0.0,A,False,True
951,29.472134456662516,-95.02072078166971,125.388,DIKN;BCGT1,81.10000000000001,B,False,True
952,29.649588205287618,-98.40706467314541,99.402,,0.0,A,False,True
953,28.609909077052208,-96.61699489994963,35.742,,0.0,A,False,True
954,31.92552062274713,-102.33396740730628,131.832,GEN1;GEN2;GEN3;ODSA;NMF1;NMF10;NMF11;NMF12;NMF13;NMF14;NMF15;NMF2;NMF3;NMF4;NMF5;NMF6;NMF7;NMF8;NMF9;STG1,244.5,B,True,True
955,32.25335096767001,-96.71674659977704,1.794,TXEB1,134.7,B,False,True
956,26.00084507683048,-97.4656761196835,124.61200000000001,,0.0,A,False,True
957,32.714661922685536,-97.78633450361515,104.56,,0.0,A,False,True
958,33.50230672843211,-97.5282654643661,2.666,,0.0,A,False,True
959,29.050532692610577,-95.44456799645621,91.428,,0.0,A,False,True
960,26.29486725568055,-98.50314069242741,44.978,,0.0,A,False,True
961,32.55868278949134,-94.7249900148027,95.388,,0.0,A,False,True
962,32.28134618290586,-95.54717938607641,26.746000000000002,,0.0,A,False,True
963,33.037308154215985,-97.03826048108282,130.622,,0.0,A,False,True
964,33.49544068407751,-95.36328577085088,4.748,,0.0,A,False,True
965,33.510354046783625,-96.9013966140351,10.602,,0.0,A,False,True
966,33.96691283952254,-98.96285568355437,7.54,,0.0,A,False,True
967,29.797402469881806,-95.10145700958844,84.268,,0.0,A,False,True
968,27.89278688572884,-97.18653684557262,47.116,,0.0,A,False,True
969,31.984417018461535,-99.68719804615384,0.65,,0.0,A,False,True
970,33.00776715598886,-98.04978338625811,2.154,,0.0,A,False,True
971,29.251410817500002,-95.941969345,5.6000000000000005,,0.0,A,False,True
972,32.642225431614456,-96.75330139163053,124.5,,0.0,A,False,True
973,33.4831079566787,-99.62400564981951,3.878,,0.0,A,False,True
974,31.745961791524895,-97.08932214362306,19.398,,0.0,A,False,True
975,32.40252906618221,-99.80071019391596,115.318,H0701;H0702;H0703;GEN1;GEN2;GEN3;1,202.4,B,True,True
976,28.44265667942584,-96.55143207655503,7.106,,0.0,A,True,True
977,27.772131046802052,-97.44935181812488,105.38,,0.0,A,True,True
978,32.995485343524166,-97.13726417685201,121.22,,0.0,A,False,True
979,29.722480933991672,-98.47508411802698,80.202,,0.0,A,False,True
980,32.29446717236416,-94.16973626412378,5.558,,0.0,A,False,True
981,33.31134664361703,-94.31091951702128,9.4,,0.0,A,False,True
982,33.22212757990244,-94.81004504156097,10.25,,0.0,A,False,True
983,30.695393145554025,-97.76955336721029,132.322,,0.0,A,True,True
984,29.896424673138053,-98.23742154354736,40.898,,0.0,A,False,True
985,29.792743435775684,-94.85953020225132,48.86,,0.0,A,False,True
986,26.335598566979193,-97.99210129352846,43.730000000000004,,0.0,A,False,True
987,29.67467418382914,-97.78162316018306,5.244,,0.0,A,False,True
988,32.23105509774437,-95.34317932957393,113.316,,0.0,A,False,True
989,33.743143051681024,-96.92388438760767,21.594,,0.0,A,False,True
990,33.24582641151141,-97.30630032725708,27.868000000000002,,0.0,A,False,True
991,28.879889019417472,-97.68273151537217,4.944,,0.0,A,False,True
992,33.492528204719065,-96.4125852758445,11.782,,0.0,A,False,True
993,32.33713465159158,-95.31349797738005,136.782,,0.0,A,False,True
994,30.31168644475299,-97.62718918345833,120.278,GT1;GT2;GT3;GT4;GEN1;GEN2;GEN3;PFPKB;KBESS;CT1;C02;5A,419.4,B,False,True
995,33.54443093825258,-101.87481833608065,133.706,,0.0,A,False,True
996,32.23172451164958,-96.46874111929169,6.438,,0.0,A,False,True
997,33.08599796823529,-95.7813341082353,8.5,,0.0,A,True,True
998,29.3974718116057,-98.37845502850877,128.592,SAD10;SAD11;SAD12;SAD13;SAD14;SAD15;SAD16;SADC1;SADC2;SADC3;SADC4;SADC5;SADC6;SADC7;SADC8;SADC9;1;1;CPS1;1,471.7,B,True,True
999,30.420626901659496,-94.67821626429011,3.254,,0.0,A,False,True
1000,30.29112063957556,-97.91484306245432,104.044,,0.0,A,False,True
1001,27.723544141779843,-98.1337853167266,57.286,,0.0,A,False,True
1002,30.921203084587816,-97.37779320501791,11.16,,0.0,A,False,True
1003,28.585636387673958,-97.81070248442677,3.0180000000000002,,0.0,A,False,True
1004,28.239559862256456,-97.65662920842773,4.414,,0.0,A,False,True
1005,30.68016886450153,-96.41003877771861,90.156,7;TAM10;TAM11;TAM12;TAM13;TAM14;TAM15;TAM16;TAM17;TAM18;TAM19;TAM20;TAM21;TAM22;TAM23;TAM24;TAMU1;TAMU2;TAMU3;TAMU4;TAMU5;TAMU6;TAMU7;TAMU8;TAMU9;1,136.59999999999997,B,True,True
1006,26.488148897551888,-97.73714545316658,30.064,,0.0,A,False,True
1007,31.61813767182626,-106.25846157559954,119.26,,0.0,A,True,True
1008,28.898313257861634,-96.83550029845627,6.996,,0.0,A,False,True
1009,33.72533198844884,-95.74122272343234,6.0600000000000005,,0.0,A,False,True
1010,33.0351331171514,-95.41797497390596,7.3580000000000005,,0.0,A,False,True
1011,34.90590622105263,-102.14414743157894,0.19,,0.0,A,False,True
1012,29.343307544680073,-95.0773725501567,65.734,,0.0,A,False,True
1013,30.13320989441536,-95.2311690213787,128.352,,0.0,A,False,True
1014,33.46108755989584,-101.6486934921875,16.128,,0.0,A,False,True
1015,30.33705169161126,-95.41461547206112,113.104,,0.0,A,False,True
1016,30.395240291087212,-97.93512227183304,100.238,,0.0,A,False,True
1017,29.19035787458609,-98.44655007201987,38.656,,0.0,A,False,True
1018,28.78662616114268,-97.00019025129967,115.798,,0.0,A,False,True
1019,31.768593725894018,-106.37883542790824,101.676,,0.0,A,False,True
1020,31.5083048372093,-98.1172698372093,2.838,,0.0,A,False,True
1021,30.642625817869416,-94.14450109507446,3.492,,0.0,A,False,True
1022,31.891506657750853,-106.59172973594076,121.806,,0.0,A,False,True
1023,31.463657095544228,-94.89585103303038,9.022,,0.0,A,False,True
1024,30.26530744942701,-94.54432858794222,4.014,,0.0,A,False,True
1025,33.69528096250986,-95.2989254510655,10.136000000000001,,0.0,A,False,True
1026,31.894601565266736,-96.62092217253122,5.2860000000000005,,0.0,A,False,True
1027,32.04263190888031,-95.52151422826253,12.950000000000001,,0.0,A,False,True
1028,30.402611863115183,-96.49456557064738,11.338000000000001,,0.0,A,False,True
1029,32.136789966837306,-96.05252037947919,17.972,,0.0,A,False,True
1030,28.775083082674847,-96.23402179219248,16.958000000000002,,0.0,A,False,True
1031,33.67309921600567,-97.37308727939094,5.648,,0.0,A,False,True
1032,33.207091041751944,-94.11043096070405,9.772,,0.0,A,False,True
1033,30.583753908685967,-94.40990092427616,7.184,,0.0,A,False,True
1034,35.20848091829527,-101.90038583347972,109.296,,0.0,A,True,True
1035,32.06902739161457,-94.83151058756894,27.19,,0.0,A,False,True
1036,32.26436170989621,-95.77702889312506,19.462,,0.0,A,False,True
1037,28.938514556794566,-97.020520583114,57.752,,0.0,A,False,True
1038,26.620529033333334,-98.48167803333332,1.2,,0.0,A,False,True
1039,33.18303465546772,-94.56569349934124,6.072,,0.0,A,False,True
1040,27.715714656469096,-97.40365804209945,123.232,,0.0,A,True,True
1041,30.7637422621405,-97.42046218717586,8.484,,0.0,A,False,True
1042,29.85023017302142,-97.82387284323256,13.166,,0.0,A,False,True
1043,32.083366776992285,-96.53266688962081,62.24,TXBC1;GEN1;GEN2,127.80000000000001,B,False,True
1044,29.84763251953125,-94.668848375,3.072,,0.0,A,False,True
1045,32.41882858466378,-97.16416408297152,58.502,STK1,289.0,B,False,True
1046,33.77752407597536,-96.06619432032855,3.896,,0.0,A,False,True
1047,30.090753204810976,-95.99979223207117,66.764,,0.0,A,False,True
1048,32.85719923689052,-94.71504502069916,13.044,,0.0,A,False,True
1049,29.686482534317985,-95.2311402675934,128.912,,0.0,A,False,True
1050,36.16796263402693,-100.12834954834761,1.6340000000000001,,0.0,A,False,True
1051,31.532003679083093,-99.45951648424068,0.6980000000000001,,0.0,A,False,True
1052,33.17086698093043,-96.55416483452183,111.906,,0.0,A,False,True
1053,32.445769721378355,-95.26378580091432,40.686,,0.0,A,False,True
1054,34.18094453638814,-101.38514243396226,4.452,,0.0,A,False,True
1055,29.614433420138283,-95.09641844632246,127.558,,0.0,A,True,True
1056,32.34539063691073,-97.96059067602809,9.97,,0.0,A,False,True
1057,32.442953288574145,-97.7540199847021,109.296,,0.0,A,False,True
1058,34.04939231866953,-98.21774821888413,1.864,,0.0,A,False,True
1059,26.05955759941234,-97.81890647502448,2.0420000000000003,,0.0,A,False,True
1060,28.945877107744106,-96.22868035016835,0.594,,0.0,A,False,True
1061,32.714332399999996,-100.21295106153846,0.65,,0.0,A,False,True
1062,29.876196952662724,-97.05728299526628,3.38,,0.0,A,False,True
1063,29.887207854513406,-95.53856176976711,128.218,,0.0,A,False,True
1064,28.81748020835381,-96.56237489729729,4.07,,0.0,A,False,True
1065,34.04025235269419,-101.93688916270119,5.716,,0.0,A,False,True
1066,29.344217829814625,-97.76224035324407,7.768,,0.0,A,False,True
1067,29.906253196428572,-97.409888,6.944,,0.0,A,False,True
1068,29.12144320828865,-95.7313399629723,31.706,,0.0,A,False,True
1069,31.61065711907594,-100.5568378093032,63.892,,0.0,A,False,True
1070,28.81559091800275,-98.6294640316079,17.464,,0.0,A,False,True
1071,33.80522490163934,-96.74306229497951,19.52,,0.0,A,False,True
1072,33.64529288549103,-95.56803414379671,71.156,,0.0,A,False,True
1073,29.266175434871375,-95.69383869171091,4.898,,0.0,A,False,True
1074,34.85684540413852,-100.50938118074325,4.736,,0.0,A,False,True
1075,33.50443882240161,-95.75821562815338,3.964,,0.0,A,False,True
1076,31.28479613343799,-93.98741391732078,7.644,,0.0,A,False,True
1077,31.623767193612945,-97.152459125265,117.926,,0.0,A,True,True
1078,29.50559530290995,-98.44988370818236,126.394,,0.0,A,False,True
1079,30.128715036404394,-97.55739143752523,89.22,,0.0,A,True,True
1080,33.50089508347887,-96.69891690592618,17.178,,0.0,A,False,True
1081,28.89054937196262,-97.33911189158879,1.07,,0.0,A,False,True
1082,33.27679521079691,-95.446228874036,3.112,,0.0,A,False,True
1083,29.34109003593786,-98.64300617779983,104.792,,0.0,A,False,True
1084,33.60934268524441,-96.37300167138724,13.134,,0.0,A,False,True
1085,31.467278720156557,-106.1346161369863,14.308,,0.0,A,False,True
1086,31.488745205711105,-100.40433607967292,93.432,,0.0,A,False,True
1087,30.203288251592358,-93.80407644267515,45.216,,0.0,A,False,True
1088,32.65500715350842,-97.233045316197,125.27,,0.0,A,False,True
1089,30.172773803735492,-97.97355919694506,52.898,,0.0,A,False,True
1090,30.33322323012962,-98.4124801912448,8.178,,0.0,A,False,True
1091,32.882334017796154,-95.791719655222,22.252,,0.0,A,False,True
1092,32.93822640857565,-94.13528620847707,4.058,,0.0,A,False,True
1093,31.958583919551433,-96.93446483276449,4.102,,0.0,A,False,True
1094,30.773622851311956,-95.34443177551022,1.372,,0.0,A,False,True
1095,31.460704457595142,-97.12303712160217,125.08,1080;AB1;AB10;AB11;AB12;AB13;AB14;AB2;AB3;AB4;AB5;AB6;AB7;AB8;AB9;S01,1018.6,B,True,True
1096,33.29695783254345,-98.46301212796209,1.266,,0.0,A,False,True
1097,30.19191705035192,-95.5026312930157,129.29,,0.0,A,False,True
1098,31.512935983283477,-95.43801114006686,11.366,,0.0,A,False,True
1099,32.51397502767088,-94.86172724724614,98.226,,0.0,A,False,True
1100,27.392497332402233,-98.1903586944134,7.16,,0.0,A,False,True
1101,29.512482042398396,-96.11987360863021,7.972,,0.0,A,False,True
1102,26.463345120481925,-98.00059638363983,3.154,,0.0,A,True,True
1103,32.1764054003118,-97.3665648084185,11.546,,0.0,A,False,True
1104,34.90633604174229,-100.67856349183302,1.102,,0.0,A,False,True
1105,29.505351093655587,-96.61589253474321,2.648,,0.0,A,False,True
1106,31.856666179948586,-100.27127464524422,3.112,,0.0,A,False,True
1107,31.698892724411284,-96.92847362765212,8.578,,0.0,A,False,True
1108,30.179778075476637,-94.1642309461411,91.684,,0.0,A,False,True
1109,29.67611001056005,-98.63954685055695,103.598,,0.0,A,False,True
1110,29.557525055800294,-94.42123608663731,1.362,,0.0,A,False,True
1111,31.240967484809897,-97.23522437520465,21.988,,0.0,A,False,True
1112,30.74524824235224,-94.38369205776657,26.936,,0.0,A,False,True
1113,32.286610283450216,-94.51035827096773,14.26,,0.0,A,False,True
1114,33.39577645724654,-95.14921748083465,8.818,,0.0,A,False,True
1115,32.60066143995063,-95.67167629981961,21.066,,0.0,A,False,True
1116,29.482667292359444,-95.6800448834732,114.154,,0.0,A,False,True
1117,32.28639795338052,-97.12922545936051,16.388,,0.0,A,False,True
1118,30.49300755738163,-95.38187984161274,42.958,,0.0,A,False,True
1119,32.21766357246377,-98.75870801449275,4.692,,0.0,A,False,True
1120,32.46125435773711,-97.44783513617455,52.888,,0.0,A,False,True
1121,33.53982836633663,-94.80763327722772,6.2620000000000005,,0.0,A,False,True
1122,33.289770496098626,-96.97981510563737,86.636,,0.0,A,False,True
1123,29.308653783978045,-96.09449839244641,30.608,,0.0,A,False,True
1124,32.49761564582361,-96.644467206564,25.716,,0.0,A,False,True
1125,30.95310055831266,-99.0896408585608,0.806,,0.0,A,False,True
1126,33.408170909090906,-97.70338456363636,9.24,,0.0,A,False,True
1127,33.57487980084213,-96.16080616528407,31.824,,0.0,A,False,True
1128,30.600945081263063,-97.18940773392153,8.614,,0.0,A,False,True
1129,30.878074866724738,-97.60055252115481,32.144,,0.0,A,False,True
1130,29.974843880905787,-96.67244615767403,7.154,,0.0,A,False,True
1131,29.421477071482318,-96.50229760120392,2.658,,0.0,A,False,True
1132,27.91672079253796,-97.3639752909098,50.978,,0.0,A,False,True
1133,32.370678953443225,-96.81449214867106,113.324,,0.0,A,False,True
1134,28.612385,-97.98244890322582,0.248,,0.0,A,False,True
1135,33.271493503303255,-96.79402190211086,99.296,,0.0,A,False,True
1136,33.39028468696067,-97.19517503952324,41.95,,0.0,A,False,True
1137,30.061445669358456,-99.55408230551816,4.458,,0.0,A,False,True
1138,30.90437344801085,-97.19503356374322,8.848,,0.0,A,False,True
1139,28.57703820805369,-98.37544219463086,0.894,,0.0,A,False,True
1140,29.7490833245283,-96.38751897075473,4.24,,0.0,A,False,True
1141,32.07528449748407,-96.7711000979537,5.962,,0.0,A,False,True
1142,30.41383875295059,-97.03205373254652,9.998,,0.0,A,False,True
1143,35.61628749446495,-101.54844160516603,10.84,,0.0,A,False,True
1144,30.825569508946323,-95.14502034791252,15.09,,0.0,A,False,True
1145,26.158062994955504,-97.89645768749041,104.272,,0.0,A,False,True
1146,29.54597017189044,-97.94343641250722,107.266,,0.0,A,False,True
1147,33.93712004416213,-102.96105820508167,3.306,,0.0,A,False,True
1148,32.32171013932813,-99.91543732076687,58.94,,0.0,A,False,True
1149,33.067422709283456,-96.12686854179178,49.292,,0.0,A,False,True
1150,28.649718855886665,-96.87426072642893,4.094,,0.0,A,False,True
1151,30.365756404970067,-95.52070011760277,108.892,1,271.4,B,True,True
1152,33.39373691007371,-99.85600834791155,4.07,,0.0,A,False,True
1153,29.287238652950343,-94.82462198392798,105.276,,0.0,A,False,True
1154,30.04130205218398,-99.17595354405806,89.836,,0.0,A,True,True
1155,31.412450318943627,-94.37699692280344,3.938,,0.0,A,False,True
1156,27.854227713886523,-97.59727362070223,65.848,,0.0,A,False,True
1157,31.815957958976284,-96.40328101881822,5.314,,0.0,A,False,True
1158,31.289571020007845,-96.18486533071791,10.196,,0.0,A,True,True
1159,33.03424046277205,-96.8009863008782,136.18800000000002,,0.0,A,False,True
1160,30.571825119375575,-97.38832117152386,41.382,,0.0,A,False,True
1161,31.857104807780086,-95.88416832707469,19.28,,0.0,A,False,True
1162,32.93285395391705,-97.71955079004235,64.232,,0.0,A,True,True
1163,32.11553416888331,-96.22538962885822,7.97,,0.0,A,False,True
1164,34.25842460655737,-99.51162181581485,2.074,,0.0,A,False,True
1165,30.512815554196777,-94.96659773985547,21.588,,0.0,A,False,True
1166,29.951942581149126,-93.9732656598205,100.494,,0.0,A,True,True
1167,29.04094316103896,-96.06512297402598,2.31,,0.0,A,False,True
1168,33.63294297689856,-101.46156226394052,7.532,,0.0,A,False,True
1169,33.35263796380881,-96.53920240745319,74.438,,0.0,A,False,True
1170,33.27736242388644,-95.90933641915484,24.516000000000002,,0.0,A,False,True
1171,31.35853452040816,-99.45819840816326,0.588,,0.0,A,False,True
1172,33.51262688882982,-94.16462347823501,63.956,,0.0,A,True,True
1173,29.893813701457148,-97.64165670795886,52.294000000000004,,0.0,A,True,True
1174,31.714058519274374,-96.66429891950114,3.528,,0.0,A,False,True
1175,32.4125640972911,-100.6088316543304,5.242,,0.0,A,False,True
1176,29.216181741935486,-97.55600643514069,2.914,,0.0,A,False,True
1177,33.196261212614445,-99.91247591556461,1.966,,0.0,A,False,True
1178,33.132227839139816,-96.36646135126479,30.598,,0.0,A,False,True
1179,33.06706660703834,-97.65516078067081,26.654,,0.0,A,True,True
1180,32.7538187917253,-96.26915407980735,63.954,,0.0,A,False,True
1181,31.4704669284434,-97.39489118661244,29.012,,0.0,A,False,True
1182,33.368551284649776,-96.02811991249733,9.394,,0.0,A,False,True
1183,30.085301819635664,-94.72047838392291,37.768,,0.0,A,False,True
1184,29.845111413550114,-95.35624326860723,130.272,,0.0,A,False,True
1185,29.35944320580711,-98.15835888232284,46.908,,0.0,A,False,True
1186,29.811545024107662,-94.39785404950263,17.09,,0.0,A,False,True
1187,31.01652455450545,-97.83378356709433,107.714,,0.0,A,False,True
1188,29.351289949498696,-99.57070559413295,5.386,,0.0,A,False,True
1189,33.7581475456382,-96.56548972176309,65.34,,0.0,A,False,True
1190,32.46721264371258,-101.72608140119759,2.004,,0.0,A,True,True
1191,32.86013320415879,-99.58811820604915,1.058,,0.0,A,False,True
1192,31.315643931486335,-96.84527234032197,16.026,,0.0,A,True,True
1193,29.111882003350082,-98.19984798511497,52.536,,0.0,A,False,True
1194,31.859223947488296,-94.46585609452107,15.806000000000001,,0.0,A,False,True
1195,31.98113839378688,-94.28540731950712,11.524000000000001,,0.0,A,False,True
1196,32.93732527371695,-95.23795065071398,28.292,,0.0,A,False,True
1197,31.543900819906565,-102.85617483573269,20.978,,0.0,A,False,True
1198,33.96138089107087,-98.49889080209238,57.542,,0.0,A,False,True
1199,34.47101054026102,-102.91636606402363,8.122,,0.0,A,False,True
1200,26.316327667754436,-97.8130138094364,29.418,,0.0,A,False,True
1201,32.28897186213887,-96.0751443222596,43.406,,0.0,A,False,True
1202,32.80745059110754,-96.80631326926412,126.894,,0.0,A,True,True
1203,30.716461161600574,-97.97363066954689,38.886,,0.0,A,False,True
1204,29.591307083916085,-99.7142314965035,0.5720000000000001,,0.0,A,False,True
1205,29.65802632845753,-95.95651762263795,31.858,,0.0,A,False,True
1206,32.86898737938005,-97.90315914555255,29.68,,0.0,A,False,True
1207,31.341263779656078,-96.54420358845817,6.862,,0.0,A,False,True
1208,31.938285300000004,-98.90660882428571,4.2,,0.0,A,False,True
1209,33.202585824568686,-96.12180266970803,48.224000000000004,,0.0,A,False,True
1210,33.62709284403509,-101.85451541967461,136.582,,0.0,A,False,True
1211,31.813260100145033,-102.48851299415396,133.766,WSI1;WSI10;WSI11;WSI12;WSI13;WSI14;WSI15;WSI2;WSI3;WSI4;WSI5;WSI6;WSI7;WSI8;WSI9;STG2;CTG1,409.4,B,True,True
1212,32.94736815734055,-99.85499496570395,6.648000000000001,,0.0,A,False,True
1213,28.413280081081083,-99.73093172972973,2.22,,0.0,A,False,True
1214,29.945687184445244,-96.48198376774886,5.606,,0.0,A,False,True
1215,32.35742654351555,-94.88674088454941,69.952,,0.0,A,False,True
1216,33.05678661404703,-98.62400200967718,26.454,,0.0,A,False,True
1217,29.064344753038675,-96.46583879392266,10.86,,0.0,A,False,True
1218,32.55013193983166,-94.46404596276481,56.076,WGN1;ST-1,235.0,B,False,True
1219,30.065048009477163,-94.26713176726881,31.444,,0.0,A,False,True
1220,31.228154942096264,-97.05091671927681,8.186,,0.0,A,False,True
1221,29.541073166101217,-95.87126623317279,84.298,,0.0,A,False,True
1222,30.7057981230384,-98.44543006093491,23.96,,0.0,A,False,True
1223,30.996747979396833,-94.8041425531502,13.396,,0.0,A,False,True
1224,32.496028771213886,-95.43858408245887,61.752,,0.0,A,False,True
1225,31.813712782622634,-94.88211041647965,6.238,,0.0,A,False,True
1226,31.074197719777672,-97.24976283151922,34.544000000000004,STG-1,339.2,B,True,True
1227,32.2709084637793,-95.17695975562147,67.42,,0.0,A,False,True
1228,30.25008727257431,-97.16675087324734,10.698,,0.0,A,False,True
1229,36.391915086869695,-100.48029537294059,4.006,,0.0,A,False,True
1230,31.743570662682323,-99.02480351177148,66.092,,0.0,A,False,True
1231,32.217367649835474,-97.7761453814819,17.626,,0.0,A,False,True
1232,35.235788432078344,-101.77311228819862,136.62800000000001,,0.0,A,True,True
1233,30.471020300788886,-95.73409878167352,59.324,,0.0,A,False,True
1234,29.71784026148705,-97.21043276441104,9.576,,0.0,A,False,True
1235,32.66190565011039,-96.53687509460097,105.982,,0.0,A,False,True
1236,32.97902867916304,-102.5764108744551,6.882000000000001,,0.0,A,False,True
1237,32.17181893451327,-96.88625070426387,12.43,,0.0,A,False,True
1238,29.85348103197289,-95.86873757908502,108.592,,0.0,A,True,True
1239,26.104377483496002,-97.34398970245357,59.016,,0.0,A,True,True
1240,33.16785155212752,-95.22449768800618,15.558,,0.0,A,False,True
1241,31.67182204716636,-94.68322098980913,81.83800000000001,,0.0,A,False,True
1242,32.33593511688312,-99.34662118181818,6.93,,0.0,A,False,True
1243,33.59756520085587,-102.02254319897361,124.318,,0.0,A,False,True
1244,31.94470325749572,-95.25444774982694,54.898,,0.0,A,False,True
1245,33.02563663189844,-97.37553611829021,119.266,,0.0,A,False,True
1246,32.899210580716286,-96.37429703110661,134.248,,0.0,A,True,True
1247,31.27194652619009,-100.40021563480434,73.69200000000001,,0.0,A,False,True
1248,32.69488632228312,-94.6386038579067,14.962,,0.0,A,False,True
1249,34.48897790909091,-100.51186864772727,0.352,,0.0,A,False,True
1250,32.65818788725943,-97.56951973759811,93.01,,0.0,A,True,True
1251,29.518973822866457,-95.31048912867826,0.0,STG10;STG11;STG12;STG13;STG14;STG15;STG3;STG4;STG9;STG5;STG6;STG7;STG8;56;43;44;31;32;33;34;CTG3;ST1;GEN6;GEN7;GEN6;GEN7;CHP1;ST;CTG3;CTG3;CTG4;CTG3;CTG4;CTG3;CTG4;CTG6;CTG3;CTG4;SJ-1;SJ-2;83;84;73;74;81;82;ST34;MG202;GT01;RAVC1;RAVC2;RAVC3;RAVC4;RAVC5;RAVC6;RAVC7;RAVC8;GT38;GT45;GT41;GT42;GT43;GT44;CTG3;42;41;41;42;GEN4;SWNY;P1;BCGT4;BCGT5;BCGT6;BCGT2;BCGT3;CTG-9;CTG10;TR2;TR3;H8S;MUN1;MUN2;MUN3;MUN4;IPS1;IPS2;IPS3;IPS4;IPS5;IPS6;IPS7;IPS8;ALVIN;MANGO;H0283;H0281;H0282;GT1A;ST1A;WT1;SMTBC;H2923;H2921;H2922;ANGLE;BRAZ;BESS;TX23;FJSOL;CT1PV;1215;BRZ01;LBSOL;ST1;TR1;CTG-5;CTG-6;CTG-5;CTG-6;CTG-5;CTG-6;CTG-5;CTG-6;CTG-5;CTG-6;CTG-7;CTG-8;CTG-7;CTG-8;CTG-7;CTG-8;SW1;SW2;H0631;H0632;H0633;H0634;SW9;SW1;SW10;SW11;SW12;SW13;SW14;SW15;SW2;SW3;SW4;SW5;SW6;SW7;SW8;H7603;H7601;H7602;H1103;H1101;H1102;GE11;GEN6;MK11;MK12;MK13;MK14;MK15;MK2;MK3;MK4;MK9;MK1;MK10;MK5;MK6;MK7;MK8;GEN4;PRAX3;PRAX1;PRAX2;G-61;G-63;G-65;G-67;65GTG;G84;G83;G81;G82,9253.199999999999,g,True,True
1252,30.073748170488813,-94.05230452555048,0.0,ST3;EP3;EP;EP2;CT2;ST1;CT4;ST1;3N80;2N80;N802;N803;N804;3ST1;ST3;HC1;HC2;H0483;H0481;H0482;TG22;TG32;TG34;ETG;TG33;TG23;TG24;TG43;TG41;TG42;GEN4;GEN5;GEN4;GEN5;GEN4;GEN5;GEN4;GEN5;GEN 5;GEN4;GN42;GN43;GN31;GN32;GN33;GN34;GN44;GN35;GN41;GCG1;GCG2;UN1;UN2;GT1B;BESS;CT4;TG;CT2;CT2;CT3;CT2;CT3;CT2;CT3;CT2;CT3;ST3;ST4;CT3;CT4,5459.5,g,True,True
1253,29.26643031816554,-96.13367675282156,0.0,SEALY;UNIT5;UNIT6;STG9;CT7;CT8;ST1;ST2;CT2A;CT2B;CT1A;CT1B;ST1;ST2;ST1;ST2;ST1;ST2;CT4A;CT4B;ST1;ST2;CT2A;CT2B;CT1A;CT1B;ST2;ST1;FBS;CSBS1;AKS01;GS1;GS1;GS10;BO3;ST1;ST2;TBG1,5459.099999999999,g,True,True
1254,32.20199351883538,-96.58705351672769,0.0,SUNS;PTSDK;TXWHT;FILES;STK4;STK5;STK6;STK2;STK3;H0553;H0551;H0552;VH700;VH600;VH750;BEK1;BEK2;BEK3;BEK4;ENG3;ENG1;ENG2;BTKEL;PSGAH;D1;D2;D1;D2;ST1;LILY;LILYB;ST2;U1;U2;U1;U2;U4;U5;GT-2;STG4;D5;D3;D4;GTG1;GTG2;GTG3;GTG1;GTG2,5393.299999999999,g,True,True
1255,32.88067785062641,-101.23561232129312,0.0,SD;CW;TAH;001;MSCRK;LSPV1;IVORY;SP1;IPJNO;JUNO1;RO1;LWG1;LWG2;CT6;PYRBT;INABT;TSN1;AM-TX;FLUV1;GCWF;DERM;COY;SCW;TX13;CT02;STG,3823.3,g,True,True
1256,31.12058908420325,-96.42249296274055,0.0,GTG01;STG02;TX11;CT4;CT5;CT4;CT5;CTG3;U4;ROSEB;ST1;U6;OG1;OG2,3312.4000000000005,g,True,True
1257,30.34523059016044,-97.50340739613969,0.0,WT1;HTX;ST;CTA;CTB;SH6;SH7;SH1;SH2;SH3;SH4;0003;0001;0002;FIBE1;WT1;NF;5CT1;CT2;WTG;HW001;LIMEW,3146.8,g,True,True
1258,33.178288274546276,-99.30596282243344,0.0,SF1;OCIA7;ASKYS;HWFG1;HCWF;WSPWF;WINER;KC1;KC2;ASKYB;ASWBE;WYOUN;SHAN1;WND2;OLNEY;GTC;GTA;GTB,2903.7,g,True,True
1259,28.561203864078895,-96.71522049584861,0.0,3TBG1;TBG6;TBG4;TBG5;3TBG2;TBG2;TBG3;PC1;PC2;G2101;G2201;VP-1;VP-2;VP2-1;VP2-2;H0921;H0922;H0923;H0924;LOOP;CTZH7;CTZH1;CTZH2;CTZH3;CTZH4;CTZH5;CTZH6;VWWTP;VC-1;VC-2;WT1;BLKJK;TG3;TX2;GEN5;GE10;IGT;WT1;EEA;WT1;WT,2707.5000000000005,g,True,True
1260,33.86350476349614,-99.46742507766612,0.0,BSII;BS3;WTW;EWF;LOC;WTGS;GPI;GPII;GTWND;FOARD;CAMPO;ESCA,2567.3999999999996,g,True,True
1261,26.463729886799534,-97.6143377976529,0.0,WT1;SMTMB;MAD01;IGN01;MV1;MVII;ERAYM;SMTNM;GENE;GENA;GENB;GENC;GEND;SMTSR;SR5;SR6;SR7;SR8;SR9;SR1;SR10;SR11;SR12;SR13;SR14;SR15;SR2;SR3;SR4;WRAYM;SMTEL;RR9;RR1;RR10;RR11;RR12;RR13;RR14;RR15;RR2;RR3;RR4;RR5;RR6;RR7;RR8;SMTAL;H0383;H0381;H0382;NEB1;VAN1;SMTH2;EPC11;EPC12;EPC13;EPC14;EPC15;EPC2;EPC3;EPC4;EPC9;EPC1;EPC10;EPC5;EPC6;EPC7;EPC8;VQ9;VQ1;VQ10;VQ11;VQ12;VQ13;VQ14;VQ15;VQ2;VQ3;VQ4;VQ5;VQ6;VQ7;VQ8;LMAJ;CAM1;PW;LC;SRWI;SMTLF;VC9;VC1;VC10;VC5;VC6;VC7;VC8;VC11;VC12;VC13;VC14;VC15;VC2;VC3;VC4,2469.4,g,True,True
1262,30.989362255415934,-101.74885895257397,0.0,RAN;WM001;WSHAM;WAPPA;HILO;HILO2;EXIS;NWP2;01;01,2216.3,g,True,True
1263,32.066045720911724,-102.72637833751509,0.0,GT-2;ST-4;OBR1B;OBR1A;PHOEB;GE;VESTA;BATT;GS9;GS5;GS6;GS7;GS8;GS11;GS12;GS13;GS14;GS15;GS2;GS3;GS4;WTGS1;PROSP;PROSP;2WPSO;2WPBA;FRA9;FRA1;FRA10;FRA11;FRA12;FRA13;FRA14;FRA15;FRA2;FRA3;FRA4;FRA5;FRA6;FRA7;FRA8;BAK9;BAK1;BAK10;BAK11;BAK12;BAK13;BAK14;BAK15;BAK2;BAK3;BAK4;BAK5;BAK6;BAK7;BAK8;TWD5;TWD6;TWD7;TWD8;TWD9;TWD1;TWD10;TWD11;TWD12;TWD13;TWD14;TWD15;TWD2;TWD3;TWD4,2073.0,g,True,True
1264,34.01061027408824,-101.52570664256615,0.0,GE-P4;GE-P2;GE-P3;HALE1;EXIS;RT661;GRVWI;GVII;BFW;SPII;WEC;CPWF;OSWF,1839.3,g,True,True
1265,31.70906334983089,-101.04176581949334,0.0,WIND;OWF;BRKAT;LCW1;AVTOR;WTGS;STRAE,1618.0,g,True,True
1266,32.07297839889889,-99.62683162671001,0.0,BMP;WTG1;SW3;MESQ;SW4;SW5;MNW,1503.1,g,True,True
1267,31.10098216983696,-102.32241733152175,0.0,BKTH1;RODR1;RODR2;CRN1;CGAP;UCTX;GREA1;PV2;OCIA6;PEARL,1472.0,g,True,True
1268,30.454833340006214,-95.41308759714018,0.0,1A;20A;1C;1A;1B;23001;RCT3;RCT1;RCT2;GEN5;UNT2;SJC1;SJC2,1366.9,g,True,True
1269,36.30327685746689,-101.42876547237871,0.0,GE1.7;JDW6;JDW4;GR01,1366.7,g,True,True
1270,30.710601424061586,-98.82961711191837,0.0,WT1;MVRCK;STG;CT-1;CT-2;BC;JUNCT,1324.5,g,False,True
1271,31.543724498405954,-97.56526960361319,0.0,ST;CGT5;STG6,1171.8000000000002,g,True,True
1272,31.593045686199662,-100.21940664248903,0.0,CVS;GSM01;GS2SF;HSF01;RMBLR;BBS2,1047.8,g,True,True
1273,31.230781651739505,-102.57872303782331,0.0,BA;BA;BA;FLRV1;BA;BAT1;UPT1;TRBT1;BA;FAULK;TOYAH;CDRVL;CYTSP;SDLBK;TX7;HOEFS;SWOO1;LNSTR;RTLSK;GOMEZ;BA;TX8;RODE1,1042.8,g,True,True
1274,31.64853747030357,-98.53008627584691,0.0,BC;KW1;CGWIN;FTWI;WTG1,929.2,g,True,True
1275,33.33378604865464,-97.25486269713726,0.0,671;14;15;655;656;657;658;666;667;16;17;2723;654;WCCWF;BTCOO;NBSLR;NBSTG;DEC3;DEC4;DEC5;DEC6;DEC7;DEC8;DEC9;DEC12;DEC2,813.9,g,False,True
1276,33.811497678018554,-101.81351871052632,0.0,6A;ELK1;E13;E14;E15;E16;E17;E18;E01;E02;E03;E04;E05;E06;E07;E08;E09;E10;E11;E12;ELK2;ELK3,788.8000000000001,g,True,True
1277,31.270001149565218,-95.15113301579707,0.0,ST3;ST6;GTG3;BLUEJ;STG;GEN4,752.0,g,True,True
1278,27.264367519344557,-99.09608321529359,0.0,RELOJ;GEWTG;WJ21,659.1,g,True,True
1279,27.68263064528,-97.4989134456,0.0,MIDWY;PAT1;CHA1,625.0,g,True,True
1280,31.881062906478324,-106.29064699805161,0.0,5CA1;5CT2;GT-4;GT-2;GT-3,615.9000000000001,g,True,True
1281,28.692812208144797,-97.86981180945202,0.0,GT1A;STG;GT1B;STG,608.8,g,False,True
1282,34.96120550442176,-102.26978915272109,0.0,JRWND;PWR;CBRKS,588.0,g,True,True
1283,33.50996876908023,-95.59317184700231,0.0,BTCON;TXIM1;EIFEL,562.1,g,True,True
1284,31.148607773279352,-103.3210775708502,0.0,WOTP1;TAYG2;BRLA;ROSEK,494.0,g,True,True
1285,27.256150472600073,-98.5326053124757,0.0,STG;ENG09;ENG10;ENG11;ENG12;ENG01;ENG02;ENG03;ENG04;ENG05;ENG06;ENG07;ENG08,491.4,g,False,True
1286,26.597923333333334,-98.85112833333334,0.0,WTG;MES;WT,453.6,g,True,True
1287,31.708585906976747,-104.45150362790697,0.0,IPTTN;IPAGN,447.2,g,True,True
1288,28.98552694357077,-99.27009343663276,0.0,OCIA5;ELARA;HRZNS,432.4,g,True,True
1289,31.84809324869656,-100.41613472158498,0.0,620;621;622;GN410;GT-3;ST-5,405.8,g,True,True
1290,30.998647,-97.259017,0.0,FWSOL,355.4,g,False,True
1291,31.5481,-99.1872,0.0,IPRAD,320.0,g,True,True
1292,28.621959,-97.937625,0.0,HEL,268.2,g,True,True
1293,35.69570000000001,-101.36,0.0,UNT1;UNT2B,243.9,g,False,True
1294,34.380532,-100.099625,0.0,77777,240.0,g,False,True
1295,28.413611664859985,-99.73248867253837,0.0,785;H0951;H0952;H0953;H0954;CATER;HOLCO,221.4,g,False,True
1296,27.62452823809524,-99.23816866666668,0.0,20;KOV4A,210.0,g,False,True
1297,33.004305,-96.075913,0.0,SPUT,190.0,g,True,True
1298,28.927499999999988,-99.0919,0.0,9A;10A;11A;2A;3A;4A;6A;7A;8A;12A;13A;14A;15A;16A;17A;18A;19A;21A;22A;23A;24A,176.40000000000003,g,False,True
1299,31.755599183197198,-97.9205828471412,0.0,375;DILEO,171.4,g,False,True
1300,35.4178831536643,-101.57637288652482,0.0,WND1;LP2;WND1,139.1,g,False,True
1301,29.234722,-100.209167,0.0,ANA,99.8,g,False,True
1302,27.899227071298004,-97.44081804021938,0.0,GEN5;H0573;H0571;H0572;H0691;H0692;H0693;H0694;FR6;HCCB1;HCCB2;HCCB3;HCCB4;HCCB5;HCCB6;HCCB7;HCCB8,97.2,g,False,True
1303,32.308524,-99.164198,0.0,BA,71.5,g,False,True
1304,26.669439509054325,-99.0661723661972,0.0,SMTR1;SMTR2;LOPE;ZPT1;ZPT2,49.7,g,False,True
1305,34.299,-99.399,0.0,WBSS,30.0,g,False,True
1306,29.123202424657535,-97.9117368127854,0.0,CS;NIAGS;FLPS1;FLPS2;FLPS6;FLPS7;FLPS3;FLPS4;FLPS5,21.9,g,False,True
1307,28.678934999999996,-100.463708,0.0,PBL1;PBL2,19.8,g,False,True
1308,31.94160588888889,-106.38114266666668,0.0,NEW1;IMPV1,13.5,g,False,True
1309,27.8175,-97.4814,0.0,PRU,12.0,g,False,True
1310,26.88913,-98.233324,0.0,12001,10.0,g,False,True
1311,31.821423,-104.045071,0.0,SCRWB,9.9,g,False,True
1312,33.695594,-101.970718,0.0,S-1,4.4,g,False,True
