bus_id,sub_name,lat,lng,mw_load,target_gen_mw,assigned_gen_mw,shortfall_mw,num_generators,generator_ids,generator_capacities
941,Sub_941,32.28020344827586,-98.19735175862068,61.712,106.73941588530751,153.3,0.0,2,BWIND;1,100.5;52.8
546,Sub_546,30.505414,-97.647284,127.322,112.67146450203008,115.3,0.0,13,H5911;H5912;H5913;H5914;GEN1;GEN2;GEN3;GEN1;GEN2;GEN3;PV;1;TX12,0.4;0.4;0.4;0.4;0.4;0.4;0.4;0.4;0.4;0.4;1.4;9.9;100.0
1043,Sub_1043,32.083366776992285,-96.53266688962081,62.24,127.50986315601634,127.80000000000001,0.0,3,TXBC1;GEN1;GEN2,127.0;0.4;0.4
880,Sub_880,29.996444997054038,-95.38599189582504,110.66,164.21860467917557,240.0,0.0,29,GEN1;GEN2;GEN3;GEN1;GEN2;GEN3;CUT1;CUT10;CUT11;CUT12;CUT13;CUT14;CUT15;CUT2;CUT3;CUT4;CUT5;CUT6;CUT7;CUT8;CUT9;GEN1;GEN2;GEN3;GE N3;GEN1;GEN2;3;4,0.4;0.4;0.4;0.4;0.4;0.4;0.6;0.6;0.6;0.6;0.6;0.6;0.6;0.6;0.6;0.6;0.6;0.6;0.6;0.6;0.6;0.4;0.4;0.4;0.4;0.4;0.4;113.1;113.1
74,Sub_74,32.688692,-94.871843,20.786,9.231618441715964,173.0,0.0,2,SOLAR;GEN1,3.0;170.0
1226,Sub_1226,31.074197719777672,-97.24976283151922,34.544000000000004,89.43200152731424,339.2,0.0,1,STG-1,339.2
930,Sub_930,29.346775372900108,-98.87460876048686,19.882,33.51838867054527,89.0,0.0,13,H0851;H0852;H0853;H0854;UNIT1;UNIT2;UNIT3;UNIT4;1;2;BA1;PV1;CGT1,0.4;0.4;0.4;0.4;1.1;1.1;1.1;1.1;5.6;5.0;10.0;5.0;57.4
954,Sub_954,31.92552062274713,-102.33396740730628,131.832,233.61091972562613,244.5,0.0,20,GEN1;GEN2;GEN3;ODSA;NMF1;NMF10;NMF11;NMF12;NMF13;NMF14;NMF15;NMF2;NMF3;NMF4;NMF5;NMF6;NMF7;NMF8;NMF9;STG1,0.4;0.4;0.4;9.9;0.6;0.6;0.6;0.6;0.6;0.6;0.6;0.6;0.6;0.6;0.6;0.6;0.6;0.6;0.6;224.4
152,Sub_152,32.691147,-97.262625,104.558,49.69822443003564,456.2,0.0,4,GEN1;GEN2;GEN3;4,0.4;0.4;0.4;455.0
554,Sub_554,30.206851,-97.797381,126.574,114.61732755559453,128.1,0.0,5,1;2;GEN8;GEN10;GEN9,9.0;9.0;48.5;34.4;27.2
480,Sub_480,27.836017,-98.628776,5.39,4.162606470117589,300.0,0.0,1,TWE,300.0
1151,Sub_1151,30.365756404970067,-95.52070011760277,108.892,255.6697424438514,271.4,0.0,1,1,271.4
850,Sub_850,32.65581185444945,-97.33251635581868,101.518,135.36385334307627,459.9,0.0,11,HY1;GEN1;GEN2;GEN3;CLFK1;CLFK2;CLFK3;GEN1;GEN2;GEN3;5,1.3;0.4;0.4;0.4;0.4;0.4;0.4;0.4;0.4;0.4;455.0
994,Sub_994,30.31168644475299,-97.62718918345833,120.278,229.3682880917672,419.4,0.0,12,GT1;GT2;GT3;GT4;GEN1;GEN2;GEN3;PFPKB;KBESS;CT1;C02;5A,51.5;51.5;51.5;51.5;1.6;1.6;1.6;2.6;1.5;4.6;1.9;198.0
548,Sub_548,29.880162,-97.966164,163.68800000000002,146.17295947807162,252.8,0.0,1,U3,252.8
331,Sub_331,29.994499,-95.177499,127.544,73.91670467115522,122.2,0.0,5,GEN1;GEN2;GEN3;CH1;CH2,0.4;0.4;0.4;60.5;60.5
802,Sub_802,32.70907998184219,-96.84892448299767,109.044,121.62238558034853,580.5,0.0,1,8,580.5
34,Sub_34,32.32695,-96.589539,57.802,24.15902193354693,285.0,0.0,1,GT1,285.0
998,Sub_998,29.3974718116057,-98.37845502850877,128.592,247.62288044723675,471.7,0.0,20,SAD10;SAD11;SAD12;SAD13;SAD14;SAD15;SAD16;SADC1;SADC2;SADC3;SADC4;SADC5;SADC6;SADC7;SADC8;SADC9;1;1;CPS1;1,0.4;0.4;0.4;0.4;0.4;0.4;0.4;0.4;0.4;0.4;0.4;0.4;0.4;0.4;0.4;0.4;4.4;13.9;1.0;446.0
844,Sub_844,29.414685911067274,-98.57096301217842,99.35600000000001,129.28744198432403,172.2,0.0,3,CGT2;CGT3;CGT4,57.4;57.4;57.4
928,Sub_928,30.053825445927494,-93.8600584915429,71.774,120.26501591369248,591.6,0.0,1,4,591.6
466,Sub_466,29.474147,-98.348083,67.976,50.81576484118586,969.3,0.0,4,1;OCIA3;570;2,39.6;5.5;1.7;922.5
1218,Sub_1218,32.55013193983166,-94.46404596276481,56.076,143.75406568392276,235.0,0.0,2,WGN1;ST-1,5.0;230.0
1095,Sub_1095,31.460704457595142,-97.12303712160217,125.08,274.5671273775486,1018.6,0.0,16,1080;AB1;AB10;AB11;AB12;AB13;AB14;AB2;AB3;AB4;AB5;AB6;AB7;AB8;AB9;S01,5.0;0.4;0.4;0.4;0.4;0.4;0.4;0.4;0.4;0.4;0.4;0.4;0.4;0.4;0.4;1008.0
948,Sub_948,29.366265996865803,-98.54601213464245,125.072,218.2533547259705,260.7,0.0,4,1;1;1;3,40.7;10.0;10.0;200.0
311,Sub_311,29.751562,-95.615374,123.816,67.2269365219618,169.39999999999992,0.0,105,1;GEN1;GEN2;GEN3;NFB1;NFB2;NFB3;NFB4;NFB5;NFB6;H1091;H1092;H1093;GEN1;GEN2;GEN3;GEN1;GEN2;GEN3;GEN1;GEN2;GEN3;CLA1;CLA10;CLA11;CLA12;CLA13;CLA14;CLA15;CLA2;CLA3;CLA4;CLA5;CLA6;CLA7;CLA8;CLA9;HDC10;HDC11;HDC12;HDC13;HDC14;HDC15;HDC16;HDC17;HDC18;HDC19;HDC20;HDC21;HDC22;HDC23;HDC24;HDC25;HDC26;HDC27;HDC28;HDC29;HDC30;HDC31;HDC32;HHDC1;HHDC2;HHDC3;HHDC4;HHDC5;HHDC6;HHDC7;HHDC8;HHDC9;HSNP1;HSNP2;HSNP3;HSNP4;GEN1;GEN2;GEN3;GEN1;GEN2;GEN3;H7761;H7762;H7763;GEN1;GEN2;GEN3;GEN1;GEN2;GEN3;GEN1;GEN2;GEN3;GEN1;GEN2;GEN3;B0401;B0402;B0403;B0404;GEN1;GEN2;GEN3;GEN1;GEN2;GEN3;GT-1,3.7;0.4;0.4;0.4;0.4;0.4;0.4;0.4;0.4;0.4;0.4;0.4;0.4;0.4;0.4;0.4;0.4;0.4;0.4;0.4;0.4;0.4;0.6;0.6;0.6;0.6;0.6;0.6;0.6;0.6;0.6;0.6;0.6;0.6;0.6;0.6;0.6;0.4;0.4;0.4;0.4;0.4;0.4;0.4;0.4;0.4;0.4;0.4;0.4;0.4;0.4;0.4;0.4;0.4;0.4;0.4;0.4;0.4;0.4;0.4;0.4;0.4;0.4;0.4;0.4;0.4;0.4;0.4;0.4;0.4;0.4;0.4;0.4;0.4;0.4;0.4;0.4;0.4;0.4;0.4;0.4;0.4;0.4;0.4;0.4;0.4;0.4;0.4;0.4;0.4;0.4;0.4;0.4;0.4;0.4;0.4;0.4;0.4;0.4;0.4;0.4;0.4;0.4;0.4;121.5
611,Sub_611,34.914806,-102.554528,37.412,35.00299103659058,230.4,0.0,1,MAR1,230.4
22,Sub_22,33.172654,-96.9517,139.312,55.94245391153451,80.4,0.0,8,GEN1;H7891;H7892;H7893;CSS1;1;TOYHQ;5,1.3;0.4;0.4;0.4;2.0;2.8;7.7;65.4
213,Sub_213,31.051469,-97.500003,84.324,42.23484140591714,347.59999999999997,0.0,22,GEN1;GEN2;GEN3;GEN1;GEN2;GEN3;H1821;H1822;H1823;HTE10;HTE11;HTE12;HTEM1;HTEM2;HTEM3;HTEM4;HTEM5;HTEM6;HTEM7;HTEM8;HTEM9;STG-2,0.4;0.4;0.4;0.4;0.4;0.4;0.4;0.4;0.4;0.4;0.4;0.4;0.4;0.4;0.4;0.4;0.4;0.4;0.4;0.4;0.4;339.2
873,Sub_873,29.76948097342341,-95.24315996428038,93.842,135.3292128401297,285.0,0.0,1,ST-1,285.0
914,Sub_914,30.210586796520573,-95.6496568343928,89.67,146.30018561875653,281.0,0.0,25,H7671;H7672;H7673;GEN1;GEN2;GEN3;H5941;H5942;H5943;GEN1;GEN2;GEN3;GEN1;GEN2;GEN3;H0991;H0992;H0993;H0201;H0202;H0203;GEN1;GEN2;GEN3;2,0.4;0.4;0.4;0.4;0.4;0.4;0.4;0.4;0.4;0.4;0.4;0.4;0.4;0.4;0.4;0.4;0.4;0.4;0.4;0.4;0.4;0.4;0.4;0.4;271.4
1211,Sub_1211,31.813260100145033,-102.48851299415396,133.766,340.737187727892,409.4,0.0,17,WSI1;WSI10;WSI11;WSI12;WSI13;WSI14;WSI15;WSI2;WSI3;WSI4;WSI5;WSI6;WSI7;WSI8;WSI9;STG2;CTG1,0.6;0.6;0.6;0.6;0.6;0.6;0.6;0.6;0.6;0.6;0.6;0.6;0.6;0.6;0.6;224.4;176.0
433,Sub_433,27.368619,-99.347342,143.452,101.25592276766939,150.0,0.0,1,1,150.0
476,Sub_476,27.634419,-98.496692,4.636,3.5778831890112466,150.0,0.0,1,1,150.0
630,Sub_630,36.276881,-101.996725,4.042,3.8032320379466116,10.0,0.0,1,JDW5,10.0
309,Sub_309,29.699688,-95.584817,130.03,69.87499858548802,121.0,0.0,2,CTG-1;CTG-2,60.5;60.5
153,Sub_153,32.881821,-97.345943,94.754,45.20135526380725,101.2,0.0,4,GEN1;GEN2;GEN3;CHS01,0.4;0.4;0.4;100.0
686,Sub_686,32.689865,-102.724434,33.52,31.930195454954386,100.0,0.0,1,LAP,100.0
865,Sub_865,34.93777477429984,-101.91605343657332,46.132,26.717680852666618,166.5,0.0,3,UT-1;MT-1;ASTRA,3.4;0.1;163.0
1005,Sub_1005,30.68016886450153,-96.41003877771861,90.156,126.6173432141082,136.59999999999997,0.0,26,7;TAM10;TAM11;TAM12;TAM13;TAM14;TAM15;TAM16;TAM17;TAM18;TAM19;TAM20;TAM21;TAM22;TAM23;TAM24;TAMU1;TAMU2;TAMU3;TAMU4;TAMU5;TAMU6;TAMU7;TAMU8;TAMU9;1,22.0;0.4;0.4;0.4;0.4;0.4;0.4;0.4;0.4;0.4;0.4;0.4;0.4;0.4;0.4;0.4;0.4;0.4;0.4;0.4;0.4;0.4;0.4;0.4;0.4;105.0
882,Sub_882,29.587331385583095,-98.49632568439426,127.184,112.16137635623457,211.8,0.0,2,RANCH;STG1,9.9;201.9
405,Sub_405,29.097035,-97.282413,22.094,42.97688747322987,49.2,0.0,1,7,49.2
975,Sub_975,32.40252906618221,-99.80071019391596,115.318,172.12547791089827,202.4,0.0,7,H0701;H0702;H0703;GEN1;GEN2;GEN3;1,0.4;0.4;0.4;0.4;0.4;0.4;200.0
502,Sub_502,25.943923,-97.317944,179.258,123.16924579532188,137.2,0.0,6,GEN1;GEN2;GEN3;10;9;6,0.4;0.4;0.4;61.0;50.0;25.0
370,Sub_370,29.688455,-95.05738,75.398,146.54028187314927,176.4,0.0,2,1;2,88.2;88.2
158,Sub_158,33.114714,-97.173909,58.480000000000004,107.57771648705095,117.5,0.0,4,4;DEC1;DEC10;DEC11,61.1;18.8;18.8;18.8
314,Sub_314,29.694401,-95.649565,156.48,124.94641486931775,133.4,0.0,33,FLD10;FLD11;FLD12;FLD13;FLD14;FLD15;FLD16;FLD17;FLD18;FLD19;FLD20;FLD21;FLD22;FLD23;FLD24;FLD25;FLD26;FLD27;FLD28;FLID1;FLID2;FLID3;FLID4;FLID5;FLID6;FLID7;FLID8;FLID9;GEN1;GEN2;GEN3;CTG-3;CTG-4,0.4;0.4;0.4;0.4;0.4;0.4;0.4;0.4;0.4;0.4;0.4;0.4;0.4;0.4;0.4;0.4;0.4;0.4;0.4;0.4;0.4;0.4;0.4;0.4;0.4;0.4;0.4;0.4;0.4;0.4;0.4;60.5;60.5
4,Sub_4,33.114327,-96.693964,85.912,56.25977053588297,166.5,0.0,19,H7961;H7962;H7963;GEN1;H7941;H7942;H7943;GEN1;GEN2;GEN3;GEN1;H7901;H7902;H7903;GEN1;GEN1;GEN2;GEN3;3,0.4;0.4;0.4;1.3;0.4;0.4;0.4;0.4;0.4;0.4;1.3;0.4;0.4;0.4;1.3;0.4;0.4;0.4;156.6
955,Sub_955,32.25335096767001,-96.71674659977704,1.794,2.5842588927299146,134.7,0.0,1,TXEB1,134.7
862,Sub_862,29.922672669968144,-95.39617462754312,126.812,61.69547823788925,86.2,0.0,4,GEN1;GEN2;GEN3;51,0.4;0.4;0.4;85.0
885,Sub_885,32.598824944058336,-96.97019609834065,134.39000000000001,73.74125600222985,139.6,0.0,10,GEN1;GEN2;GEN3;GEN1;GEN2;GEN3;GEN1;GEN2;GEN3;7,0.4;0.4;0.4;0.4;0.4;0.4;0.4;0.4;0.4;136.0
951,Sub_951,29.472134456662516,-95.02072078166971,125.388,46.81190118135164,81.10000000000001,0.0,2,DIKN;BCGT1,9.9;71.2
568,Sub_568,29.729903,-100.881337,95.986,170.38338478385177,182.3,0.0,2,RKSP;1,149.3;33.0
811,Sub_811,30.47444836179815,-97.75456993272695,114.34,158.9958623649831,252.0,0.0,4,1;2;3;PSF,36.0;36.0;36.0;144.0
142,Sub_142,32.532677,-97.306547,144.986,218.53975504850516,283.79999999999995,0.0,5,GEN1;GEN2;GEN3;GT-1;ST-1,0.4;0.4;0.4;178.2;104.4
864,Sub_864,32.804089598338685,-97.0903382958232,127.61,223.7292912479376,420.2,0.0,13,PV1;TG1;TG2;GEN1;GEN2;GEN3;GEN1;GEN2;GEN3;GEN1;GEN2;GEN3;3,1.2;5.3;5.3;0.4;0.4;0.4;0.4;0.4;0.4;0.4;0.4;0.4;404.8
642,Sub_642,35.109084,-102.017887,37.02,34.09974336206604,161.0,0.0,1,GEN1,161.0
809,Sub_809,30.34985465033519,-97.75074172645849,108.298,124.25912196777404,191.8,0.0,2,PV1;5C,1.8;190.0
934,Sub_934,32.77600108161734,-96.61190668044154,127.914,62.23715442085971,533.4,0.0,7,GEN1;GEN2;GEN3;GEN1;GEN2;GEN3;2,0.4;0.4;0.4;0.4;0.4;0.4;531.0
845,Sub_845,31.84287035965285,-106.46472700750195,122.36800000000001,56.60475798758078,105.7,0.0,7,DEPIC;9541;9542;3001;3002;3003;1,2.0;2.1;2.1;4.2;4.2;4.2;86.9
805,Sub_805,29.63032654760441,-95.19112090796159,123.644,173.1593713848713,229.7,0.0,24,GEN1;GEN2;GEN3;GEN1;GEN2;GEN3;H0541;H0542;H0543;GEN1;GEN2;GEN3;GEN1;GEN2;GEN3;H7691;H7692;H7693;TG2;GEN1;GEN2;GEN3;GEN1;CTG2,0.4;0.4;0.4;0.4;0.4;0.4;0.4;0.4;0.4;0.4;0.4;0.4;0.4;0.4;0.4;0.4;0.4;0.4;35.0;0.4;0.4;0.4;1.3;185.0
385,Sub_385,30.797736,-96.312084,24.496000000000002,23.1200972752329,49.1,0.0,1,2,49.1
15,Sub_15,32.664684,-97.029478,188.12,214.3375845635026,216.89999999999998,0.0,5,GEN1;GEN2;GEN3;6;GER01,0.4;0.4;0.4;135.7;80.0
537,Sub_537,30.560604,-97.54626,74.596,126.73326488658354,130.0,0.0,3,TX19;TX21;AES1,50.0;50.0;30.0
321,Sub_321,29.909513,-95.651476,147.912,193.65033624804656,255.0,0.0,3,52;53;54,85.0;85.0;85.0
512,Sub_512,26.296191,-98.299959,82.672,92.02311291749628,279.6,0.0,25,GEN1;GEN2;GEN3;CC1;CC10;CC11;CC12;CC13;CC14;CC15;CC2;CC3;CC4;CC5;CC6;CC7;CC8;CC9;GEN1;GEN2;GEN3;GEN1;GEN2;GEN3;CTG1,0.4;0.4;0.4;0.6;0.6;0.6;0.6;0.6;0.6;0.6;0.6;0.6;0.6;0.6;0.6;0.6;0.6;0.6;0.4;0.4;0.4;0.4;0.4;0.4;267.0
1045,Sub_1045,32.41882858466378,-97.16416408297152,58.502,65.856311036439,289.0,0.0,1,STK1,289.0
337,Sub_337,30.094665,-95.586187,120.23,81.23179796871295,85.0,0.0,1,55,85.0
